> Task :checkKotlinGradlePluginConfigurationErrors SKIPPED
> Task :processResources
> Task :processTestResources

> Task :compileKotlin
w: file:///home/thiago/Documents/projects/trama-typed-json/app/main/kotlin/run/trama/telemetry/Tracing.kt:36:31 'class ResourceAttributes : Any' is deprecated. Deprecated in Java.

> Task :compileJava
> Task :classes
> Task :jar

> Task :compileTestKotlin
w: file:///home/thiago/Documents/projects/trama-typed-json/app/test/kotlin/io/trama/saga/workflow/WorkflowExecutorBehaviorTest.kt:176:55 No cast needed.

> Task :compileTestJava NO-SOURCE
> Task :testClasses
{"@timestamp":"2026-10-09T11:14:35.584124406-03:00","@version":"1","message":"Application started in 2.6 seconds.","logger_name":"io.ktor.test","thread_name":"DefaultDispatcher-worker-2 @call-context#3","level":"INFO","level_value":20000}
{"@timestamp":"2026-10-09T11:14:35.58575636-03:00","@version":"1","message":"Responding at http://localhost:80","logger_name":"io.ktor.test","thread_name":"DefaultDispatcher-worker-3 @coroutine#71","level":"INFO","level_value":20000}
{"@timestamp":"2026-10-09T11:14:35.585973816-03:00","@version":"1","message":"Responding at https://localhost:443","logger_name":"io.ktor.test","thread_name":"DefaultDispatcher-worker-3 @coroutine#71","level":"INFO","level_value":20000}
{"@timestamp":"2026-10-09T11:14:35.641355305-03:00","@version":"1","message":"200 OK GET /healthz","logger_name":"io.ktor.test","thread_name":"DefaultDispatcher-worker-2 @request#3","level":"INFO","level_value":20000,"traceId":"00000000000000000000000000000000","spanId":"0000000000000000"}
{"@timestamp":"2026-10-09T11:14:35.674388276-03:00","@version":"1","message":"200 OK GET /readyz","logger_name":"io.ktor.test","thread_name":"DefaultDispatcher-worker-3 @request#78","level":"INFO","level_value":20000,"traceId":"00000000000000000000000000000000","spanId":"0000000000000000"}
{"@timestamp":"2026-10-09T11:14:35.684210819-03:00","@version":"1","message":"saga-db-pool - Shutdown initiated...","logger_name":"com.zaxxer.hikari.HikariDataSource","thread_name":"DefaultDispatcher-worker-2","level":"INFO","level_value":20000}
{"@timestamp":"2026-10-09T11:14:35.685667136-03:00","@version":"1","message":"saga-db-pool - Shutdown completed.","logger_name":"com.zaxxer.hikari.HikariDataSource","thread_name":"DefaultDispatcher-worker-2","level":"INFO","level_value":20000}
{"@timestamp":"2026-10-09T11:14:35.836669278-03:00","@version":"1","message":"Application started in 0.131 seconds.","logger_name":"io.ktor.test","thread_name":"DefaultDispatcher-worker-6 @call-context#86","level":"INFO","level_value":20000}
{"@timestamp":"2026-10-09T11:14:35.837027397-03:00","@version":"1","message":"Responding at http://localhost:80","logger_name":"io.ktor.test","thread_name":"DefaultDispatcher-worker-2 @coroutine#154","level":"INFO","level_value":20000}
{"@timestamp":"2026-10-09T11:14:35.837162278-03:00","@version":"1","message":"Responding at https://localhost:443","logger_name":"io.ktor.test","thread_name":"DefaultDispatcher-worker-2 @coroutine#154","level":"INFO","level_value":20000}
{"@timestamp":"2026-10-09T11:14:35.919396009-03:00","@version":"1","message":"200 OK POST /workflows/run","logger_name":"io.ktor.test","thread_name":"DefaultDispatcher-worker-5 @request#86","level":"INFO","level_value":20000,"traceId":"00000000000000000000000000000000","spanId":"0000000000000000"}
{"@timestamp":"2026-10-09T11:14:35.929718825-03:00","@version":"1","message":"saga-db-pool - Starting...","logger_name":"com.zaxxer.hikari.HikariDataSource","thread_name":"DefaultDispatcher-worker-6 @coroutine#161","level":"INFO","level_value":20000}
{"@timestamp":"2026-10-09T11:14:35.935651723-03:00","@version":"1","message":"saga-db-pool - Added connection org.postgresql.jdbc.PgConnection@5774fea1","logger_name":"com.zaxxer.hikari.pool.HikariPool","thread_name":"DefaultDispatcher-worker-6 @coroutine#161","level":"INFO","level_value":20000}
{"@timestamp":"2026-10-09T11:14:35.938137239-03:00","@version":"1","message":"saga-db-pool - Start completed.","logger_name":"com.zaxxer.hikari.HikariDataSource","thread_name":"DefaultDispatcher-worker-6 @coroutine#161","level":"INFO","level_value":20000}

UPDATE SUMMARY
Run:                          2
Previously run:               9
Filtered out:                 0
-------------------------------
Total change sets:           11

{"@timestamp":"2026-10-09T11:14:36.41985703-03:00","@version":"1","message":"\n                                      \n@@@@@@@@@@@@@@@@@@@@@@@@@@@@@@@@@@@@@@\n@@@@@@@@@@@@@@@@@@@@@@@@@@@@@@@@@@@@@@\n@@@@@@@@@@@@@@@@  @@        @@@@@@@@@@\n@@@@@@@@@@@@@@@@@@@@        @@@@@@@@@@\n@@@@@@@@@@@@@@@@  @@  @@    @@@@@@@@@@\n@@@@@@@@@@  @@@@  @@  @@    @@@@@@@@@@\n@@@@@@@@@@        @@        @@@@@@@@@@\n@@@@@@@@@@@@@@@@@@@@@@@@@@@@@@@@@@@@@@\n@@@@@@@@@@@@@@@@@@@@@@@@@@@@@@@@@@@@@@\n@@@@@@@@@@        @@        @@@@@@@@@@\n@@@@@@@@@@    @@  @@  @@@@  @@@@@@@@@@\n@@@@@@@@@@    @@  @@  @@@@  @@@@@@@@@@\n@@@@@@@@@@        @@  @  @  @@@@@@@@@@\n@@@@@@@@@@        @@        @@@@@@@@@@\n@@@@@@@@@@@@@@@@@@@@@@@  @@@@@@@@@@@@@\n@@@@@@@@@@@@@@@@@@@@@@@@@@@@@@@@@@@@@@\n@@@@@@@@@@@@@@@@@@@@@@@@@@@@@@@@@@@@@@  Thank you for using jOOQ 3.21.7 (Build date: 2026-08-04T10:18:47Z)\n                                      ","logger_name":"org.jooq.Constants","thread_name":"DefaultDispatcher-worker-5 @coroutine#161","level":"INFO","level_value":20000}
{"@timestamp":"2026-10-09T11:14:36.420686377-03:00","@version":"1","message":"\n\njOOQ tip of the day: Thinking of building a query with jOOQ and executing it elsewhere? Think again: https://blog.jooq.org/why-you-should-execute-jooq-queries-with-jooq/\n","logger_name":"org.jooq.Constants","thread_name":"DefaultDispatcher-worker-5 @coroutine#161","level":"INFO","level_value":20000}
{"@timestamp":"2026-10-09T11:14:36.45150166-03:00","@version":"1","message":"Version mismatch         : Database version is older than what dialect SQLDialect.POSTGRES supports: 15.19. Consider https://www.jooq.org/download/support-matrix to see what jOOQ version and edition supports which RDBMS versions.","logger_name":"org.jooq.impl.DefaultExecuteContext.logVersionSupport","thread_name":"DefaultDispatcher-worker-5 @coroutine#161","level":"WARN","level_value":30000}
{"@timestamp":"2026-10-09T11:14:36.480301775-03:00","@version":"1","message":"saga-db-pool - Shutdown initiated...","logger_name":"com.zaxxer.hikari.HikariDataSource","thread_name":"DefaultDispatcher-worker-6","level":"INFO","level_value":20000}
{"@timestamp":"2026-10-09T11:14:36.480940376-03:00","@version":"1","message":"saga-db-pool - Shutdown completed.","logger_name":"com.zaxxer.hikari.HikariDataSource","thread_name":"DefaultDispatcher-worker-6","level":"INFO","level_value":20000}
{"@timestamp":"2026-10-09T11:14:37.231763308-03:00","@version":"1","message":"Application started in 0.128 seconds.","logger_name":"io.ktor.test","thread_name":"DefaultDispatcher-worker-6 @call-context#694","level":"INFO","level_value":20000}
{"@timestamp":"2026-10-09T11:14:37.232024735-03:00","@version":"1","message":"Responding at http://localhost:80","logger_name":"io.ktor.test","thread_name":"DefaultDispatcher-worker-7 @coroutine#779","level":"INFO","level_value":20000}
{"@timestamp":"2026-10-09T11:14:37.232195754-03:00","@version":"1","message":"Responding at https://localhost:443","logger_name":"io.ktor.test","thread_name":"DefaultDispatcher-worker-7 @coroutine#779","level":"INFO","level_value":20000}
{"@timestamp":"2026-10-09T11:14:37.251446575-03:00","@version":"1","message":"200 OK POST /workflows/run","logger_name":"io.ktor.test","thread_name":"DefaultDispatcher-worker-6 @request#694","level":"INFO","level_value":20000,"traceId":"00000000000000000000000000000000","spanId":"0000000000000000"}
{"@timestamp":"2026-10-09T11:14:37.265406607-03:00","@version":"1","message":"200 OK GET /workflows/48ac59f5-deca-4da5-bbc2-1318ecdac6c7","logger_name":"io.ktor.test","thread_name":"DefaultDispatcher-worker-8 @request#786","level":"INFO","level_value":20000,"traceId":"00000000000000000000000000000000","spanId":"0000000000000000"}
{"@timestamp":"2026-10-09T11:14:37.321937531-03:00","@version":"1","message":"node failed","logger_name":"run.trama.saga.workflow.TaskNodeHandler","thread_name":"DefaultDispatcher-worker-9 @coroutine#768","level":"WARN","level_value":30000,"traceId":"00000000000000000000000000000000","spanId":"0000000000000000","sagaId":"b9d084ae-cd87-4472-b841-506e386b5c69","nodeId":"t1","phase":"UP","error":"Failed to connect to localhost/[0:0:0:0:0:0:0:1]:1"}
{"@timestamp":"2026-10-09T11:14:37.327909161-03:00","@version":"1","message":"compensation scheduled","logger_name":"run.trama.saga.workflow.WorkflowExecutor","thread_name":"DefaultDispatcher-worker-8 @coroutine#768","level":"INFO","level_value":20000,"traceId":"00000000000000000000000000000000","spanId":"0000000000000000","sagaId":"b9d084ae-cd87-4472-b841-506e386b5c69","failedNodeId":"t1"}
{"@timestamp":"2026-10-09T11:14:37.43134375-03:00","@version":"1","message":"saga finished","logger_name":"run.trama.saga.workflow.WorkflowExecutor","thread_name":"DefaultDispatcher-worker-9 @coroutine#768","level":"INFO","level_value":20000,"traceId":"00000000000000000000000000000000","spanId":"0000000000000000","sagaId":"b9d084ae-cd87-4472-b841-506e386b5c69","sagaName":"api-only-e9362786-099e-41b8-b3b8-53c8a7a85ec8","status":"FAILED","durationMs":1547}
{"@timestamp":"2026-10-09T11:14:37.445619149-03:00","@version":"1","message":"saga finished","logger_name":"run.trama.saga.workflow.WorkflowExecutor","thread_name":"DefaultDispatcher-worker-9 @coroutine#769","level":"INFO","level_value":20000,"traceId":"00000000000000000000000000000000","spanId":"0000000000000000","sagaId":"48ac59f5-deca-4da5-bbc2-1318ecdac6c7","sagaName":"tmpl-707f68a4","status":"SUCCEEDED","durationMs":210}
{"@timestamp":"2026-10-09T11:14:37.471255251-03:00","@version":"1","message":"200 OK GET /workflows/48ac59f5-deca-4da5-bbc2-1318ecdac6c7","logger_name":"io.ktor.test","thread_name":"DefaultDispatcher-worker-9 @request#798","level":"INFO","level_value":20000,"traceId":"00000000000000000000000000000000","spanId":"0000000000000000"}
{"@timestamp":"2026-10-09T11:14:37.525755668-03:00","@version":"1","message":"saga-db-pool - Shutdown initiated...","logger_name":"com.zaxxer.hikari.HikariDataSource","thread_name":"DefaultDispatcher-worker-7","level":"INFO","level_value":20000}
{"@timestamp":"2026-10-09T11:14:37.526618036-03:00","@version":"1","message":"saga-db-pool - Shutdown completed.","logger_name":"com.zaxxer.hikari.HikariDataSource","thread_name":"DefaultDispatcher-worker-7","level":"INFO","level_value":20000}
{"@timestamp":"2026-10-09T11:14:37.63039283-03:00","@version":"1","message":"Application started in 0.091 seconds.","logger_name":"io.ktor.test","thread_name":"DefaultDispatcher-worker-8 @call-context#806","level":"INFO","level_value":20000}
{"@timestamp":"2026-10-09T11:14:37.630663074-03:00","@version":"1","message":"Responding at http://localhost:80","logger_name":"io.ktor.test","thread_name":"DefaultDispatcher-worker-11 @coroutine#891","level":"INFO","level_value":20000}
{"@timestamp":"2026-10-09T11:14:37.630863298-03:00","@version":"1","message":"Responding at https://localhost:443","logger_name":"io.ktor.test","thread_name":"DefaultDispatcher-worker-11 @coroutine#891","level":"INFO","level_value":20000}
{"@timestamp":"2026-10-09T11:14:37.639824524-03:00","@version":"1","message":"200 OK POST /workflows/run","logger_name":"io.ktor.test","thread_name":"DefaultDispatcher-worker-10 @request#806","level":"INFO","level_value":20000,"traceId":"00000000000000000000000000000000","spanId":"0000000000000000"}
{"@timestamp":"2026-10-09T11:14:37.655484376-03:00","@version":"1","message":"200 OK GET /workflows/a162a407-374b-471f-a911-1722f13eef3b","logger_name":"io.ktor.test","thread_name":"DefaultDispatcher-worker-10 @request#898","level":"INFO","level_value":20000,"traceId":"00000000000000000000000000000000","spanId":"0000000000000000"}
{"@timestamp":"2026-10-09T11:14:37.6623961-03:00","@version":"1","message":"saga finished","logger_name":"run.trama.saga.workflow.WorkflowExecutor","thread_name":"DefaultDispatcher-worker-9 @coroutine#881","level":"INFO","level_value":20000,"traceId":"00000000000000000000000000000000","spanId":"0000000000000000","sagaId":"a162a407-374b-471f-a911-1722f13eef3b","sagaName":"escape-47fa8e91","status":"SUCCEEDED","durationMs":29}
{"@timestamp":"2026-10-09T11:14:37.862323569-03:00","@version":"1","message":"200 OK GET /workflows/a162a407-374b-471f-a911-1722f13eef3b","logger_name":"io.ktor.test","thread_name":"DefaultDispatcher-worker-7 @request#905","level":"INFO","level_value":20000,"traceId":"00000000000000000000000000000000","spanId":"0000000000000000"}
{"@timestamp":"2026-10-09T11:14:37.913644223-03:00","@version":"1","message":"saga-db-pool - Shutdown initiated...","logger_name":"com.zaxxer.hikari.HikariDataSource","thread_name":"DefaultDispatcher-worker-10","level":"INFO","level_value":20000}
{"@timestamp":"2026-10-09T11:14:37.914239604-03:00","@version":"1","message":"saga-db-pool - Shutdown completed.","logger_name":"com.zaxxer.hikari.HikariDataSource","thread_name":"DefaultDispatcher-worker-10","level":"INFO","level_value":20000}
{"@timestamp":"2026-10-09T11:14:38.02486639-03:00","@version":"1","message":"Application started in 0.1 seconds.","logger_name":"io.ktor.test","thread_name":"DefaultDispatcher-worker-3 @call-context#913","level":"INFO","level_value":20000}
{"@timestamp":"2026-10-09T11:14:38.025160609-03:00","@version":"1","message":"Responding at http://localhost:80","logger_name":"io.ktor.test","thread_name":"DefaultDispatcher-worker-2 @coroutine#998","level":"INFO","level_value":20000}
{"@timestamp":"2026-10-09T11:14:38.025296653-03:00","@version":"1","message":"Responding at https://localhost:443","logger_name":"io.ktor.test","thread_name":"DefaultDispatcher-worker-2 @coroutine#998","level":"INFO","level_value":20000}
{"@timestamp":"2026-10-09T11:14:38.038082774-03:00","@version":"1","message":"200 OK POST /workflows/run","logger_name":"io.ktor.test","thread_name":"DefaultDispatcher-worker-12 @request#913","level":"INFO","level_value":20000,"traceId":"00000000000000000000000000000000","spanId":"0000000000000000"}
{"@timestamp":"2026-10-09T11:14:38.072815085-03:00","@version":"1","message":"async node waiting for callback","logger_name":"run.trama.saga.workflow.WorkflowExecutor","thread_name":"DefaultDispatcher-worker-12 @coroutine#987","level":"INFO","level_value":20000,"traceId":"00000000000000000000000000000000","spanId":"0000000000000000","sagaId":"e39c28ac-1136-4d62-83f7-b62929c103ce","nodeId":"auth","deadlineAt":"2026-10-09T14:15:08.054867084Z"}
{"@timestamp":"2026-10-09T11:14:38.399038739-03:00","@version":"1","message":"callback received","logger_name":"run.trama.saga.callback.CallbackReceiver","thread_name":"DefaultDispatcher-worker-12 @request#1008","level":"INFO","level_value":20000,"traceId":"00000000000000000000000000000000","spanId":"0000000000000000","executionId":"e39c28ac-1136-4d62-83f7-b62929c103ce","nodeId":"auth","attempt":0,"isSuccess":false}
{"@timestamp":"2026-10-09T11:14:38.405631157-03:00","@version":"1","message":"async callback failure — compensation scheduled","logger_name":"run.trama.saga.callback.CallbackReceiver","thread_name":"DefaultDispatcher-worker-12 @request#1008","level":"INFO","level_value":20000,"traceId":"00000000000000000000000000000000","spanId":"0000000000000000","executionId":"e39c28ac-1136-4d62-83f7-b62929c103ce","nodeId":"auth"}
{"@timestamp":"2026-10-09T11:14:38.406500168-03:00","@version":"1","message":"202 Accepted POST /workflows/e39c28ac-1136-4d62-83f7-b62929c103ce/node/auth/callback","logger_name":"io.ktor.test","thread_name":"DefaultDispatcher-worker-12 @request#1008","level":"INFO","level_value":20000,"traceId":"00000000000000000000000000000000","spanId":"0000000000000000"}
{"@timestamp":"2026-10-09T11:14:38.41256962-03:00","@version":"1","message":"200 OK GET /workflows/e39c28ac-1136-4d62-83f7-b62929c103ce","logger_name":"io.ktor.test","thread_name":"DefaultDispatcher-worker-4 @request#1009","level":"INFO","level_value":20000,"traceId":"00000000000000000000000000000000","spanId":"0000000000000000"}
{"@timestamp":"2026-10-09T11:14:38.421917969-03:00","@version":"1","message":"saga finished","logger_name":"run.trama.saga.workflow.WorkflowExecutor","thread_name":"DefaultDispatcher-worker-4 @coroutine#988","level":"INFO","level_value":20000,"traceId":"00000000000000000000000000000000","spanId":"0000000000000000","sagaId":"e39c28ac-1136-4d62-83f7-b62929c103ce","sagaName":"sw-no-fe6c838c","status":"FAILED","durationMs":393}
{"@timestamp":"2026-10-09T11:14:38.618534922-03:00","@version":"1","message":"200 OK GET /workflows/e39c28ac-1136-4d62-83f7-b62929c103ce","logger_name":"io.ktor.test","thread_name":"DefaultDispatcher-worker-4 @request#1013","level":"INFO","level_value":20000,"traceId":"00000000000000000000000000000000","spanId":"0000000000000000"}
{"@timestamp":"2026-10-09T11:14:38.665727597-03:00","@version":"1","message":"saga-db-pool - Shutdown initiated...","logger_name":"com.zaxxer.hikari.HikariDataSource","thread_name":"DefaultDispatcher-worker-7","level":"INFO","level_value":20000}
{"@timestamp":"2026-10-09T11:14:38.666349627-03:00","@version":"1","message":"saga-db-pool - Shutdown completed.","logger_name":"com.zaxxer.hikari.HikariDataSource","thread_name":"DefaultDispatcher-worker-7","level":"INFO","level_value":20000}
{"@timestamp":"2026-10-09T11:14:38.784454142-03:00","@version":"1","message":"Application started in 0.108 seconds.","logger_name":"io.ktor.test","thread_name":"DefaultDispatcher-worker-7 @call-context#1021","level":"INFO","level_value":20000}
{"@timestamp":"2026-10-09T11:14:38.784741969-03:00","@version":"1","message":"Responding at http://localhost:80","logger_name":"io.ktor.test","thread_name":"DefaultDispatcher-worker-4 @coroutine#1106","level":"INFO","level_value":20000}
{"@timestamp":"2026-10-09T11:14:38.784875929-03:00","@version":"1","message":"Responding at https://localhost:443","logger_name":"io.ktor.test","thread_name":"DefaultDispatcher-worker-4 @coroutine#1106","level":"INFO","level_value":20000}
{"@timestamp":"2026-10-09T11:14:38.795502842-03:00","@version":"1","message":"200 OK POST /workflows/run","logger_name":"io.ktor.test","thread_name":"DefaultDispatcher-worker-7 @request#1021","level":"INFO","level_value":20000,"traceId":"00000000000000000000000000000000","spanId":"0000000000000000"}
{"@timestamp":"2026-10-09T11:14:38.808386676-03:00","@version":"1","message":"200 OK GET /workflows/11666df6-517f-46a7-8f94-6a2e51b122ba","logger_name":"io.ktor.test","thread_name":"DefaultDispatcher-worker-4 @request#1113","level":"INFO","level_value":20000,"traceId":"00000000000000000000000000000000","spanId":"0000000000000000"}
{"@timestamp":"2026-10-09T11:14:38.823609353-03:00","@version":"1","message":"saga split","logger_name":"run.trama.saga.workflow.WorkflowExecutor","thread_name":"DefaultDispatcher-worker-6 @coroutine#1095","level":"INFO","level_value":20000,"traceId":"00000000000000000000000000000000","spanId":"0000000000000000","sagaId":"11666df6-517f-46a7-8f94-6a2e51b122ba","nodeId":"fan","branchCount":2}
{"@timestamp":"2026-10-09T11:14:38.854259478-03:00","@version":"1","message":"saga sleeping","logger_name":"run.trama.saga.workflow.WorkflowExecutor","thread_name":"DefaultDispatcher-worker-6 @coroutine#1096","level":"INFO","level_value":20000,"traceId":"00000000000000000000000000000000","spanId":"0000000000000000","sagaId":"376a2bf9-3431-3720-8009-9024bfd51dd1","nodeId":"slow","wakeAt":"2026-10-09T14:14:40.348170950Z","delayMillis":1500}
{"@timestamp":"2026-10-09T11:14:38.870497108-03:00","@version":"1","message":"saga finished","logger_name":"run.trama.saga.workflow.WorkflowExecutor","thread_name":"DefaultDispatcher-worker-1 @coroutine#1095","level":"INFO","level_value":20000,"traceId":"00000000000000000000000000000000","spanId":"0000000000000000","sagaId":"19daf9d4-5842-3803-a963-440d84547011","sagaName":"split-sleep-ed1baeb3","status":"SUCCEEDED","durationMs":82}
{"@timestamp":"2026-10-09T11:14:39.014380041-03:00","@version":"1","message":"200 OK GET /workflows/11666df6-517f-46a7-8f94-6a2e51b122ba","logger_name":"io.ktor.test","thread_name":"DefaultDispatcher-worker-4 @request#1120","level":"INFO","level_value":20000,"traceId":"00000000000000000000000000000000","spanId":"0000000000000000"}
{"@timestamp":"2026-10-09T11:14:39.220017982-03:00","@version":"1","message":"200 OK GET /workflows/11666df6-517f-46a7-8f94-6a2e51b122ba","logger_name":"io.ktor.test","thread_name":"DefaultDispatcher-worker-7 @request#1124","level":"INFO","level_value":20000,"traceId":"00000000000000000000000000000000","spanId":"0000000000000000"}
{"@timestamp":"2026-10-09T11:14:39.427428901-03:00","@version":"1","message":"200 OK GET /workflows/11666df6-517f-46a7-8f94-6a2e51b122ba","logger_name":"io.ktor.test","thread_name":"DefaultDispatcher-worker-6 @request#1128","level":"INFO","level_value":20000,"traceId":"00000000000000000000000000000000","spanId":"0000000000000000"}
{"@timestamp":"2026-10-09T11:14:39.634890985-03:00","@version":"1","message":"200 OK GET /workflows/11666df6-517f-46a7-8f94-6a2e51b122ba","logger_name":"io.ktor.test","thread_name":"DefaultDispatcher-worker-6 @request#1132","level":"INFO","level_value":20000,"traceId":"00000000000000000000000000000000","spanId":"0000000000000000"}
{"@timestamp":"2026-10-09T11:14:39.841085846-03:00","@version":"1","message":"200 OK GET /workflows/11666df6-517f-46a7-8f94-6a2e51b122ba","logger_name":"io.ktor.test","thread_name":"DefaultDispatcher-worker-6 @request#1136","level":"INFO","level_value":20000,"traceId":"00000000000000000000000000000000","spanId":"0000000000000000"}
{"@timestamp":"2026-10-09T11:14:40.047429414-03:00","@version":"1","message":"200 OK GET /workflows/11666df6-517f-46a7-8f94-6a2e51b122ba","logger_name":"io.ktor.test","thread_name":"DefaultDispatcher-worker-7 @request#1140","level":"INFO","level_value":20000,"traceId":"00000000000000000000000000000000","spanId":"0000000000000000"}
{"@timestamp":"2026-10-09T11:14:40.253031969-03:00","@version":"1","message":"200 OK GET /workflows/11666df6-517f-46a7-8f94-6a2e51b122ba","logger_name":"io.ktor.test","thread_name":"DefaultDispatcher-worker-7 @request#1144","level":"INFO","level_value":20000,"traceId":"00000000000000000000000000000000","spanId":"0000000000000000"}
{"@timestamp":"2026-10-09T11:14:40.384335656-03:00","@version":"1","message":"saga waking up","logger_name":"run.trama.saga.workflow.WorkflowExecutor","thread_name":"DefaultDispatcher-worker-1 @coroutine#1096","level":"INFO","level_value":20000,"traceId":"00000000000000000000000000000000","spanId":"0000000000000000","sagaId":"376a2bf9-3431-3720-8009-9024bfd51dd1","nextNodeId":"slow-task"}
{"@timestamp":"2026-10-09T11:14:40.396325342-03:00","@version":"1","message":"saga finished","logger_name":"run.trama.saga.workflow.WorkflowExecutor","thread_name":"DefaultDispatcher-worker-1 @coroutine#1096","level":"INFO","level_value":20000,"traceId":"00000000000000000000000000000000","spanId":"0000000000000000","sagaId":"376a2bf9-3431-3720-8009-9024bfd51dd1","sagaName":"split-sleep-ed1baeb3","status":"SUCCEEDED","durationMs":1608}
{"@timestamp":"2026-10-09T11:14:40.418037554-03:00","@version":"1","message":"join barrier satisfied","logger_name":"run.trama.saga.workflow.WorkflowExecutor","thread_name":"DefaultDispatcher-worker-1 @coroutine#1096","level":"INFO","level_value":20000,"traceId":"00000000000000000000000000000000","spanId":"0000000000000000","sagaId":"11666df6-517f-46a7-8f94-6a2e51b122ba","splitNodeId":"fan","joinNodeId":"fan-in","allSucceeded":true}
{"@timestamp":"2026-10-09T11:14:40.440653553-03:00","@version":"1","message":"saga finished","logger_name":"run.trama.saga.workflow.WorkflowExecutor","thread_name":"DefaultDispatcher-worker-1 @coroutine#1095","level":"INFO","level_value":20000,"traceId":"00000000000000000000000000000000","spanId":"0000000000000000","sagaId":"11666df6-517f-46a7-8f94-6a2e51b122ba","sagaName":"split-sleep-ed1baeb3","status":"SUCCEEDED","durationMs":1652}
{"@timestamp":"2026-10-09T11:14:40.459136592-03:00","@version":"1","message":"200 OK GET /workflows/11666df6-517f-46a7-8f94-6a2e51b122ba","logger_name":"io.ktor.test","thread_name":"DefaultDispatcher-worker-1 @request#1154","level":"INFO","level_value":20000,"traceId":"00000000000000000000000000000000","spanId":"0000000000000000"}
{"@timestamp":"2026-10-09T11:14:40.480595421-03:00","@version":"1","message":"saga-db-pool - Shutdown initiated...","logger_name":"com.zaxxer.hikari.HikariDataSource","thread_name":"DefaultDispatcher-worker-1","level":"INFO","level_value":20000}
{"@timestamp":"2026-10-09T11:14:40.481241326-03:00","@version":"1","message":"saga-db-pool - Shutdown completed.","logger_name":"com.zaxxer.hikari.HikariDataSource","thread_name":"DefaultDispatcher-worker-1","level":"INFO","level_value":20000}
{"@timestamp":"2026-10-09T11:14:40.582996322-03:00","@version":"1","message":"Application started in 0.092 seconds.","logger_name":"io.ktor.test","thread_name":"DefaultDispatcher-worker-1 @call-context#1162","level":"INFO","level_value":20000}
{"@timestamp":"2026-10-09T11:14:40.583242822-03:00","@version":"1","message":"Responding at http://localhost:80","logger_name":"io.ktor.test","thread_name":"DefaultDispatcher-worker-12 @coroutine#1247","level":"INFO","level_value":20000}
{"@timestamp":"2026-10-09T11:14:40.583368366-03:00","@version":"1","message":"Responding at https://localhost:443","logger_name":"io.ktor.test","thread_name":"DefaultDispatcher-worker-12 @coroutine#1247","level":"INFO","level_value":20000}
{"@timestamp":"2026-10-09T11:14:40.5927731-03:00","@version":"1","message":"200 OK POST /workflows/run","logger_name":"io.ktor.test","thread_name":"DefaultDispatcher-worker-9 @request#1162","level":"INFO","level_value":20000,"traceId":"00000000000000000000000000000000","spanId":"0000000000000000"}
{"@timestamp":"2026-10-09T11:14:40.605170035-03:00","@version":"1","message":"200 OK GET /workflows/7898a606-317b-4b87-9a29-e1b22a4f968d","logger_name":"io.ktor.test","thread_name":"DefaultDispatcher-worker-1 @request#1254","level":"INFO","level_value":20000,"traceId":"00000000000000000000000000000000","spanId":"0000000000000000"}
{"@timestamp":"2026-10-09T11:14:40.606429475-03:00","@version":"1","message":"node completed","logger_name":"run.trama.saga.workflow.TaskNodeHandler","thread_name":"DefaultDispatcher-worker-3 @coroutine#1236","level":"INFO","level_value":20000,"traceId":"00000000000000000000000000000000","spanId":"0000000000000000","sagaId":"7898a606-317b-4b87-9a29-e1b22a4f968d","nodeId":"x","phase":"UP","status":500}
{"@timestamp":"2026-10-09T11:14:40.60980416-03:00","@version":"1","message":"retry scheduled","logger_name":"run.trama.saga.workflow.WorkflowExecutor","thread_name":"DefaultDispatcher-worker-1 @coroutine#1236","level":"INFO","level_value":20000,"traceId":"00000000000000000000000000000000","spanId":"0000000000000000","sagaId":"7898a606-317b-4b87-9a29-e1b22a4f968d","delayMillis":300,"attempt":1}
{"@timestamp":"2026-10-09T11:14:40.811329981-03:00","@version":"1","message":"200 OK GET /workflows/7898a606-317b-4b87-9a29-e1b22a4f968d","logger_name":"io.ktor.test","thread_name":"DefaultDispatcher-worker-1 @request#1261","level":"INFO","level_value":20000,"traceId":"00000000000000000000000000000000","spanId":"0000000000000000"}
{"@timestamp":"2026-10-09T11:14:40.958321813-03:00","@version":"1","message":"node completed","logger_name":"run.trama.saga.workflow.TaskNodeHandler","thread_name":"DefaultDispatcher-worker-3 @coroutine#1237","level":"INFO","level_value":20000,"traceId":"00000000000000000000000000000000","spanId":"0000000000000000","sagaId":"7898a606-317b-4b87-9a29-e1b22a4f968d","nodeId":"x","phase":"UP","status":500}
{"@timestamp":"2026-10-09T11:14:40.959442453-03:00","@version":"1","message":"retry scheduled","logger_name":"run.trama.saga.workflow.WorkflowExecutor","thread_name":"DefaultDispatcher-worker-1 @coroutine#1237","level":"INFO","level_value":20000,"traceId":"00000000000000000000000000000000","spanId":"0000000000000000","sagaId":"7898a606-317b-4b87-9a29-e1b22a4f968d","delayMillis":600,"attempt":2}
{"@timestamp":"2026-10-09T11:14:41.017061887-03:00","@version":"1","message":"200 OK GET /workflows/7898a606-317b-4b87-9a29-e1b22a4f968d","logger_name":"io.ktor.test","thread_name":"DefaultDispatcher-worker-3 @request#1268","level":"INFO","level_value":20000,"traceId":"00000000000000000000000000000000","spanId":"0000000000000000"}
{"@timestamp":"2026-10-09T11:14:41.223502477-03:00","@version":"1","message":"200 OK GET /workflows/7898a606-317b-4b87-9a29-e1b22a4f968d","logger_name":"io.ktor.test","thread_name":"DefaultDispatcher-worker-3 @request#1272","level":"INFO","level_value":20000,"traceId":"00000000000000000000000000000000","spanId":"0000000000000000"}
{"@timestamp":"2026-10-09T11:14:41.428962085-03:00","@version":"1","message":"200 OK GET /workflows/7898a606-317b-4b87-9a29-e1b22a4f968d","logger_name":"io.ktor.test","thread_name":"DefaultDispatcher-worker-3 @request#1276","level":"INFO","level_value":20000,"traceId":"00000000000000000000000000000000","spanId":"0000000000000000"}
{"@timestamp":"2026-10-09T11:14:41.614049712-03:00","@version":"1","message":"node completed","logger_name":"run.trama.saga.workflow.TaskNodeHandler","thread_name":"DefaultDispatcher-worker-9 @coroutine#1236","level":"INFO","level_value":20000,"traceId":"00000000000000000000000000000000","spanId":"0000000000000000","sagaId":"7898a606-317b-4b87-9a29-e1b22a4f968d","nodeId":"x","phase":"UP","status":500}
{"@timestamp":"2026-10-09T11:14:41.615047313-03:00","@version":"1","message":"compensation scheduled","logger_name":"run.trama.saga.workflow.WorkflowExecutor","thread_name":"DefaultDispatcher-worker-9 @coroutine#1236","level":"INFO","level_value":20000,"traceId":"00000000000000000000000000000000","spanId":"0000000000000000","sagaId":"7898a606-317b-4b87-9a29-e1b22a4f968d","failedNodeId":"x"}
{"@timestamp":"2026-10-09T11:14:41.6341513-03:00","@version":"1","message":"200 OK GET /workflows/7898a606-317b-4b87-9a29-e1b22a4f968d","logger_name":"io.ktor.test","thread_name":"DefaultDispatcher-worker-3 @request#1283","level":"INFO","level_value":20000,"traceId":"00000000000000000000000000000000","spanId":"0000000000000000"}
{"@timestamp":"2026-10-09T11:14:41.667909042-03:00","@version":"1","message":"saga finished","logger_name":"run.trama.saga.workflow.WorkflowExecutor","thread_name":"DefaultDispatcher-worker-3 @coroutine#1237","level":"INFO","level_value":20000,"traceId":"00000000000000000000000000000000","spanId":"0000000000000000","sagaId":"7898a606-317b-4b87-9a29-e1b22a4f968d","sagaName":"backoff-40113e97","status":"FAILED","durationMs":1082}
{"@timestamp":"2026-10-09T11:14:41.839755589-03:00","@version":"1","message":"200 OK GET /workflows/7898a606-317b-4b87-9a29-e1b22a4f968d","logger_name":"io.ktor.test","thread_name":"DefaultDispatcher-worker-4 @request#1287","level":"INFO","level_value":20000,"traceId":"00000000000000000000000000000000","spanId":"0000000000000000"}
{"@timestamp":"2026-10-09T11:14:41.863347397-03:00","@version":"1","message":"saga-db-pool - Shutdown initiated...","logger_name":"com.zaxxer.hikari.HikariDataSource","thread_name":"DefaultDispatcher-worker-12","level":"INFO","level_value":20000}
{"@timestamp":"2026-10-09T11:14:41.863886573-03:00","@version":"1","message":"saga-db-pool - Shutdown completed.","logger_name":"com.zaxxer.hikari.HikariDataSource","thread_name":"DefaultDispatcher-worker-12","level":"INFO","level_value":20000}
{"@timestamp":"2026-10-09T11:14:41.940359107-03:00","@version":"1","message":"Application started in 0.068 seconds.","logger_name":"io.ktor.test","thread_name":"DefaultDispatcher-worker-12 @call-context#1295","level":"INFO","level_value":20000}
{"@timestamp":"2026-10-09T11:14:41.940585579-03:00","@version":"1","message":"Responding at http://localhost:80","logger_name":"io.ktor.test","thread_name":"DefaultDispatcher-worker-7 @coroutine#1380","level":"INFO","level_value":20000}
{"@timestamp":"2026-10-09T11:14:41.940717996-03:00","@version":"1","message":"Responding at https://localhost:443","logger_name":"io.ktor.test","thread_name":"DefaultDispatcher-worker-7 @coroutine#1380","level":"INFO","level_value":20000}
{"@timestamp":"2026-10-09T11:14:41.950185227-03:00","@version":"1","message":"200 OK POST /workflows/run","logger_name":"io.ktor.test","thread_name":"DefaultDispatcher-worker-12 @request#1295","level":"INFO","level_value":20000,"traceId":"00000000000000000000000000000000","spanId":"0000000000000000"}
{"@timestamp":"2026-10-09T11:14:41.960917978-03:00","@version":"1","message":"200 OK GET /workflows/46964b7c-0392-4f72-aeb9-edb098f05a0f","logger_name":"io.ktor.test","thread_name":"DefaultDispatcher-worker-4 @request#1387","level":"INFO","level_value":20000,"traceId":"00000000000000000000000000000000","spanId":"0000000000000000"}
{"@timestamp":"2026-10-09T11:14:41.999667532-03:00","@version":"1","message":"switch evaluated","logger_name":"run.trama.saga.workflow.WorkflowExecutor","thread_name":"DefaultDispatcher-worker-4 @coroutine#1369","level":"INFO","level_value":20000,"traceId":"00000000000000000000000000000000","spanId":"0000000000000000","sagaId":"46964b7c-0392-4f72-aeb9-edb098f05a0f","nodeId":"route","target":"pix","matchedCase":"pix","usedDefault":false}
{"@timestamp":"2026-10-09T11:14:42.01515918-03:00","@version":"1","message":"saga finished","logger_name":"run.trama.saga.workflow.WorkflowExecutor","thread_name":"DefaultDispatcher-worker-2 @coroutine#1369","level":"INFO","level_value":20000,"traceId":"00000000000000000000000000000000","spanId":"0000000000000000","sagaId":"46964b7c-0392-4f72-aeb9-edb098f05a0f","sagaName":"switch-input-8a53efc3","status":"SUCCEEDED","durationMs":71}
{"@timestamp":"2026-10-09T11:14:42.166491449-03:00","@version":"1","message":"200 OK GET /workflows/46964b7c-0392-4f72-aeb9-edb098f05a0f","logger_name":"io.ktor.test","thread_name":"DefaultDispatcher-worker-2 @request#1394","level":"INFO","level_value":20000,"traceId":"00000000000000000000000000000000","spanId":"0000000000000000"}
{"@timestamp":"2026-10-09T11:14:42.205186221-03:00","@version":"1","message":"saga-db-pool - Shutdown initiated...","logger_name":"com.zaxxer.hikari.HikariDataSource","thread_name":"DefaultDispatcher-worker-2","level":"INFO","level_value":20000}
{"@timestamp":"2026-10-09T11:14:42.205661929-03:00","@version":"1","message":"saga-db-pool - Shutdown completed.","logger_name":"com.zaxxer.hikari.HikariDataSource","thread_name":"DefaultDispatcher-worker-2","level":"INFO","level_value":20000}
{"@timestamp":"2026-10-09T11:14:42.297483104-03:00","@version":"1","message":"Application started in 0.083 seconds.","logger_name":"io.ktor.test","thread_name":"DefaultDispatcher-worker-2 @call-context#1402","level":"INFO","level_value":20000}
{"@timestamp":"2026-10-09T11:14:42.297776812-03:00","@version":"1","message":"Responding at http://localhost:80","logger_name":"io.ktor.test","thread_name":"DefaultDispatcher-worker-12 @coroutine#1487","level":"INFO","level_value":20000}
{"@timestamp":"2026-10-09T11:14:42.297866018-03:00","@version":"1","message":"Responding at https://localhost:443","logger_name":"io.ktor.test","thread_name":"DefaultDispatcher-worker-12 @coroutine#1487","level":"INFO","level_value":20000}
{"@timestamp":"2026-10-09T11:14:42.30768785-03:00","@version":"1","message":"200 OK POST /workflows/run","logger_name":"io.ktor.test","thread_name":"DefaultDispatcher-worker-6 @request#1402","level":"INFO","level_value":20000,"traceId":"00000000000000000000000000000000","spanId":"0000000000000000"}
{"@timestamp":"2026-10-09T11:14:42.367248606-03:00","@version":"1","message":"saga split","logger_name":"run.trama.saga.workflow.WorkflowExecutor","thread_name":"DefaultDispatcher-worker-6 @coroutine#1476","level":"INFO","level_value":20000,"traceId":"00000000000000000000000000000000","spanId":"0000000000000000","sagaId":"d87c4aeb-8ba6-4845-8617-70ac7d751788","nodeId":"fan","branchCount":2}
{"@timestamp":"2026-10-09T11:14:42.417072358-03:00","@version":"1","message":"saga finished","logger_name":"run.trama.saga.workflow.WorkflowExecutor","thread_name":"DefaultDispatcher-worker-7 @coroutine#1477","level":"INFO","level_value":20000,"traceId":"00000000000000000000000000000000","spanId":"0000000000000000","sagaId":"973ec8b1-f55e-336d-9ba2-d93fd8b88cad","sagaName":"split-async-last-105c3bc2","status":"SUCCEEDED","durationMs":116}
{"@timestamp":"2026-10-09T11:14:42.425165686-03:00","@version":"1","message":"async node waiting for callback","logger_name":"run.trama.saga.workflow.WorkflowExecutor","thread_name":"DefaultDispatcher-worker-11 @coroutine#1476","level":"INFO","level_value":20000,"traceId":"00000000000000000000000000000000","spanId":"0000000000000000","sagaId":"e985f9c4-e58e-3b13-b2fe-ac4893c91c68","nodeId":"ext","deadlineAt":"2026-10-09T14:15:12.409814830Z"}
{"@timestamp":"2026-10-09T11:14:43.467432203-03:00","@version":"1","message":"callback received","logger_name":"run.trama.saga.callback.CallbackReceiver","thread_name":"DefaultDispatcher-worker-11 @request#1500","level":"INFO","level_value":20000,"traceId":"00000000000000000000000000000000","spanId":"0000000000000000","executionId":"e985f9c4-e58e-3b13-b2fe-ac4893c91c68","nodeId":"ext","attempt":0,"isSuccess":true}
{"@timestamp":"2026-10-09T11:14:43.471215981-03:00","@version":"1","message":"saga succeeded via async callback","logger_name":"run.trama.saga.callback.CallbackReceiver","thread_name":"DefaultDispatcher-worker-7 @request#1500","level":"INFO","level_value":20000,"traceId":"00000000000000000000000000000000","spanId":"0000000000000000","executionId":"e985f9c4-e58e-3b13-b2fe-ac4893c91c68","nodeId":"ext"}
{"@timestamp":"2026-10-09T11:14:43.471723548-03:00","@version":"1","message":"202 Accepted POST /workflows/e985f9c4-e58e-3b13-b2fe-ac4893c91c68/node/ext/callback","logger_name":"io.ktor.test","thread_name":"DefaultDispatcher-worker-7 @request#1500","level":"INFO","level_value":20000,"traceId":"00000000000000000000000000000000","spanId":"0000000000000000"}
{"@timestamp":"2026-10-09T11:14:43.476980604-03:00","@version":"1","message":"200 OK GET /workflows/d87c4aeb-8ba6-4845-8617-70ac7d751788","logger_name":"io.ktor.test","thread_name":"DefaultDispatcher-worker-3 @request#1501","level":"INFO","level_value":20000,"traceId":"00000000000000000000000000000000","spanId":"0000000000000000"}
{"@timestamp":"2026-10-09T11:14:43.481527506-03:00","@version":"1","message":"saga finished","logger_name":"run.trama.saga.workflow.WorkflowExecutor","thread_name":"DefaultDispatcher-worker-8 @coroutine#1477","level":"INFO","level_value":20000,"traceId":"00000000000000000000000000000000","spanId":"0000000000000000","sagaId":"e985f9c4-e58e-3b13-b2fe-ac4893c91c68","sagaName":"split-async-last-105c3bc2","status":"SUCCEEDED","durationMs":1180}
{"@timestamp":"2026-10-09T11:14:43.491387589-03:00","@version":"1","message":"join barrier satisfied","logger_name":"run.trama.saga.workflow.WorkflowExecutor","thread_name":"DefaultDispatcher-worker-12 @coroutine#1477","level":"INFO","level_value":20000,"traceId":"00000000000000000000000000000000","spanId":"0000000000000000","sagaId":"d87c4aeb-8ba6-4845-8617-70ac7d751788","splitNodeId":"fan","joinNodeId":"fan-in","allSucceeded":true}
{"@timestamp":"2026-10-09T11:14:43.534680459-03:00","@version":"1","message":"saga finished","logger_name":"run.trama.saga.workflow.WorkflowExecutor","thread_name":"DefaultDispatcher-worker-6 @coroutine#1476","level":"INFO","level_value":20000,"traceId":"00000000000000000000000000000000","spanId":"0000000000000000","sagaId":"d87c4aeb-8ba6-4845-8617-70ac7d751788","sagaName":"split-async-last-105c3bc2","status":"SUCCEEDED","durationMs":1234}
{"@timestamp":"2026-10-09T11:14:43.682919157-03:00","@version":"1","message":"200 OK GET /workflows/d87c4aeb-8ba6-4845-8617-70ac7d751788","logger_name":"io.ktor.test","thread_name":"DefaultDispatcher-worker-8 @request#1508","level":"INFO","level_value":20000,"traceId":"00000000000000000000000000000000","spanId":"0000000000000000"}
{"@timestamp":"2026-10-09T11:14:43.727787215-03:00","@version":"1","message":"saga-db-pool - Shutdown initiated...","logger_name":"com.zaxxer.hikari.HikariDataSource","thread_name":"DefaultDispatcher-worker-8","level":"INFO","level_value":20000}
{"@timestamp":"2026-10-09T11:14:43.728478975-03:00","@version":"1","message":"saga-db-pool - Shutdown completed.","logger_name":"com.zaxxer.hikari.HikariDataSource","thread_name":"DefaultDispatcher-worker-8","level":"INFO","level_value":20000}
{"@timestamp":"2026-10-09T11:14:43.808243059-03:00","@version":"1","message":"Application started in 0.069 seconds.","logger_name":"io.ktor.test","thread_name":"DefaultDispatcher-worker-8 @call-context#1516","level":"INFO","level_value":20000}
{"@timestamp":"2026-10-09T11:14:43.808463099-03:00","@version":"1","message":"Responding at http://localhost:80","logger_name":"io.ktor.test","thread_name":"DefaultDispatcher-worker-12 @coroutine#1601","level":"INFO","level_value":20000}
{"@timestamp":"2026-10-09T11:14:43.808561283-03:00","@version":"1","message":"Responding at https://localhost:443","logger_name":"io.ktor.test","thread_name":"DefaultDispatcher-worker-12 @coroutine#1601","level":"INFO","level_value":20000}
{"@timestamp":"2026-10-09T11:14:43.816732215-03:00","@version":"1","message":"200 OK POST /workflows/run","logger_name":"io.ktor.test","thread_name":"DefaultDispatcher-worker-12 @request#1516","level":"INFO","level_value":20000,"traceId":"00000000000000000000000000000000","spanId":"0000000000000000"}
{"@timestamp":"2026-10-09T11:14:43.826809613-03:00","@version":"1","message":"200 OK GET /workflows/a5c30d36-2472-424d-82d9-620639c09db8","logger_name":"io.ktor.test","thread_name":"DefaultDispatcher-worker-12 @request#1608","level":"INFO","level_value":20000,"traceId":"00000000000000000000000000000000","spanId":"0000000000000000"}
{"@timestamp":"2026-10-09T11:14:43.879207057-03:00","@version":"1","message":"saga split","logger_name":"run.trama.saga.workflow.WorkflowExecutor","thread_name":"DefaultDispatcher-worker-8 @coroutine#1590","level":"INFO","level_value":20000,"traceId":"00000000000000000000000000000000","spanId":"0000000000000000","sagaId":"a5c30d36-2472-424d-82d9-620639c09db8","nodeId":"outer","branchCount":2}
{"@timestamp":"2026-10-09T11:14:43.934683103-03:00","@version":"1","message":"saga finished","logger_name":"run.trama.saga.workflow.WorkflowExecutor","thread_name":"DefaultDispatcher-worker-10 @coroutine#1591","level":"INFO","level_value":20000,"traceId":"00000000000000000000000000000000","spanId":"0000000000000000","sagaId":"764636bc-f9bc-3cd4-8f2a-d4ed31dc2e05","sagaName":"nested-split-67fd4b05","status":"SUCCEEDED","durationMs":124}
{"@timestamp":"2026-10-09T11:14:43.938024085-03:00","@version":"1","message":"saga split","logger_name":"run.trama.saga.workflow.WorkflowExecutor","thread_name":"DefaultDispatcher-worker-10 @coroutine#1590","level":"INFO","level_value":20000,"traceId":"00000000000000000000000000000000","spanId":"0000000000000000","sagaId":"9323492f-f2cf-31dc-a946-ca7e37cbfd5f","nodeId":"inner","branchCount":2}
{"@timestamp":"2026-10-09T11:14:43.985513503-03:00","@version":"1","message":"saga finished","logger_name":"run.trama.saga.workflow.WorkflowExecutor","thread_name":"DefaultDispatcher-worker-3 @coroutine#1591","level":"INFO","level_value":20000,"traceId":"00000000000000000000000000000000","spanId":"0000000000000000","sagaId":"db109f32-4b85-3e6c-90e5-41f3949dbed1","sagaName":"nested-split-67fd4b05","status":"SUCCEEDED","durationMs":174}
{"@timestamp":"2026-10-09T11:14:43.985631363-03:00","@version":"1","message":"saga finished","logger_name":"run.trama.saga.workflow.WorkflowExecutor","thread_name":"DefaultDispatcher-worker-1 @coroutine#1590","level":"INFO","level_value":20000,"traceId":"00000000000000000000000000000000","spanId":"0000000000000000","sagaId":"a59b896f-fcc2-3dca-adf6-65ec9622ac72","sagaName":"nested-split-67fd4b05","status":"SUCCEEDED","durationMs":175}
{"@timestamp":"2026-10-09T11:14:43.999114044-03:00","@version":"1","message":"join barrier satisfied","logger_name":"run.trama.saga.workflow.WorkflowExecutor","thread_name":"DefaultDispatcher-worker-2 @coroutine#1590","level":"INFO","level_value":20000,"traceId":"00000000000000000000000000000000","spanId":"0000000000000000","sagaId":"9323492f-f2cf-31dc-a946-ca7e37cbfd5f","splitNodeId":"inner","joinNodeId":"inner-join","allSucceeded":true}
{"@timestamp":"2026-10-09T11:14:44.032742595-03:00","@version":"1","message":"200 OK GET /workflows/a5c30d36-2472-424d-82d9-620639c09db8","logger_name":"io.ktor.test","thread_name":"DefaultDispatcher-worker-2 @request#1621","level":"INFO","level_value":20000,"traceId":"00000000000000000000000000000000","spanId":"0000000000000000"}
{"@timestamp":"2026-10-09T11:14:44.039554683-03:00","@version":"1","message":"saga finished","logger_name":"run.trama.saga.workflow.WorkflowExecutor","thread_name":"DefaultDispatcher-worker-1 @coroutine#1591","level":"INFO","level_value":20000,"traceId":"00000000000000000000000000000000","spanId":"0000000000000000","sagaId":"9323492f-f2cf-31dc-a946-ca7e37cbfd5f","sagaName":"nested-split-67fd4b05","status":"SUCCEEDED","durationMs":229}
{"@timestamp":"2026-10-09T11:14:44.052551177-03:00","@version":"1","message":"join barrier satisfied","logger_name":"run.trama.saga.workflow.WorkflowExecutor","thread_name":"DefaultDispatcher-worker-2 @coroutine#1591","level":"INFO","level_value":20000,"traceId":"00000000000000000000000000000000","spanId":"0000000000000000","sagaId":"a5c30d36-2472-424d-82d9-620639c09db8","splitNodeId":"outer","joinNodeId":"outer-join","allSucceeded":true}
{"@timestamp":"2026-10-09T11:14:44.095703845-03:00","@version":"1","message":"saga finished","logger_name":"run.trama.saga.workflow.WorkflowExecutor","thread_name":"DefaultDispatcher-worker-9 @coroutine#1590","level":"INFO","level_value":20000,"traceId":"00000000000000000000000000000000","spanId":"0000000000000000","sagaId":"a5c30d36-2472-424d-82d9-620639c09db8","sagaName":"nested-split-67fd4b05","status":"SUCCEEDED","durationMs":285}
{"@timestamp":"2026-10-09T11:14:44.238144326-03:00","@version":"1","message":"200 OK GET /workflows/a5c30d36-2472-424d-82d9-620639c09db8","logger_name":"io.ktor.test","thread_name":"DefaultDispatcher-worker-9 @request#1631","level":"INFO","level_value":20000,"traceId":"00000000000000000000000000000000","spanId":"0000000000000000"}
{"@timestamp":"2026-10-09T11:14:44.283085701-03:00","@version":"1","message":"saga-db-pool - Shutdown initiated...","logger_name":"com.zaxxer.hikari.HikariDataSource","thread_name":"DefaultDispatcher-worker-9","level":"INFO","level_value":20000}
{"@timestamp":"2026-10-09T11:14:44.28379268-03:00","@version":"1","message":"saga-db-pool - Shutdown completed.","logger_name":"com.zaxxer.hikari.HikariDataSource","thread_name":"DefaultDispatcher-worker-9","level":"INFO","level_value":20000}
{"@timestamp":"2026-10-09T11:14:44.360035364-03:00","@version":"1","message":"Application started in 0.068 seconds.","logger_name":"io.ktor.test","thread_name":"DefaultDispatcher-worker-1 @call-context#1639","level":"INFO","level_value":20000}
{"@timestamp":"2026-10-09T11:14:44.36024189-03:00","@version":"1","message":"Responding at http://localhost:80","logger_name":"io.ktor.test","thread_name":"DefaultDispatcher-worker-6 @coroutine#1724","level":"INFO","level_value":20000}
{"@timestamp":"2026-10-09T11:14:44.360319234-03:00","@version":"1","message":"Responding at https://localhost:443","logger_name":"io.ktor.test","thread_name":"DefaultDispatcher-worker-6 @coroutine#1724","level":"INFO","level_value":20000}
{"@timestamp":"2026-10-09T11:14:44.369646443-03:00","@version":"1","message":"200 OK POST /workflows/run","logger_name":"io.ktor.test","thread_name":"DefaultDispatcher-worker-3 @request#1639","level":"INFO","level_value":20000,"traceId":"00000000000000000000000000000000","spanId":"0000000000000000"}
{"@timestamp":"2026-10-09T11:14:44.434497007-03:00","@version":"1","message":"saga split","logger_name":"run.trama.saga.workflow.WorkflowExecutor","thread_name":"DefaultDispatcher-worker-1 @coroutine#1713","level":"INFO","level_value":20000,"traceId":"00000000000000000000000000000000","spanId":"0000000000000000","sagaId":"80ab2b1f-7391-466b-ab00-b308f3768e71","nodeId":"fan","branchCount":2}
{"@timestamp":"2026-10-09T11:14:44.481151808-03:00","@version":"1","message":"saga finished","logger_name":"run.trama.saga.workflow.WorkflowExecutor","thread_name":"DefaultDispatcher-worker-3 @coroutine#1714","level":"INFO","level_value":20000,"traceId":"00000000000000000000000000000000","spanId":"0000000000000000","sagaId":"1df31415-7d7c-390a-8217-6eae411c2a77","sagaName":"split-async-0d615d21","status":"SUCCEEDED","durationMs":118}
{"@timestamp":"2026-10-09T11:14:44.487280009-03:00","@version":"1","message":"async node waiting for callback","logger_name":"run.trama.saga.workflow.WorkflowExecutor","thread_name":"DefaultDispatcher-worker-5 @coroutine#1713","level":"INFO","level_value":20000,"traceId":"00000000000000000000000000000000","spanId":"0000000000000000","sagaId":"2cbd8f6b-24e6-3b1c-9fa4-6d60cc2786cf","nodeId":"ext","deadlineAt":"2026-10-09T14:15:14.476588976Z"}
{"@timestamp":"2026-10-09T11:14:45.530428892-03:00","@version":"1","message":"callback received","logger_name":"run.trama.saga.callback.CallbackReceiver","thread_name":"DefaultDispatcher-worker-5 @request#1737","level":"INFO","level_value":20000,"traceId":"00000000000000000000000000000000","spanId":"0000000000000000","executionId":"2cbd8f6b-24e6-3b1c-9fa4-6d60cc2786cf","nodeId":"ext","attempt":0,"isSuccess":true}
{"@timestamp":"2026-10-09T11:14:45.533977252-03:00","@version":"1","message":"execution resumed after async callback","logger_name":"run.trama.saga.callback.CallbackReceiver","thread_name":"DefaultDispatcher-worker-5 @request#1737","level":"INFO","level_value":20000,"traceId":"00000000000000000000000000000000","spanId":"0000000000000000","executionId":"2cbd8f6b-24e6-3b1c-9fa4-6d60cc2786cf","nodeId":"ext","nextNodeId":"ext-after"}
{"@timestamp":"2026-10-09T11:14:45.534463659-03:00","@version":"1","message":"202 Accepted POST /workflows/2cbd8f6b-24e6-3b1c-9fa4-6d60cc2786cf/node/ext/callback","logger_name":"io.ktor.test","thread_name":"DefaultDispatcher-worker-5 @request#1737","level":"INFO","level_value":20000,"traceId":"00000000000000000000000000000000","spanId":"0000000000000000"}
{"@timestamp":"2026-10-09T11:14:45.539118162-03:00","@version":"1","message":"200 OK GET /workflows/80ab2b1f-7391-466b-ab00-b308f3768e71","logger_name":"io.ktor.test","thread_name":"DefaultDispatcher-worker-5 @request#1738","level":"INFO","level_value":20000,"traceId":"00000000000000000000000000000000","spanId":"0000000000000000"}
{"@timestamp":"2026-10-09T11:14:45.599011508-03:00","@version":"1","message":"saga finished","logger_name":"run.trama.saga.workflow.WorkflowExecutor","thread_name":"DefaultDispatcher-worker-12 @coroutine#1714","level":"INFO","level_value":20000,"traceId":"00000000000000000000000000000000","spanId":"0000000000000000","sagaId":"2cbd8f6b-24e6-3b1c-9fa4-6d60cc2786cf","sagaName":"split-async-0d615d21","status":"SUCCEEDED","durationMs":1236}
{"@timestamp":"2026-10-09T11:14:45.607550477-03:00","@version":"1","message":"join barrier satisfied","logger_name":"run.trama.saga.workflow.WorkflowExecutor","thread_name":"DefaultDispatcher-worker-1 @coroutine#1714","level":"INFO","level_value":20000,"traceId":"00000000000000000000000000000000","spanId":"0000000000000000","sagaId":"80ab2b1f-7391-466b-ab00-b308f3768e71","splitNodeId":"fan","joinNodeId":"fan-in","allSucceeded":true}
{"@timestamp":"2026-10-09T11:14:45.648284413-03:00","@version":"1","message":"saga finished","logger_name":"run.trama.saga.workflow.WorkflowExecutor","thread_name":"DefaultDispatcher-worker-5 @coroutine#1713","level":"INFO","level_value":20000,"traceId":"00000000000000000000000000000000","spanId":"0000000000000000","sagaId":"80ab2b1f-7391-466b-ab00-b308f3768e71","sagaName":"split-async-0d615d21","status":"SUCCEEDED","durationMs":1285}
{"@timestamp":"2026-10-09T11:14:45.744319699-03:00","@version":"1","message":"200 OK GET /workflows/80ab2b1f-7391-466b-ab00-b308f3768e71","logger_name":"io.ktor.test","thread_name":"DefaultDispatcher-worker-6 @request#1748","level":"INFO","level_value":20000,"traceId":"00000000000000000000000000000000","spanId":"0000000000000000"}
{"@timestamp":"2026-10-09T11:14:45.787810327-03:00","@version":"1","message":"saga-db-pool - Shutdown initiated...","logger_name":"com.zaxxer.hikari.HikariDataSource","thread_name":"DefaultDispatcher-worker-6","level":"INFO","level_value":20000}
{"@timestamp":"2026-10-09T11:14:45.788303077-03:00","@version":"1","message":"saga-db-pool - Shutdown completed.","logger_name":"com.zaxxer.hikari.HikariDataSource","thread_name":"DefaultDispatcher-worker-6","level":"INFO","level_value":20000}
{"@timestamp":"2026-10-09T11:14:45.860575946-03:00","@version":"1","message":"Application started in 0.064 seconds.","logger_name":"io.ktor.test","thread_name":"DefaultDispatcher-worker-6 @call-context#1756","level":"INFO","level_value":20000}
{"@timestamp":"2026-10-09T11:14:45.86080843-03:00","@version":"1","message":"Responding at http://localhost:80","logger_name":"io.ktor.test","thread_name":"DefaultDispatcher-worker-7 @coroutine#1841","level":"INFO","level_value":20000}
{"@timestamp":"2026-10-09T11:14:45.860908055-03:00","@version":"1","message":"Responding at https://localhost:443","logger_name":"io.ktor.test","thread_name":"DefaultDispatcher-worker-7 @coroutine#1841","level":"INFO","level_value":20000}
{"@timestamp":"2026-10-09T11:14:45.869986421-03:00","@version":"1","message":"200 OK POST /workflows/run","logger_name":"io.ktor.test","thread_name":"DefaultDispatcher-worker-4 @request#1756","level":"INFO","level_value":20000,"traceId":"00000000000000000000000000000000","spanId":"0000000000000000"}
{"@timestamp":"2026-10-09T11:14:45.939663758-03:00","@version":"1","message":"async node waiting for callback","logger_name":"run.trama.saga.workflow.WorkflowExecutor","thread_name":"DefaultDispatcher-worker-9 @coroutine#1830","level":"INFO","level_value":20000,"traceId":"00000000000000000000000000000000","spanId":"0000000000000000","sagaId":"c9cccdda-846b-4dad-b725-32267d571f60","nodeId":"auth","deadlineAt":"2026-10-09T14:15:15.926982061Z"}
{"@timestamp":"2026-10-09T11:14:46.277412061-03:00","@version":"1","message":"callback received","logger_name":"run.trama.saga.callback.CallbackReceiver","thread_name":"DefaultDispatcher-worker-9 @request#1851","level":"INFO","level_value":20000,"traceId":"00000000000000000000000000000000","spanId":"0000000000000000","executionId":"c9cccdda-846b-4dad-b725-32267d571f60","nodeId":"auth","attempt":0,"isSuccess":true}
{"@timestamp":"2026-10-09T11:14:46.280887394-03:00","@version":"1","message":"execution resumed after async callback","logger_name":"run.trama.saga.callback.CallbackReceiver","thread_name":"DefaultDispatcher-worker-9 @request#1851","level":"INFO","level_value":20000,"traceId":"00000000000000000000000000000000","spanId":"0000000000000000","executionId":"c9cccdda-846b-4dad-b725-32267d571f60","nodeId":"auth","nextNodeId":"done"}
{"@timestamp":"2026-10-09T11:14:46.281428173-03:00","@version":"1","message":"202 Accepted POST /workflows/c9cccdda-846b-4dad-b725-32267d571f60/node/auth/callback","logger_name":"io.ktor.test","thread_name":"DefaultDispatcher-worker-9 @request#1851","level":"INFO","level_value":20000,"traceId":"00000000000000000000000000000000","spanId":"0000000000000000"}
{"@timestamp":"2026-10-09T11:14:46.28634779-03:00","@version":"1","message":"200 OK GET /workflows/c9cccdda-846b-4dad-b725-32267d571f60","logger_name":"io.ktor.test","thread_name":"DefaultDispatcher-worker-9 @request#1852","level":"INFO","level_value":20000,"traceId":"00000000000000000000000000000000","spanId":"0000000000000000"}
{"@timestamp":"2026-10-09T11:14:46.335871643-03:00","@version":"1","message":"saga finished","logger_name":"run.trama.saga.workflow.WorkflowExecutor","thread_name":"DefaultDispatcher-worker-8 @coroutine#1831","level":"INFO","level_value":20000,"traceId":"00000000000000000000000000000000","spanId":"0000000000000000","sagaId":"c9cccdda-846b-4dad-b725-32267d571f60","sagaName":"sw-ok-4171b92e","status":"SUCCEEDED","durationMs":473}
{"@timestamp":"2026-10-09T11:14:46.491048894-03:00","@version":"1","message":"200 OK GET /workflows/c9cccdda-846b-4dad-b725-32267d571f60","logger_name":"io.ktor.test","thread_name":"DefaultDispatcher-worker-6 @request#1859","level":"INFO","level_value":20000,"traceId":"00000000000000000000000000000000","spanId":"0000000000000000"}
{"@timestamp":"2026-10-09T11:14:46.527152583-03:00","@version":"1","message":"saga-db-pool - Shutdown initiated...","logger_name":"com.zaxxer.hikari.HikariDataSource","thread_name":"DefaultDispatcher-worker-9","level":"INFO","level_value":20000}
{"@timestamp":"2026-10-09T11:14:46.527832651-03:00","@version":"1","message":"saga-db-pool - Shutdown completed.","logger_name":"com.zaxxer.hikari.HikariDataSource","thread_name":"DefaultDispatcher-worker-9","level":"INFO","level_value":20000}
{"@timestamp":"2026-10-09T11:14:46.633942812-03:00","@version":"1","message":"Application started in 0.095 seconds.","logger_name":"io.ktor.test","thread_name":"DefaultDispatcher-worker-9 @call-context#1867","level":"INFO","level_value":20000}
{"@timestamp":"2026-10-09T11:14:46.634237962-03:00","@version":"1","message":"Responding at http://localhost:80","logger_name":"io.ktor.test","thread_name":"DefaultDispatcher-worker-4 @coroutine#1952","level":"INFO","level_value":20000}
{"@timestamp":"2026-10-09T11:14:46.634332399-03:00","@version":"1","message":"Responding at https://localhost:443","logger_name":"io.ktor.test","thread_name":"DefaultDispatcher-worker-4 @coroutine#1952","level":"INFO","level_value":20000}
{"@timestamp":"2026-10-09T11:14:46.643985796-03:00","@version":"1","message":"200 OK POST /workflows/run","logger_name":"io.ktor.test","thread_name":"DefaultDispatcher-worker-10 @request#1867","level":"INFO","level_value":20000,"traceId":"00000000000000000000000000000000","spanId":"0000000000000000"}
{"@timestamp":"2026-10-09T11:14:46.654745347-03:00","@version":"1","message":"200 OK GET /workflows/87a745fc-5d86-4c2f-a980-dfa69bf1d7b5","logger_name":"io.ktor.test","thread_name":"DefaultDispatcher-worker-2 @request#1959","level":"INFO","level_value":20000,"traceId":"00000000000000000000000000000000","spanId":"0000000000000000"}
{"@timestamp":"2026-10-09T11:14:46.70716403-03:00","@version":"1","message":"async node waiting for callback","logger_name":"run.trama.saga.workflow.WorkflowExecutor","thread_name":"DefaultDispatcher-worker-9 @coroutine#1941","level":"INFO","level_value":20000,"traceId":"00000000000000000000000000000000","spanId":"0000000000000000","sagaId":"87a745fc-5d86-4c2f-a980-dfa69bf1d7b5","nodeId":"authorize","deadlineAt":"2026-10-09T14:14:47.495722126Z"}
{"@timestamp":"2026-10-09T11:14:46.859811793-03:00","@version":"1","message":"200 OK GET /workflows/87a745fc-5d86-4c2f-a980-dfa69bf1d7b5","logger_name":"io.ktor.test","thread_name":"DefaultDispatcher-worker-9 @request#1966","level":"INFO","level_value":20000,"traceId":"00000000000000000000000000000000","spanId":"0000000000000000"}
{"@timestamp":"2026-10-09T11:14:46.863835669-03:00","@version":"1","message":"200 OK GET /workflows/87a745fc-5d86-4c2f-a980-dfa69bf1d7b5","logger_name":"io.ktor.test","thread_name":"DefaultDispatcher-worker-9 @request#1970","level":"INFO","level_value":20000,"traceId":"00000000000000000000000000000000","spanId":"0000000000000000"}
{"@timestamp":"2026-10-09T11:14:47.068849386-03:00","@version":"1","message":"200 OK GET /workflows/87a745fc-5d86-4c2f-a980-dfa69bf1d7b5","logger_name":"io.ktor.test","thread_name":"DefaultDispatcher-worker-1 @request#1974","level":"INFO","level_value":20000,"traceId":"00000000000000000000000000000000","spanId":"0000000000000000"}
{"@timestamp":"2026-10-09T11:14:47.274421956-03:00","@version":"1","message":"200 OK GET /workflows/87a745fc-5d86-4c2f-a980-dfa69bf1d7b5","logger_name":"io.ktor.test","thread_name":"DefaultDispatcher-worker-2 @request#1978","level":"INFO","level_value":20000,"traceId":"00000000000000000000000000000000","spanId":"0000000000000000"}
{"@timestamp":"2026-10-09T11:14:47.480328508-03:00","@version":"1","message":"200 OK GET /workflows/87a745fc-5d86-4c2f-a980-dfa69bf1d7b5","logger_name":"io.ktor.test","thread_name":"DefaultDispatcher-worker-1 @request#1982","level":"INFO","level_value":20000,"traceId":"00000000000000000000000000000000","spanId":"0000000000000000"}
{"@timestamp":"2026-10-09T11:14:47.506195321-03:00","@version":"1","message":"retry scheduled","logger_name":"run.trama.saga.workflow.WorkflowExecutor","thread_name":"DefaultDispatcher-worker-1 @coroutine#1942","level":"INFO","level_value":20000,"traceId":"00000000000000000000000000000000","spanId":"0000000000000000","sagaId":"87a745fc-5d86-4c2f-a980-dfa69bf1d7b5","delayMillis":10,"attempt":1}
{"@timestamp":"2026-10-09T11:14:47.511649255-03:00","@version":"1","message":"callback timeout","logger_name":"run.trama.saga.workflow.WorkflowExecutor","thread_name":"DefaultDispatcher-worker-7 @coroutine#1942","level":"WARN","level_value":30000,"traceId":"00000000000000000000000000000000","spanId":"0000000000000000","sagaId":"87a745fc-5d86-4c2f-a980-dfa69bf1d7b5","nodeId":"authorize","attempt":0}
{"@timestamp":"2026-10-09T11:14:47.561654175-03:00","@version":"1","message":"async node waiting for callback","logger_name":"run.trama.saga.workflow.WorkflowExecutor","thread_name":"DefaultDispatcher-worker-1 @coroutine#1941","level":"INFO","level_value":20000,"traceId":"00000000000000000000000000000000","spanId":"0000000000000000","sagaId":"87a745fc-5d86-4c2f-a980-dfa69bf1d7b5","nodeId":"authorize","deadlineAt":"2026-10-09T14:14:48.353896924Z"}
{"@timestamp":"2026-10-09T11:14:47.685696576-03:00","@version":"1","message":"200 OK GET /workflows/87a745fc-5d86-4c2f-a980-dfa69bf1d7b5","logger_name":"io.ktor.test","thread_name":"DefaultDispatcher-worker-10 @request#1989","level":"INFO","level_value":20000,"traceId":"00000000000000000000000000000000","spanId":"0000000000000000"}
{"@timestamp":"2026-10-09T11:14:47.891295415-03:00","@version":"1","message":"200 OK GET /workflows/87a745fc-5d86-4c2f-a980-dfa69bf1d7b5","logger_name":"io.ktor.test","thread_name":"DefaultDispatcher-worker-9 @request#1993","level":"INFO","level_value":20000,"traceId":"00000000000000000000000000000000","spanId":"0000000000000000"}
{"@timestamp":"2026-10-09T11:14:48.096623759-03:00","@version":"1","message":"200 OK GET /workflows/87a745fc-5d86-4c2f-a980-dfa69bf1d7b5","logger_name":"io.ktor.test","thread_name":"DefaultDispatcher-worker-9 @request#1997","level":"INFO","level_value":20000,"traceId":"00000000000000000000000000000000","spanId":"0000000000000000"}
{"@timestamp":"2026-10-09T11:14:48.301705473-03:00","@version":"1","message":"200 OK GET /workflows/87a745fc-5d86-4c2f-a980-dfa69bf1d7b5","logger_name":"io.ktor.test","thread_name":"DefaultDispatcher-worker-10 @request#2001","level":"INFO","level_value":20000,"traceId":"00000000000000000000000000000000","spanId":"0000000000000000"}
{"@timestamp":"2026-10-09T11:14:48.367088901-03:00","@version":"1","message":"compensation scheduled","logger_name":"run.trama.saga.workflow.WorkflowExecutor","thread_name":"DefaultDispatcher-worker-10 @coroutine#1942","level":"INFO","level_value":20000,"traceId":"00000000000000000000000000000000","spanId":"0000000000000000","sagaId":"87a745fc-5d86-4c2f-a980-dfa69bf1d7b5","failedNodeId":"authorize"}
{"@timestamp":"2026-10-09T11:14:48.373353196-03:00","@version":"1","message":"callback timeout","logger_name":"run.trama.saga.workflow.WorkflowExecutor","thread_name":"DefaultDispatcher-worker-10 @coroutine#1942","level":"WARN","level_value":30000,"traceId":"00000000000000000000000000000000","spanId":"0000000000000000","sagaId":"87a745fc-5d86-4c2f-a980-dfa69bf1d7b5","nodeId":"authorize","attempt":1}
{"@timestamp":"2026-10-09T11:14:48.425139059-03:00","@version":"1","message":"saga finished","logger_name":"run.trama.saga.workflow.WorkflowExecutor","thread_name":"DefaultDispatcher-worker-9 @coroutine#1941","level":"INFO","level_value":20000,"traceId":"00000000000000000000000000000000","spanId":"0000000000000000","sagaId":"87a745fc-5d86-4c2f-a980-dfa69bf1d7b5","sagaName":"async-timeout-086d157b","status":"FAILED","durationMs":1788}
{"@timestamp":"2026-10-09T11:14:48.50565781-03:00","@version":"1","message":"200 OK GET /workflows/87a745fc-5d86-4c2f-a980-dfa69bf1d7b5","logger_name":"io.ktor.test","thread_name":"DefaultDispatcher-worker-10 @request#2008","level":"INFO","level_value":20000,"traceId":"00000000000000000000000000000000","spanId":"0000000000000000"}
{"@timestamp":"2026-10-09T11:14:48.515676029-03:00","@version":"1","message":"saga-db-pool - Shutdown initiated...","logger_name":"com.zaxxer.hikari.HikariDataSource","thread_name":"DefaultDispatcher-worker-10","level":"INFO","level_value":20000}
{"@timestamp":"2026-10-09T11:14:48.516257373-03:00","@version":"1","message":"saga-db-pool - Shutdown completed.","logger_name":"com.zaxxer.hikari.HikariDataSource","thread_name":"DefaultDispatcher-worker-10","level":"INFO","level_value":20000}
{"@timestamp":"2026-10-09T11:14:48.609229515-03:00","@version":"1","message":"Application started in 0.082 seconds.","logger_name":"io.ktor.test","thread_name":"DefaultDispatcher-worker-10 @call-context#2016","level":"INFO","level_value":20000}
{"@timestamp":"2026-10-09T11:14:48.609419099-03:00","@version":"1","message":"Responding at http://localhost:80","logger_name":"io.ktor.test","thread_name":"DefaultDispatcher-worker-4 @coroutine#2101","level":"INFO","level_value":20000}
{"@timestamp":"2026-10-09T11:14:48.609510339-03:00","@version":"1","message":"Responding at https://localhost:443","logger_name":"io.ktor.test","thread_name":"DefaultDispatcher-worker-4 @coroutine#2101","level":"INFO","level_value":20000}
{"@timestamp":"2026-10-09T11:14:48.620085867-03:00","@version":"1","message":"200 OK POST /workflows/run","logger_name":"io.ktor.test","thread_name":"DefaultDispatcher-worker-5 @request#2016","level":"INFO","level_value":20000,"traceId":"00000000000000000000000000000000","spanId":"0000000000000000"}
{"@timestamp":"2026-10-09T11:14:48.63088386-03:00","@version":"1","message":"200 OK GET /workflows/75ada905-9510-41cb-9483-a896d9632347","logger_name":"io.ktor.test","thread_name":"DefaultDispatcher-worker-1 @request#2108","level":"INFO","level_value":20000,"traceId":"00000000000000000000000000000000","spanId":"0000000000000000"}
{"@timestamp":"2026-10-09T11:14:48.676353219-03:00","@version":"1","message":"node completed","logger_name":"run.trama.saga.workflow.TaskNodeHandler","thread_name":"DefaultDispatcher-worker-1 @coroutine#2090","level":"INFO","level_value":20000,"traceId":"00000000000000000000000000000000","spanId":"0000000000000000","sagaId":"75ada905-9510-41cb-9483-a896d9632347","nodeId":"authorize","phase":"UP","status":200}
{"@timestamp":"2026-10-09T11:14:48.67786008-03:00","@version":"1","message":"retry scheduled","logger_name":"run.trama.saga.workflow.WorkflowExecutor","thread_name":"DefaultDispatcher-worker-7 @coroutine#2090","level":"INFO","level_value":20000,"traceId":"00000000000000000000000000000000","spanId":"0000000000000000","sagaId":"75ada905-9510-41cb-9483-a896d9632347","delayMillis":10,"attempt":1}
{"@timestamp":"2026-10-09T11:14:48.728361807-03:00","@version":"1","message":"node completed","logger_name":"run.trama.saga.workflow.TaskNodeHandler","thread_name":"DefaultDispatcher-worker-1 @coroutine#2091","level":"INFO","level_value":20000,"traceId":"00000000000000000000000000000000","spanId":"0000000000000000","sagaId":"75ada905-9510-41cb-9483-a896d9632347","nodeId":"authorize","phase":"UP","status":200}
{"@timestamp":"2026-10-09T11:14:48.729704823-03:00","@version":"1","message":"compensation scheduled","logger_name":"run.trama.saga.workflow.WorkflowExecutor","thread_name":"DefaultDispatcher-worker-1 @coroutine#2091","level":"INFO","level_value":20000,"traceId":"00000000000000000000000000000000","spanId":"0000000000000000","sagaId":"75ada905-9510-41cb-9483-a896d9632347","failedNodeId":"authorize"}
{"@timestamp":"2026-10-09T11:14:48.782938827-03:00","@version":"1","message":"saga finished","logger_name":"run.trama.saga.workflow.WorkflowExecutor","thread_name":"DefaultDispatcher-worker-3 @coroutine#2090","level":"INFO","level_value":20000,"traceId":"00000000000000000000000000000000","spanId":"0000000000000000","sagaId":"75ada905-9510-41cb-9483-a896d9632347","sagaName":"async-wrong-status-23ba5558","status":"FAILED","durationMs":171}
{"@timestamp":"2026-10-09T11:14:48.836199721-03:00","@version":"1","message":"200 OK GET /workflows/75ada905-9510-41cb-9483-a896d9632347","logger_name":"io.ktor.test","thread_name":"DefaultDispatcher-worker-3 @request#2121","level":"INFO","level_value":20000,"traceId":"00000000000000000000000000000000","spanId":"0000000000000000"}
{"@timestamp":"2026-10-09T11:14:48.87609897-03:00","@version":"1","message":"saga-db-pool - Shutdown initiated...","logger_name":"com.zaxxer.hikari.HikariDataSource","thread_name":"DefaultDispatcher-worker-7","level":"INFO","level_value":20000}
{"@timestamp":"2026-10-09T11:14:48.876548628-03:00","@version":"1","message":"saga-db-pool - Shutdown completed.","logger_name":"com.zaxxer.hikari.HikariDataSource","thread_name":"DefaultDispatcher-worker-7","level":"INFO","level_value":20000}
{"@timestamp":"2026-10-09T11:14:48.943742914-03:00","@version":"1","message":"Application started in 0.058 seconds.","logger_name":"io.ktor.test","thread_name":"DefaultDispatcher-worker-7 @call-context#2129","level":"INFO","level_value":20000}
{"@timestamp":"2026-10-09T11:14:48.943935323-03:00","@version":"1","message":"Responding at http://localhost:80","logger_name":"io.ktor.test","thread_name":"DefaultDispatcher-worker-12 @coroutine#2214","level":"INFO","level_value":20000}
{"@timestamp":"2026-10-09T11:14:48.944027976-03:00","@version":"1","message":"Responding at https://localhost:443","logger_name":"io.ktor.test","thread_name":"DefaultDispatcher-worker-12 @coroutine#2214","level":"INFO","level_value":20000}
{"@timestamp":"2026-10-09T11:14:48.951831613-03:00","@version":"1","message":"200 OK POST /workflows/run","logger_name":"io.ktor.test","thread_name":"DefaultDispatcher-worker-7 @request#2129","level":"INFO","level_value":20000,"traceId":"00000000000000000000000000000000","spanId":"0000000000000000"}
{"@timestamp":"2026-10-09T11:14:48.960900981-03:00","@version":"1","message":"200 OK GET /workflows/8637f799-ae0c-4a84-999b-cb5b811a80e0","logger_name":"io.ktor.test","thread_name":"DefaultDispatcher-worker-8 @request#2221","level":"INFO","level_value":20000,"traceId":"00000000000000000000000000000000","spanId":"0000000000000000"}
{"@timestamp":"2026-10-09T11:14:49.012927282-03:00","@version":"1","message":"async node waiting for callback","logger_name":"run.trama.saga.workflow.WorkflowExecutor","thread_name":"DefaultDispatcher-worker-8 @coroutine#2203","level":"INFO","level_value":20000,"traceId":"00000000000000000000000000000000","spanId":"0000000000000000","sagaId":"8637f799-ae0c-4a84-999b-cb5b811a80e0","nodeId":"authorize","deadlineAt":"2026-10-09T14:15:19.003348934Z"}
{"@timestamp":"2026-10-09T11:14:49.165847643-03:00","@version":"1","message":"200 OK GET /workflows/8637f799-ae0c-4a84-999b-cb5b811a80e0","logger_name":"io.ktor.test","thread_name":"DefaultDispatcher-worker-2 @request#2228","level":"INFO","level_value":20000,"traceId":"00000000000000000000000000000000","spanId":"0000000000000000"}
{"@timestamp":"2026-10-09T11:14:49.171489798-03:00","@version":"1","message":"callback received","logger_name":"run.trama.saga.callback.CallbackReceiver","thread_name":"DefaultDispatcher-worker-4 @request#2232","level":"INFO","level_value":20000,"traceId":"00000000000000000000000000000000","spanId":"0000000000000000","executionId":"8637f799-ae0c-4a84-999b-cb5b811a80e0","nodeId":"authorize","attempt":0,"isSuccess":true}
{"@timestamp":"2026-10-09T11:14:49.17403205-03:00","@version":"1","message":"execution resumed after async callback","logger_name":"run.trama.saga.callback.CallbackReceiver","thread_name":"DefaultDispatcher-worker-4 @request#2232","level":"INFO","level_value":20000,"traceId":"00000000000000000000000000000000","spanId":"0000000000000000","executionId":"8637f799-ae0c-4a84-999b-cb5b811a80e0","nodeId":"authorize","nextNodeId":"capture"}
{"@timestamp":"2026-10-09T11:14:49.174389056-03:00","@version":"1","message":"202 Accepted POST /workflows/8637f799-ae0c-4a84-999b-cb5b811a80e0/node/authorize/callback","logger_name":"io.ktor.test","thread_name":"DefaultDispatcher-worker-4 @request#2232","level":"INFO","level_value":20000,"traceId":"00000000000000000000000000000000","spanId":"0000000000000000"}
{"@timestamp":"2026-10-09T11:14:49.178015511-03:00","@version":"1","message":"200 OK GET /workflows/8637f799-ae0c-4a84-999b-cb5b811a80e0","logger_name":"io.ktor.test","thread_name":"DefaultDispatcher-worker-4 @request#2233","level":"INFO","level_value":20000,"traceId":"00000000000000000000000000000000","spanId":"0000000000000000"}
{"@timestamp":"2026-10-09T11:14:49.233226774-03:00","@version":"1","message":"saga finished","logger_name":"run.trama.saga.workflow.WorkflowExecutor","thread_name":"DefaultDispatcher-worker-8 @coroutine#2204","level":"INFO","level_value":20000,"traceId":"00000000000000000000000000000000","spanId":"0000000000000000","sagaId":"8637f799-ae0c-4a84-999b-cb5b811a80e0","sagaName":"async-resume-22d1c43c","status":"SUCCEEDED","durationMs":287}
{"@timestamp":"2026-10-09T11:14:49.384061664-03:00","@version":"1","message":"200 OK GET /workflows/8637f799-ae0c-4a84-999b-cb5b811a80e0","logger_name":"io.ktor.test","thread_name":"DefaultDispatcher-worker-4 @request#2246","level":"INFO","level_value":20000,"traceId":"00000000000000000000000000000000","spanId":"0000000000000000"}
{"@timestamp":"2026-10-09T11:14:49.407360667-03:00","@version":"1","message":"saga-db-pool - Shutdown initiated...","logger_name":"com.zaxxer.hikari.HikariDataSource","thread_name":"DefaultDispatcher-worker-4","level":"INFO","level_value":20000}
{"@timestamp":"2026-10-09T11:14:49.407825544-03:00","@version":"1","message":"saga-db-pool - Shutdown completed.","logger_name":"com.zaxxer.hikari.HikariDataSource","thread_name":"DefaultDispatcher-worker-4","level":"INFO","level_value":20000}
{"@timestamp":"2026-10-09T11:14:49.512419296-03:00","@version":"1","message":"Application started in 0.096 seconds.","logger_name":"io.ktor.test","thread_name":"DefaultDispatcher-worker-4 @call-context#2254","level":"INFO","level_value":20000}
{"@timestamp":"2026-10-09T11:14:49.51272204-03:00","@version":"1","message":"Responding at http://localhost:80","logger_name":"io.ktor.test","thread_name":"DefaultDispatcher-worker-3 @coroutine#2339","level":"INFO","level_value":20000}
{"@timestamp":"2026-10-09T11:14:49.512795557-03:00","@version":"1","message":"Responding at https://localhost:443","logger_name":"io.ktor.test","thread_name":"DefaultDispatcher-worker-3 @coroutine#2339","level":"INFO","level_value":20000}
{"@timestamp":"2026-10-09T11:14:49.523552624-03:00","@version":"1","message":"200 OK POST /workflows/run","logger_name":"io.ktor.test","thread_name":"DefaultDispatcher-worker-10 @request#2254","level":"INFO","level_value":20000,"traceId":"00000000000000000000000000000000","spanId":"0000000000000000"}
{"@timestamp":"2026-10-09T11:14:49.535476176-03:00","@version":"1","message":"200 OK GET /workflows/84ad6c05-4c59-42a4-9ebe-3d30b08200a7","logger_name":"io.ktor.test","thread_name":"DefaultDispatcher-worker-11 @request#2346","level":"INFO","level_value":20000,"traceId":"00000000000000000000000000000000","spanId":"0000000000000000"}
{"@timestamp":"2026-10-09T11:14:49.545371986-03:00","@version":"1","message":"async node waiting for callback","logger_name":"run.trama.saga.workflow.WorkflowExecutor","thread_name":"DefaultDispatcher-worker-11 @coroutine#2329","level":"INFO","level_value":20000,"traceId":"00000000000000000000000000000000","spanId":"0000000000000000","sagaId":"84ad6c05-4c59-42a4-9ebe-3d30b08200a7","nodeId":"authorize","deadlineAt":"2026-10-09T14:15:19.534026352Z"}
{"@timestamp":"2026-10-09T11:14:49.741091055-03:00","@version":"1","message":"200 OK GET /workflows/84ad6c05-4c59-42a4-9ebe-3d30b08200a7","logger_name":"io.ktor.test","thread_name":"DefaultDispatcher-worker-11 @request#2353","level":"INFO","level_value":20000,"traceId":"00000000000000000000000000000000","spanId":"0000000000000000"}
{"@timestamp":"2026-10-09T11:14:49.783983728-03:00","@version":"1","message":"saga-db-pool - Shutdown initiated...","logger_name":"com.zaxxer.hikari.HikariDataSource","thread_name":"DefaultDispatcher-worker-11","level":"INFO","level_value":20000}
{"@timestamp":"2026-10-09T11:14:49.784505371-03:00","@version":"1","message":"saga-db-pool - Shutdown completed.","logger_name":"com.zaxxer.hikari.HikariDataSource","thread_name":"DefaultDispatcher-worker-11","level":"INFO","level_value":20000}
{"@timestamp":"2026-10-09T11:14:49.8541141-03:00","@version":"1","message":"Application started in 0.062 seconds.","logger_name":"io.ktor.test","thread_name":"DefaultDispatcher-worker-11 @call-context#2361","level":"INFO","level_value":20000}
{"@timestamp":"2026-10-09T11:14:49.854327218-03:00","@version":"1","message":"Responding at http://localhost:80","logger_name":"io.ktor.test","thread_name":"DefaultDispatcher-worker-5 @coroutine#2446","level":"INFO","level_value":20000}
{"@timestamp":"2026-10-09T11:14:49.854518244-03:00","@version":"1","message":"Responding at https://localhost:443","logger_name":"io.ktor.test","thread_name":"DefaultDispatcher-worker-5 @coroutine#2446","level":"INFO","level_value":20000}
{"@timestamp":"2026-10-09T11:14:49.862700778-03:00","@version":"1","message":"200 OK POST /workflows/run","logger_name":"io.ktor.test","thread_name":"DefaultDispatcher-worker-11 @request#2361","level":"INFO","level_value":20000,"traceId":"00000000000000000000000000000000","spanId":"0000000000000000"}
{"@timestamp":"2026-10-09T11:14:49.871655252-03:00","@version":"1","message":"200 OK GET /workflows/c05ad000-6b03-4ed3-8dae-57cea4ac5f5e","logger_name":"io.ktor.test","thread_name":"DefaultDispatcher-worker-5 @request#2453","level":"INFO","level_value":20000,"traceId":"00000000000000000000000000000000","spanId":"0000000000000000"}
{"@timestamp":"2026-10-09T11:14:49.9234223-03:00","@version":"1","message":"async node waiting for callback","logger_name":"run.trama.saga.workflow.WorkflowExecutor","thread_name":"DefaultDispatcher-worker-9 @coroutine#2435","level":"INFO","level_value":20000,"traceId":"00000000000000000000000000000000","spanId":"0000000000000000","sagaId":"c05ad000-6b03-4ed3-8dae-57cea4ac5f5e","nodeId":"authorize","deadlineAt":"2026-10-09T14:15:19.912577550Z"}
{"@timestamp":"2026-10-09T11:14:50.076573391-03:00","@version":"1","message":"200 OK GET /workflows/c05ad000-6b03-4ed3-8dae-57cea4ac5f5e","logger_name":"io.ktor.test","thread_name":"DefaultDispatcher-worker-9 @request#2460","level":"INFO","level_value":20000,"traceId":"00000000000000000000000000000000","spanId":"0000000000000000"}
{"@timestamp":"2026-10-09T11:14:50.081675729-03:00","@version":"1","message":"401 invalid callback token POST /workflows/c05ad000-6b03-4ed3-8dae-57cea4ac5f5e/node/authorize/callback","logger_name":"io.ktor.test","thread_name":"DefaultDispatcher-worker-9 @request#2464","level":"INFO","level_value":20000,"traceId":"00000000000000000000000000000000","spanId":"0000000000000000"}
{"@timestamp":"2026-10-09T11:14:50.113556991-03:00","@version":"1","message":"saga-db-pool - Shutdown initiated...","logger_name":"com.zaxxer.hikari.HikariDataSource","thread_name":"DefaultDispatcher-worker-9","level":"INFO","level_value":20000}
{"@timestamp":"2026-10-09T11:14:50.114114-03:00","@version":"1","message":"saga-db-pool - Shutdown completed.","logger_name":"com.zaxxer.hikari.HikariDataSource","thread_name":"DefaultDispatcher-worker-9","level":"INFO","level_value":20000}
{"@timestamp":"2026-10-09T11:14:50.185568683-03:00","@version":"1","message":"Application started in 0.062 seconds.","logger_name":"io.ktor.test","thread_name":"DefaultDispatcher-worker-9 @call-context#2472","level":"INFO","level_value":20000}
{"@timestamp":"2026-10-09T11:14:50.185741856-03:00","@version":"1","message":"Responding at http://localhost:80","logger_name":"io.ktor.test","thread_name":"DefaultDispatcher-worker-6 @coroutine#2557","level":"INFO","level_value":20000}
{"@timestamp":"2026-10-09T11:14:50.185810635-03:00","@version":"1","message":"Responding at https://localhost:443","logger_name":"io.ktor.test","thread_name":"DefaultDispatcher-worker-6 @coroutine#2557","level":"INFO","level_value":20000}
{"@timestamp":"2026-10-09T11:14:50.194328815-03:00","@version":"1","message":"200 OK POST /workflows/run","logger_name":"io.ktor.test","thread_name":"DefaultDispatcher-worker-12 @request#2472","level":"INFO","level_value":20000,"traceId":"00000000000000000000000000000000","spanId":"0000000000000000"}
{"@timestamp":"2026-10-09T11:14:50.203532944-03:00","@version":"1","message":"200 OK GET /workflows/b9f1baaf-3685-48df-9f63-a0d0d1863ead","logger_name":"io.ktor.test","thread_name":"DefaultDispatcher-worker-3 @request#2564","level":"INFO","level_value":20000,"traceId":"00000000000000000000000000000000","spanId":"0000000000000000"}
{"@timestamp":"2026-10-09T11:14:50.25412504-03:00","@version":"1","message":"async node waiting for callback","logger_name":"run.trama.saga.workflow.WorkflowExecutor","thread_name":"DefaultDispatcher-worker-3 @coroutine#2546","level":"INFO","level_value":20000,"traceId":"00000000000000000000000000000000","spanId":"0000000000000000","sagaId":"b9f1baaf-3685-48df-9f63-a0d0d1863ead","nodeId":"authorize","deadlineAt":"2026-10-09T14:15:20.242611763Z"}
{"@timestamp":"2026-10-09T11:14:50.408629556-03:00","@version":"1","message":"200 OK GET /workflows/b9f1baaf-3685-48df-9f63-a0d0d1863ead","logger_name":"io.ktor.test","thread_name":"DefaultDispatcher-worker-3 @request#2571","level":"INFO","level_value":20000,"traceId":"00000000000000000000000000000000","spanId":"0000000000000000"}
{"@timestamp":"2026-10-09T11:14:50.413462632-03:00","@version":"1","message":"callback received","logger_name":"run.trama.saga.callback.CallbackReceiver","thread_name":"DefaultDispatcher-worker-3 @request#2575","level":"INFO","level_value":20000,"traceId":"00000000000000000000000000000000","spanId":"0000000000000000","executionId":"b9f1baaf-3685-48df-9f63-a0d0d1863ead","nodeId":"authorize","attempt":0,"isSuccess":true}
{"@timestamp":"2026-10-09T11:14:50.416121912-03:00","@version":"1","message":"execution resumed after async callback","logger_name":"run.trama.saga.callback.CallbackReceiver","thread_name":"DefaultDispatcher-worker-3 @request#2575","level":"INFO","level_value":20000,"traceId":"00000000000000000000000000000000","spanId":"0000000000000000","executionId":"b9f1baaf-3685-48df-9f63-a0d0d1863ead","nodeId":"authorize","nextNodeId":"capture"}
{"@timestamp":"2026-10-09T11:14:50.416577542-03:00","@version":"1","message":"202 Accepted POST /workflows/b9f1baaf-3685-48df-9f63-a0d0d1863ead/node/authorize/callback","logger_name":"io.ktor.test","thread_name":"DefaultDispatcher-worker-3 @request#2575","level":"INFO","level_value":20000,"traceId":"00000000000000000000000000000000","spanId":"0000000000000000"}
{"@timestamp":"2026-10-09T11:14:50.418779901-03:00","@version":"1","message":"callback replay detected","logger_name":"run.trama.saga.callback.CallbackReceiver","thread_name":"DefaultDispatcher-worker-3 @request#2576","level":"WARN","level_value":30000,"traceId":"00000000000000000000000000000000","spanId":"0000000000000000","executionId":"b9f1baaf-3685-48df-9f63-a0d0d1863ead","nodeId":"authorize","nonce":"9960d107-cb2b-4948-9e0f-e0e22d950ac7"}
{"@timestamp":"2026-10-09T11:14:50.419413132-03:00","@version":"1","message":"409 duplicate callback (nonce already used) POST /workflows/b9f1baaf-3685-48df-9f63-a0d0d1863ead/node/authorize/callback","logger_name":"io.ktor.test","thread_name":"DefaultDispatcher-worker-3 @request#2576","level":"INFO","level_value":20000,"traceId":"00000000000000000000000000000000","spanId":"0000000000000000"}
{"@timestamp":"2026-10-09T11:14:50.445572961-03:00","@version":"1","message":"saga-db-pool - Shutdown initiated...","logger_name":"com.zaxxer.hikari.HikariDataSource","thread_name":"DefaultDispatcher-worker-9","level":"INFO","level_value":20000}
{"@timestamp":"2026-10-09T11:14:50.446103-03:00","@version":"1","message":"saga-db-pool - Shutdown completed.","logger_name":"com.zaxxer.hikari.HikariDataSource","thread_name":"DefaultDispatcher-worker-9","level":"INFO","level_value":20000}
{"@timestamp":"2026-10-09T11:14:50.538080366-03:00","@version":"1","message":"Application started in 0.083 seconds.","logger_name":"io.ktor.test","thread_name":"DefaultDispatcher-worker-9 @call-context#2584","level":"INFO","level_value":20000}
{"@timestamp":"2026-10-09T11:14:50.538414059-03:00","@version":"1","message":"Responding at http://localhost:80","logger_name":"io.ktor.test","thread_name":"DefaultDispatcher-worker-4 @coroutine#2669","level":"INFO","level_value":20000,"traceId":"00000000000000000000000000000000","spanId":"0000000000000000"}
{"@timestamp":"2026-10-09T11:14:50.538543099-03:00","@version":"1","message":"Responding at https://localhost:443","logger_name":"io.ktor.test","thread_name":"DefaultDispatcher-worker-4 @coroutine#2669","level":"INFO","level_value":20000,"traceId":"00000000000000000000000000000000","spanId":"0000000000000000"}
{"@timestamp":"2026-10-09T11:14:50.548022112-03:00","@version":"1","message":"200 OK POST /workflows/run","logger_name":"io.ktor.test","thread_name":"DefaultDispatcher-worker-9 @request#2584","level":"INFO","level_value":20000,"traceId":"00000000000000000000000000000000","spanId":"0000000000000000"}
{"@timestamp":"2026-10-09T11:14:50.561006243-03:00","@version":"1","message":"200 OK GET /workflows/49c6956f-1697-4db8-a21a-219c62a56dcc","logger_name":"io.ktor.test","thread_name":"DefaultDispatcher-worker-12 @request#2676","level":"INFO","level_value":20000,"traceId":"00000000000000000000000000000000","spanId":"0000000000000000"}
{"@timestamp":"2026-10-09T11:14:50.565454771-03:00","@version":"1","message":"node failed","logger_name":"run.trama.saga.workflow.TaskNodeHandler","thread_name":"DefaultDispatcher-worker-12 @coroutine#2658","level":"WARN","level_value":30000,"traceId":"00000000000000000000000000000000","spanId":"0000000000000000","sagaId":"b9f1baaf-3685-48df-9f63-a0d0d1863ead","nodeId":"capture","phase":"UP","error":"Failed to connect to localhost/[0:0:0:0:0:0:0:1]:44535"}
{"@timestamp":"2026-10-09T11:14:50.56780199-03:00","@version":"1","message":"retry scheduled","logger_name":"run.trama.saga.workflow.WorkflowExecutor","thread_name":"DefaultDispatcher-worker-9 @coroutine#2658","level":"INFO","level_value":20000,"traceId":"00000000000000000000000000000000","spanId":"0000000000000000","sagaId":"b9f1baaf-3685-48df-9f63-a0d0d1863ead","delayMillis":10,"attempt":1}
{"@timestamp":"2026-10-09T11:14:50.602715238-03:00","@version":"1","message":"node failed","logger_name":"run.trama.saga.workflow.TaskNodeHandler","thread_name":"DefaultDispatcher-worker-9 @coroutine#2659","level":"WARN","level_value":30000,"traceId":"00000000000000000000000000000000","spanId":"0000000000000000","sagaId":"b9f1baaf-3685-48df-9f63-a0d0d1863ead","nodeId":"capture","phase":"UP","error":"Failed to connect to localhost/[0:0:0:0:0:0:0:1]:44535"}
{"@timestamp":"2026-10-09T11:14:50.603458094-03:00","@version":"1","message":"compensation scheduled","logger_name":"run.trama.saga.workflow.WorkflowExecutor","thread_name":"DefaultDispatcher-worker-9 @coroutine#2659","level":"INFO","level_value":20000,"traceId":"00000000000000000000000000000000","spanId":"0000000000000000","sagaId":"b9f1baaf-3685-48df-9f63-a0d0d1863ead","failedNodeId":"capture"}
{"@timestamp":"2026-10-09T11:14:50.611611994-03:00","@version":"1","message":"success callback failed","logger_name":"run.trama.saga.workflow.WorkflowExecutor","thread_name":"DefaultDispatcher-worker-12 @coroutine#2658","level":"WARN","level_value":30000,"traceId":"00000000000000000000000000000000","spanId":"0000000000000000","sagaId":"49c6956f-1697-4db8-a21a-219c62a56dcc","warning":"success callback failed: node=onSuccessCallback status=503"}
{"@timestamp":"2026-10-09T11:14:50.613935558-03:00","@version":"1","message":"saga finished","logger_name":"run.trama.saga.workflow.WorkflowExecutor","thread_name":"DefaultDispatcher-worker-7 @coroutine#2658","level":"INFO","level_value":20000,"traceId":"00000000000000000000000000000000","spanId":"0000000000000000","sagaId":"49c6956f-1697-4db8-a21a-219c62a56dcc","sagaName":"hook-warn-fde1e21e","status":"SUCCEEDED","durationMs":73}
{"@timestamp":"2026-10-09T11:14:50.649528965-03:00","@version":"1","message":"node failed","logger_name":"run.trama.saga.workflow.TaskNodeHandler","thread_name":"DefaultDispatcher-worker-9 @coroutine#2659","level":"WARN","level_value":30000,"traceId":"00000000000000000000000000000000","spanId":"0000000000000000","sagaId":"b9f1baaf-3685-48df-9f63-a0d0d1863ead","nodeId":"authorize","phase":"DOWN","error":"Failed to connect to localhost/[0:0:0:0:0:0:0:1]:44535"}
{"@timestamp":"2026-10-09T11:14:50.650733973-03:00","@version":"1","message":"compensation retry scheduled","logger_name":"run.trama.saga.workflow.WorkflowExecutor","thread_name":"DefaultDispatcher-worker-7 @coroutine#2659","level":"INFO","level_value":20000,"traceId":"00000000000000000000000000000000","spanId":"0000000000000000","sagaId":"b9f1baaf-3685-48df-9f63-a0d0d1863ead","nodeId":"authorize"}
{"@timestamp":"2026-10-09T11:14:50.702321275-03:00","@version":"1","message":"node failed","logger_name":"run.trama.saga.workflow.TaskNodeHandler","thread_name":"DefaultDispatcher-worker-7 @coroutine#2658","level":"WARN","level_value":30000,"traceId":"00000000000000000000000000000000","spanId":"0000000000000000","sagaId":"b9f1baaf-3685-48df-9f63-a0d0d1863ead","nodeId":"authorize","phase":"DOWN","error":"Failed to connect to localhost/[0:0:0:0:0:0:0:1]:44535"}
{"@timestamp":"2026-10-09T11:14:50.705810314-03:00","@version":"1","message":"saga finished","logger_name":"run.trama.saga.workflow.WorkflowExecutor","thread_name":"DefaultDispatcher-worker-4 @coroutine#2658","level":"INFO","level_value":20000,"traceId":"00000000000000000000000000000000","spanId":"0000000000000000","sagaId":"b9f1baaf-3685-48df-9f63-a0d0d1863ead","sagaName":"async-replay-93413863","status":"CORRUPTED","durationMs":518}
{"@timestamp":"2026-10-09T11:14:50.765598213-03:00","@version":"1","message":"200 OK GET /workflows/49c6956f-1697-4db8-a21a-219c62a56dcc","logger_name":"io.ktor.test","thread_name":"DefaultDispatcher-worker-4 @request#2694","level":"INFO","level_value":20000,"traceId":"00000000000000000000000000000000","spanId":"0000000000000000"}
{"@timestamp":"2026-10-09T11:14:50.770225976-03:00","@version":"1","message":"200 OK GET /workflows/49c6956f-1697-4db8-a21a-219c62a56dcc","logger_name":"io.ktor.test","thread_name":"DefaultDispatcher-worker-4 @request#2698","level":"INFO","level_value":20000,"traceId":"00000000000000000000000000000000","spanId":"0000000000000000"}
{"@timestamp":"2026-10-09T11:14:50.774267074-03:00","@version":"1","message":"200 OK GET /workflows/49c6956f-1697-4db8-a21a-219c62a56dcc","logger_name":"io.ktor.test","thread_name":"DefaultDispatcher-worker-4 @request#2702","level":"INFO","level_value":20000,"traceId":"00000000000000000000000000000000","spanId":"0000000000000000"}
{"@timestamp":"2026-10-09T11:14:50.804924313-03:00","@version":"1","message":"saga-db-pool - Shutdown initiated...","logger_name":"com.zaxxer.hikari.HikariDataSource","thread_name":"DefaultDispatcher-worker-12","level":"INFO","level_value":20000}
{"@timestamp":"2026-10-09T11:14:50.805399239-03:00","@version":"1","message":"saga-db-pool - Shutdown completed.","logger_name":"com.zaxxer.hikari.HikariDataSource","thread_name":"DefaultDispatcher-worker-12","level":"INFO","level_value":20000}
{"@timestamp":"2026-10-09T11:14:50.873354534-03:00","@version":"1","message":"Application started in 0.06 seconds.","logger_name":"io.ktor.test","thread_name":"DefaultDispatcher-worker-12 @call-context#2710","level":"INFO","level_value":20000}
{"@timestamp":"2026-10-09T11:14:50.873580255-03:00","@version":"1","message":"Responding at http://localhost:80","logger_name":"io.ktor.test","thread_name":"DefaultDispatcher-worker-4 @coroutine#2795","level":"INFO","level_value":20000}
{"@timestamp":"2026-10-09T11:14:50.873687395-03:00","@version":"1","message":"Responding at https://localhost:443","logger_name":"io.ktor.test","thread_name":"DefaultDispatcher-worker-4 @coroutine#2795","level":"INFO","level_value":20000}
{"@timestamp":"2026-10-09T11:14:50.883118198-03:00","@version":"1","message":"200 OK POST /workflows/run","logger_name":"io.ktor.test","thread_name":"DefaultDispatcher-worker-12 @request#2710","level":"INFO","level_value":20000,"traceId":"00000000000000000000000000000000","spanId":"0000000000000000"}
{"@timestamp":"2026-10-09T11:14:50.893234739-03:00","@version":"1","message":"200 OK GET /workflows/4ffc0d6d-d39e-4454-b1c4-095b0e0dc1bd","logger_name":"io.ktor.test","thread_name":"DefaultDispatcher-worker-9 @request#2802","level":"INFO","level_value":20000,"traceId":"00000000000000000000000000000000","spanId":"0000000000000000"}
{"@timestamp":"2026-10-09T11:14:50.950663107-03:00","@version":"1","message":"node completed","logger_name":"run.trama.saga.workflow.TaskNodeHandler","thread_name":"DefaultDispatcher-worker-12 @coroutine#2784","level":"INFO","level_value":20000,"traceId":"00000000000000000000000000000000","spanId":"0000000000000000","sagaId":"4ffc0d6d-d39e-4454-b1c4-095b0e0dc1bd","nodeId":"b","phase":"UP","status":500}
{"@timestamp":"2026-10-09T11:14:50.952007074-03:00","@version":"1","message":"compensation scheduled","logger_name":"run.trama.saga.workflow.WorkflowExecutor","thread_name":"DefaultDispatcher-worker-12 @coroutine#2784","level":"INFO","level_value":20000,"traceId":"00000000000000000000000000000000","spanId":"0000000000000000","sagaId":"4ffc0d6d-d39e-4454-b1c4-095b0e0dc1bd","failedNodeId":"b"}
{"@timestamp":"2026-10-09T11:14:50.998517917-03:00","@version":"1","message":"saga finished","logger_name":"run.trama.saga.workflow.WorkflowExecutor","thread_name":"DefaultDispatcher-worker-9 @coroutine#2785","level":"INFO","level_value":20000,"traceId":"00000000000000000000000000000000","spanId":"0000000000000000","sagaId":"4ffc0d6d-d39e-4454-b1c4-095b0e0dc1bd","sagaName":"hook-fail-097fe6a0","status":"FAILED","durationMs":123}
{"@timestamp":"2026-10-09T11:14:51.098450092-03:00","@version":"1","message":"200 OK GET /workflows/4ffc0d6d-d39e-4454-b1c4-095b0e0dc1bd","logger_name":"io.ktor.test","thread_name":"DefaultDispatcher-worker-9 @request#2818","level":"INFO","level_value":20000,"traceId":"00000000000000000000000000000000","spanId":"0000000000000000"}
{"@timestamp":"2026-10-09T11:14:51.135367749-03:00","@version":"1","message":"saga-db-pool - Shutdown initiated...","logger_name":"com.zaxxer.hikari.HikariDataSource","thread_name":"DefaultDispatcher-worker-12","level":"INFO","level_value":20000}
{"@timestamp":"2026-10-09T11:14:51.136038461-03:00","@version":"1","message":"saga-db-pool - Shutdown completed.","logger_name":"com.zaxxer.hikari.HikariDataSource","thread_name":"DefaultDispatcher-worker-12","level":"INFO","level_value":20000}
{"@timestamp":"2026-10-09T11:14:51.199591093-03:00","@version":"1","message":"Application started in 0.056 seconds.","logger_name":"io.ktor.test","thread_name":"DefaultDispatcher-worker-12 @call-context#2826","level":"INFO","level_value":20000}
{"@timestamp":"2026-10-09T11:14:51.199824609-03:00","@version":"1","message":"Responding at http://localhost:80","logger_name":"io.ktor.test","thread_name":"DefaultDispatcher-worker-8 @coroutine#2911","level":"INFO","level_value":20000}
{"@timestamp":"2026-10-09T11:14:51.199888268-03:00","@version":"1","message":"Responding at https://localhost:443","logger_name":"io.ktor.test","thread_name":"DefaultDispatcher-worker-8 @coroutine#2911","level":"INFO","level_value":20000}
{"@timestamp":"2026-10-09T11:14:51.207450955-03:00","@version":"1","message":"200 OK POST /workflows/run","logger_name":"io.ktor.test","thread_name":"DefaultDispatcher-worker-12 @request#2826","level":"INFO","level_value":20000,"traceId":"00000000000000000000000000000000","spanId":"0000000000000000"}
{"@timestamp":"2026-10-09T11:14:51.216320811-03:00","@version":"1","message":"200 OK GET /workflows/c6311d9b-25ca-4413-9b21-a501b5abddd0","logger_name":"io.ktor.test","thread_name":"DefaultDispatcher-worker-1 @request#2918","level":"INFO","level_value":20000,"traceId":"00000000000000000000000000000000","spanId":"0000000000000000"}
{"@timestamp":"2026-10-09T11:14:51.268274296-03:00","@version":"1","message":"async node waiting for callback","logger_name":"run.trama.saga.workflow.WorkflowExecutor","thread_name":"DefaultDispatcher-worker-8 @coroutine#2901","level":"INFO","level_value":20000,"traceId":"00000000000000000000000000000000","spanId":"0000000000000000","sagaId":"c6311d9b-25ca-4413-9b21-a501b5abddd0","nodeId":"last","deadlineAt":"2026-10-09T14:15:21.258326019Z"}
{"@timestamp":"2026-10-09T11:14:51.421359144-03:00","@version":"1","message":"200 OK GET /workflows/c6311d9b-25ca-4413-9b21-a501b5abddd0","logger_name":"io.ktor.test","thread_name":"DefaultDispatcher-worker-8 @request#2925","level":"INFO","level_value":20000,"traceId":"00000000000000000000000000000000","spanId":"0000000000000000"}
{"@timestamp":"2026-10-09T11:14:51.426825151-03:00","@version":"1","message":"callback received","logger_name":"run.trama.saga.callback.CallbackReceiver","thread_name":"DefaultDispatcher-worker-3 @request#2929","level":"INFO","level_value":20000,"traceId":"00000000000000000000000000000000","spanId":"0000000000000000","executionId":"c6311d9b-25ca-4413-9b21-a501b5abddd0","nodeId":"last","attempt":0,"isSuccess":true}
{"@timestamp":"2026-10-09T11:14:51.429959508-03:00","@version":"1","message":"saga succeeded via async callback","logger_name":"run.trama.saga.callback.CallbackReceiver","thread_name":"DefaultDispatcher-worker-3 @request#2929","level":"INFO","level_value":20000,"traceId":"00000000000000000000000000000000","spanId":"0000000000000000","executionId":"c6311d9b-25ca-4413-9b21-a501b5abddd0","nodeId":"last"}
{"@timestamp":"2026-10-09T11:14:51.4303412-03:00","@version":"1","message":"202 Accepted POST /workflows/c6311d9b-25ca-4413-9b21-a501b5abddd0/node/last/callback","logger_name":"io.ktor.test","thread_name":"DefaultDispatcher-worker-3 @request#2929","level":"INFO","level_value":20000,"traceId":"00000000000000000000000000000000","spanId":"0000000000000000"}
{"@timestamp":"2026-10-09T11:14:51.434445936-03:00","@version":"1","message":"200 OK GET /workflows/c6311d9b-25ca-4413-9b21-a501b5abddd0","logger_name":"io.ktor.test","thread_name":"DefaultDispatcher-worker-8 @request#2930","level":"INFO","level_value":20000,"traceId":"00000000000000000000000000000000","spanId":"0000000000000000"}
{"@timestamp":"2026-10-09T11:14:51.468609095-03:00","@version":"1","message":"saga finished","logger_name":"run.trama.saga.workflow.WorkflowExecutor","thread_name":"DefaultDispatcher-worker-1 @coroutine#2900","level":"INFO","level_value":20000,"traceId":"00000000000000000000000000000000","spanId":"0000000000000000","sagaId":"c6311d9b-25ca-4413-9b21-a501b5abddd0","sagaName":"hook-async-c3aeefa2","status":"SUCCEEDED","durationMs":266}
{"@timestamp":"2026-10-09T11:14:51.638977795-03:00","@version":"1","message":"200 OK GET /workflows/c6311d9b-25ca-4413-9b21-a501b5abddd0","logger_name":"io.ktor.test","thread_name":"DefaultDispatcher-worker-1 @request#2937","level":"INFO","level_value":20000,"traceId":"00000000000000000000000000000000","spanId":"0000000000000000"}
{"@timestamp":"2026-10-09T11:14:52.164058262-03:00","@version":"1","message":"saga-db-pool - Shutdown initiated...","logger_name":"com.zaxxer.hikari.HikariDataSource","thread_name":"DefaultDispatcher-worker-6","level":"INFO","level_value":20000}
{"@timestamp":"2026-10-09T11:14:52.164526816-03:00","@version":"1","message":"saga-db-pool - Shutdown completed.","logger_name":"com.zaxxer.hikari.HikariDataSource","thread_name":"DefaultDispatcher-worker-6","level":"INFO","level_value":20000}
{"@timestamp":"2026-10-09T11:14:52.232569794-03:00","@version":"1","message":"Application started in 0.059 seconds.","logger_name":"io.ktor.test","thread_name":"DefaultDispatcher-worker-6 @call-context#2945","level":"INFO","level_value":20000}
{"@timestamp":"2026-10-09T11:14:52.232794053-03:00","@version":"1","message":"Responding at http://localhost:80","logger_name":"io.ktor.test","thread_name":"DefaultDispatcher-worker-3 @coroutine#3030","level":"INFO","level_value":20000}
{"@timestamp":"2026-10-09T11:14:52.232863763-03:00","@version":"1","message":"Responding at https://localhost:443","logger_name":"io.ktor.test","thread_name":"DefaultDispatcher-worker-3 @coroutine#3030","level":"INFO","level_value":20000}
{"@timestamp":"2026-10-09T11:14:52.241398644-03:00","@version":"1","message":"200 OK POST /workflows/run","logger_name":"io.ktor.test","thread_name":"DefaultDispatcher-worker-10 @request#2945","level":"INFO","level_value":20000,"traceId":"00000000000000000000000000000000","spanId":"0000000000000000"}
{"@timestamp":"2026-10-09T11:14:52.250533775-03:00","@version":"1","message":"200 OK GET /workflows/7be227af-551e-4424-8ba4-82d93597cd7e","logger_name":"io.ktor.test","thread_name":"DefaultDispatcher-worker-4 @request#3037","level":"INFO","level_value":20000,"traceId":"00000000000000000000000000000000","spanId":"0000000000000000"}
{"@timestamp":"2026-10-09T11:14:52.302571557-03:00","@version":"1","message":"saga finished","logger_name":"run.trama.saga.workflow.WorkflowExecutor","thread_name":"DefaultDispatcher-worker-4 @coroutine#3020","level":"INFO","level_value":20000,"traceId":"00000000000000000000000000000000","spanId":"0000000000000000","sagaId":"7be227af-551e-4424-8ba4-82d93597cd7e","sagaName":"hook-ok-364753b5","status":"SUCCEEDED","durationMs":67}
{"@timestamp":"2026-10-09T11:14:52.455438218-03:00","@version":"1","message":"200 OK GET /workflows/7be227af-551e-4424-8ba4-82d93597cd7e","logger_name":"io.ktor.test","thread_name":"DefaultDispatcher-worker-10 @request#3047","level":"INFO","level_value":20000,"traceId":"00000000000000000000000000000000","spanId":"0000000000000000"}
{"@timestamp":"2026-10-09T11:14:52.493589847-03:00","@version":"1","message":"saga-db-pool - Shutdown initiated...","logger_name":"com.zaxxer.hikari.HikariDataSource","thread_name":"DefaultDispatcher-worker-10","level":"INFO","level_value":20000}
{"@timestamp":"2026-10-09T11:14:52.494102233-03:00","@version":"1","message":"saga-db-pool - Shutdown completed.","logger_name":"com.zaxxer.hikari.HikariDataSource","thread_name":"DefaultDispatcher-worker-10","level":"INFO","level_value":20000}
{"@timestamp":"2026-10-09T11:14:52.574586701-03:00","@version":"1","message":"Application started in 0.071 seconds.","logger_name":"io.ktor.test","thread_name":"DefaultDispatcher-worker-10 @call-context#3055","level":"INFO","level_value":20000}
{"@timestamp":"2026-10-09T11:14:52.574900025-03:00","@version":"1","message":"Responding at http://localhost:80","logger_name":"io.ktor.test","thread_name":"DefaultDispatcher-worker-6 @coroutine#3140","level":"INFO","level_value":20000,"traceId":"00000000000000000000000000000000","spanId":"0000000000000000"}
{"@timestamp":"2026-10-09T11:14:52.575032993-03:00","@version":"1","message":"Responding at https://localhost:443","logger_name":"io.ktor.test","thread_name":"DefaultDispatcher-worker-6 @coroutine#3140","level":"INFO","level_value":20000,"traceId":"00000000000000000000000000000000","spanId":"0000000000000000"}
{"@timestamp":"2026-10-09T11:14:52.598802563-03:00","@version":"1","message":"200 OK POST /workflows/definitions","logger_name":"io.ktor.test","thread_name":"DefaultDispatcher-worker-10 @request#3055","level":"INFO","level_value":20000,"traceId":"00000000000000000000000000000000","spanId":"0000000000000000"}
{"@timestamp":"2026-10-09T11:14:52.603330139-03:00","@version":"1","message":"409 Conflict POST /workflows/definitions","logger_name":"io.ktor.test","thread_name":"DefaultDispatcher-worker-10 @request#3147","level":"INFO","level_value":20000,"traceId":"00000000000000000000000000000000","spanId":"0000000000000000"}
{"@timestamp":"2026-10-09T11:14:52.635188519-03:00","@version":"1","message":"saga-db-pool - Shutdown initiated...","logger_name":"com.zaxxer.hikari.HikariDataSource","thread_name":"DefaultDispatcher-worker-10","level":"INFO","level_value":20000}
{"@timestamp":"2026-10-09T11:14:52.635875791-03:00","@version":"1","message":"saga-db-pool - Shutdown completed.","logger_name":"com.zaxxer.hikari.HikariDataSource","thread_name":"DefaultDispatcher-worker-10","level":"INFO","level_value":20000}
{"@timestamp":"2026-10-09T11:14:52.706348001-03:00","@version":"1","message":"Application started in 0.062 seconds.","logger_name":"io.ktor.test","thread_name":"DefaultDispatcher-worker-10 @call-context#3155","level":"INFO","level_value":20000}
{"@timestamp":"2026-10-09T11:14:52.706523368-03:00","@version":"1","message":"Responding at http://localhost:80","logger_name":"io.ktor.test","thread_name":"DefaultDispatcher-worker-7 @coroutine#3240","level":"INFO","level_value":20000}
{"@timestamp":"2026-10-09T11:14:52.70660483-03:00","@version":"1","message":"Responding at https://localhost:443","logger_name":"io.ktor.test","thread_name":"DefaultDispatcher-worker-7 @coroutine#3240","level":"INFO","level_value":20000}
{"@timestamp":"2026-10-09T11:14:52.714405982-03:00","@version":"1","message":"200 OK POST /workflows/definitions","logger_name":"io.ktor.test","thread_name":"DefaultDispatcher-worker-10 @request#3155","level":"INFO","level_value":20000,"traceId":"00000000000000000000000000000000","spanId":"0000000000000000"}
{"@timestamp":"2026-10-09T11:14:52.716797774-03:00","@version":"1","message":"200 OK GET /workflows/definitions/4146b7e2-a470-40e6-97de-8163975dd1b1","logger_name":"io.ktor.test","thread_name":"DefaultDispatcher-worker-10 @request#3247","level":"INFO","level_value":20000,"traceId":"00000000000000000000000000000000","spanId":"0000000000000000"}
{"@timestamp":"2026-10-09T11:14:52.764514065-03:00","@version":"1","message":"saga-db-pool - Shutdown initiated...","logger_name":"com.zaxxer.hikari.HikariDataSource","thread_name":"DefaultDispatcher-worker-2","level":"INFO","level_value":20000}
{"@timestamp":"2026-10-09T11:14:52.765073188-03:00","@version":"1","message":"saga-db-pool - Shutdown completed.","logger_name":"com.zaxxer.hikari.HikariDataSource","thread_name":"DefaultDispatcher-worker-2","level":"INFO","level_value":20000}
{"@timestamp":"2026-10-09T11:14:52.834223563-03:00","@version":"1","message":"Application started in 0.061 seconds.","logger_name":"io.ktor.test","thread_name":"DefaultDispatcher-worker-2 @call-context#3255","level":"INFO","level_value":20000}
{"@timestamp":"2026-10-09T11:14:52.834410462-03:00","@version":"1","message":"Responding at http://localhost:80","logger_name":"io.ktor.test","thread_name":"DefaultDispatcher-worker-12 @coroutine#3340","level":"INFO","level_value":20000}
{"@timestamp":"2026-10-09T11:14:52.834486774-03:00","@version":"1","message":"Responding at https://localhost:443","logger_name":"io.ktor.test","thread_name":"DefaultDispatcher-worker-12 @coroutine#3340","level":"INFO","level_value":20000}
{"@timestamp":"2026-10-09T11:14:52.842807115-03:00","@version":"1","message":"200 OK POST /workflows/run","logger_name":"io.ktor.test","thread_name":"DefaultDispatcher-worker-11 @request#3255","level":"INFO","level_value":20000,"traceId":"00000000000000000000000000000000","spanId":"0000000000000000"}
{"@timestamp":"2026-10-09T11:14:52.853741372-03:00","@version":"1","message":"200 OK GET /workflows/078185aa-5625-4b9e-a7b0-89b59cce288f","logger_name":"io.ktor.test","thread_name":"DefaultDispatcher-worker-2 @request#3347","level":"INFO","level_value":20000,"traceId":"00000000000000000000000000000000","spanId":"0000000000000000"}
{"@timestamp":"2026-10-09T11:14:52.865543818-03:00","@version":"1","message":"saga finished","logger_name":"run.trama.saga.workflow.WorkflowExecutor","thread_name":"DefaultDispatcher-worker-2 @coroutine#3329","level":"INFO","level_value":20000,"traceId":"00000000000000000000000000000000","spanId":"0000000000000000","sagaId":"078185aa-5625-4b9e-a7b0-89b59cce288f","sagaName":"def-status-1b785da9","status":"SUCCEEDED","durationMs":27}
{"@timestamp":"2026-10-09T11:14:53.0584874-03:00","@version":"1","message":"200 OK GET /workflows/078185aa-5625-4b9e-a7b0-89b59cce288f","logger_name":"io.ktor.test","thread_name":"DefaultDispatcher-worker-2 @request#3357","level":"INFO","level_value":20000,"traceId":"00000000000000000000000000000000","spanId":"0000000000000000"}
{"@timestamp":"2026-10-09T11:14:53.098175555-03:00","@version":"1","message":"saga-db-pool - Shutdown initiated...","logger_name":"com.zaxxer.hikari.HikariDataSource","thread_name":"DefaultDispatcher-worker-3","level":"INFO","level_value":20000}
{"@timestamp":"2026-10-09T11:14:53.098741951-03:00","@version":"1","message":"saga-db-pool - Shutdown completed.","logger_name":"com.zaxxer.hikari.HikariDataSource","thread_name":"DefaultDispatcher-worker-3","level":"INFO","level_value":20000}
{"@timestamp":"2026-10-09T11:14:53.159371861-03:00","@version":"1","message":"Application started in 0.052 seconds.","logger_name":"io.ktor.test","thread_name":"DefaultDispatcher-worker-3 @call-context#3365","level":"INFO","level_value":20000}
{"@timestamp":"2026-10-09T11:14:53.159552078-03:00","@version":"1","message":"Responding at http://localhost:80","logger_name":"io.ktor.test","thread_name":"DefaultDispatcher-worker-10 @coroutine#3450","level":"INFO","level_value":20000}
{"@timestamp":"2026-10-09T11:14:53.159608483-03:00","@version":"1","message":"Responding at https://localhost:443","logger_name":"io.ktor.test","thread_name":"DefaultDispatcher-worker-10 @coroutine#3450","level":"INFO","level_value":20000}
{"@timestamp":"2026-10-09T11:14:53.16690266-03:00","@version":"1","message":"200 OK POST /workflows/definitions","logger_name":"io.ktor.test","thread_name":"DefaultDispatcher-worker-3 @request#3365","level":"INFO","level_value":20000,"traceId":"00000000000000000000000000000000","spanId":"0000000000000000"}
{"@timestamp":"2026-10-09T11:14:53.174186938-03:00","@version":"1","message":"200 OK POST /workflows/definitions/def-run-2aebdbc9/v1/run","logger_name":"io.ktor.test","thread_name":"DefaultDispatcher-worker-3 @request#3457","level":"INFO","level_value":20000,"traceId":"00000000000000000000000000000000","spanId":"0000000000000000"}
{"@timestamp":"2026-10-09T11:14:53.183067614-03:00","@version":"1","message":"200 OK GET /workflows/0af3ec9e-e33a-474a-afc4-935ff8093edd","logger_name":"io.ktor.test","thread_name":"DefaultDispatcher-worker-5 @request#3461","level":"INFO","level_value":20000,"traceId":"00000000000000000000000000000000","spanId":"0000000000000000"}
{"@timestamp":"2026-10-09T11:14:53.22871194-03:00","@version":"1","message":"saga finished","logger_name":"run.trama.saga.workflow.WorkflowExecutor","thread_name":"DefaultDispatcher-worker-4 @coroutine#3440","level":"INFO","level_value":20000,"traceId":"00000000000000000000000000000000","spanId":"0000000000000000","sagaId":"0af3ec9e-e33a-474a-afc4-935ff8093edd","sagaName":"def-run-2aebdbc9","status":"SUCCEEDED","durationMs":57}
{"@timestamp":"2026-10-09T11:14:53.388417108-03:00","@version":"1","message":"200 OK GET /workflows/0af3ec9e-e33a-474a-afc4-935ff8093edd","logger_name":"io.ktor.test","thread_name":"DefaultDispatcher-worker-4 @request#3471","level":"INFO","level_value":20000,"traceId":"00000000000000000000000000000000","spanId":"0000000000000000"}
{"@timestamp":"2026-10-09T11:14:53.417365298-03:00","@version":"1","message":"saga-db-pool - Shutdown initiated...","logger_name":"com.zaxxer.hikari.HikariDataSource","thread_name":"DefaultDispatcher-worker-4","level":"INFO","level_value":20000}
{"@timestamp":"2026-10-09T11:14:53.417893454-03:00","@version":"1","message":"saga-db-pool - Shutdown completed.","logger_name":"com.zaxxer.hikari.HikariDataSource","thread_name":"DefaultDispatcher-worker-4","level":"INFO","level_value":20000}
{"@timestamp":"2026-10-09T11:14:53.490616513-03:00","@version":"1","message":"Application started in 0.065 seconds.","logger_name":"io.ktor.test","thread_name":"DefaultDispatcher-worker-4 @call-context#3479","level":"INFO","level_value":20000}
{"@timestamp":"2026-10-09T11:14:53.490892838-03:00","@version":"1","message":"Responding at http://localhost:80","logger_name":"io.ktor.test","thread_name":"DefaultDispatcher-worker-9 @coroutine#3564","level":"INFO","level_value":20000}
{"@timestamp":"2026-10-09T11:14:53.490941299-03:00","@version":"1","message":"Responding at https://localhost:443","logger_name":"io.ktor.test","thread_name":"DefaultDispatcher-worker-9 @coroutine#3564","level":"INFO","level_value":20000}
{"@timestamp":"2026-10-09T11:14:53.509265711-03:00","@version":"1","message":"200 OK POST /workflows/definitions","logger_name":"io.ktor.test","thread_name":"DefaultDispatcher-worker-4 @request#3479","level":"INFO","level_value":20000,"traceId":"00000000000000000000000000000000","spanId":"0000000000000000"}
{"@timestamp":"2026-10-09T11:14:53.51285126-03:00","@version":"1","message":"200 OK GET /workflows/definitions/def-del-859bc1d3/v1","logger_name":"io.ktor.test","thread_name":"DefaultDispatcher-worker-4 @request#3571","level":"INFO","level_value":20000,"traceId":"00000000000000000000000000000000","spanId":"0000000000000000"}
{"@timestamp":"2026-10-09T11:14:53.523027934-03:00","@version":"1","message":"204 No Content DELETE /workflows/definitions/413397db-d046-4e79-aa24-c668c4ee01bc","logger_name":"io.ktor.test","thread_name":"DefaultDispatcher-worker-4 @request#3575","level":"INFO","level_value":20000,"traceId":"00000000000000000000000000000000","spanId":"0000000000000000"}
{"@timestamp":"2026-10-09T11:14:53.528335314-03:00","@version":"1","message":"204 No Content GET /workflows/definitions/413397db-d046-4e79-aa24-c668c4ee01bc","logger_name":"io.ktor.test","thread_name":"DefaultDispatcher-worker-4 @request#3576","level":"INFO","level_value":20000,"traceId":"00000000000000000000000000000000","spanId":"0000000000000000"}
{"@timestamp":"2026-10-09T11:14:53.532120535-03:00","@version":"1","message":"204 No Content GET /workflows/definitions/def-del-859bc1d3/v1","logger_name":"io.ktor.test","thread_name":"DefaultDispatcher-worker-4 @request#3577","level":"INFO","level_value":20000,"traceId":"00000000000000000000000000000000","spanId":"0000000000000000"}
{"@timestamp":"2026-10-09T11:14:53.536494925-03:00","@version":"1","message":"204 No Content POST /workflows/definitions/def-del-859bc1d3/v1/run","logger_name":"io.ktor.test","thread_name":"DefaultDispatcher-worker-9 @request#3578","level":"INFO","level_value":20000,"traceId":"00000000000000000000000000000000","spanId":"0000000000000000"}
{"@timestamp":"2026-10-09T11:14:53.539213877-03:00","@version":"1","message":"204 No Content DELETE /workflows/definitions/413397db-d046-4e79-aa24-c668c4ee01bc","logger_name":"io.ktor.test","thread_name":"DefaultDispatcher-worker-9 @request#3579","level":"INFO","level_value":20000,"traceId":"00000000000000000000000000000000","spanId":"0000000000000000"}
{"@timestamp":"2026-10-09T11:14:53.540891316-03:00","@version":"1","message":"400 Bad Request DELETE /workflows/definitions/nope","logger_name":"io.ktor.test","thread_name":"DefaultDispatcher-worker-9 @request#3580","level":"INFO","level_value":20000,"traceId":"00000000000000000000000000000000","spanId":"0000000000000000"}
{"@timestamp":"2026-10-09T11:14:53.55923238-03:00","@version":"1","message":"saga-db-pool - Shutdown initiated...","logger_name":"com.zaxxer.hikari.HikariDataSource","thread_name":"DefaultDispatcher-worker-8","level":"INFO","level_value":20000}
{"@timestamp":"2026-10-09T11:14:53.559827761-03:00","@version":"1","message":"saga-db-pool - Shutdown completed.","logger_name":"com.zaxxer.hikari.HikariDataSource","thread_name":"DefaultDispatcher-worker-8","level":"INFO","level_value":20000}
{"@timestamp":"2026-10-09T11:14:53.643873712-03:00","@version":"1","message":"Application started in 0.074 seconds.","logger_name":"io.ktor.test","thread_name":"DefaultDispatcher-worker-8 @call-context#3588","level":"INFO","level_value":20000}
{"@timestamp":"2026-10-09T11:14:53.644066572-03:00","@version":"1","message":"Responding at http://localhost:80","logger_name":"io.ktor.test","thread_name":"DefaultDispatcher-worker-9 @coroutine#3673","level":"INFO","level_value":20000}
{"@timestamp":"2026-10-09T11:14:53.644121364-03:00","@version":"1","message":"Responding at https://localhost:443","logger_name":"io.ktor.test","thread_name":"DefaultDispatcher-worker-9 @coroutine#3673","level":"INFO","level_value":20000}
{"@timestamp":"2026-10-09T11:14:53.651714038-03:00","@version":"1","message":"204 No Content GET /workflows/definitions/79df0985-e23d-4f68-941e-922f8d448760","logger_name":"io.ktor.test","thread_name":"DefaultDispatcher-worker-8 @request#3588","level":"INFO","level_value":20000,"traceId":"00000000000000000000000000000000","spanId":"0000000000000000"}
{"@timestamp":"2026-10-09T11:14:53.655059899-03:00","@version":"1","message":"204 No Content GET /workflows/definitions/nope-aa2cf45a-dde4-4868-b545-a3d2a30130ae/v1","logger_name":"io.ktor.test","thread_name":"DefaultDispatcher-worker-1 @request#3677","level":"INFO","level_value":20000,"traceId":"00000000000000000000000000000000","spanId":"0000000000000000"}
{"@timestamp":"2026-10-09T11:14:53.658267733-03:00","@version":"1","message":"204 No Content POST /workflows/definitions/nope-74b3778d-b606-4008-a6a8-c119c38dbb73/v1/run","logger_name":"io.ktor.test","thread_name":"DefaultDispatcher-worker-1 @request#3678","level":"INFO","level_value":20000,"traceId":"00000000000000000000000000000000","spanId":"0000000000000000"}
{"@timestamp":"2026-10-09T11:14:53.703224306-03:00","@version":"1","message":"saga-db-pool - Shutdown initiated...","logger_name":"com.zaxxer.hikari.HikariDataSource","thread_name":"DefaultDispatcher-worker-1","level":"INFO","level_value":20000}
{"@timestamp":"2026-10-09T11:14:53.703817132-03:00","@version":"1","message":"saga-db-pool - Shutdown completed.","logger_name":"com.zaxxer.hikari.HikariDataSource","thread_name":"DefaultDispatcher-worker-1","level":"INFO","level_value":20000}
{"@timestamp":"2026-10-09T11:14:53.773720752-03:00","@version":"1","message":"Application started in 0.061 seconds.","logger_name":"io.ktor.test","thread_name":"DefaultDispatcher-worker-1 @call-context#3683","level":"INFO","level_value":20000}
{"@timestamp":"2026-10-09T11:14:53.773919082-03:00","@version":"1","message":"Responding at http://localhost:80","logger_name":"io.ktor.test","thread_name":"DefaultDispatcher-worker-12 @coroutine#3768","level":"INFO","level_value":20000}
{"@timestamp":"2026-10-09T11:14:53.774001435-03:00","@version":"1","message":"Responding at https://localhost:443","logger_name":"io.ktor.test","thread_name":"DefaultDispatcher-worker-12 @coroutine#3768","level":"INFO","level_value":20000}
{"@timestamp":"2026-10-09T11:14:53.781929234-03:00","@version":"1","message":"200 OK POST /workflows/definitions","logger_name":"io.ktor.test","thread_name":"DefaultDispatcher-worker-1 @request#3683","level":"INFO","level_value":20000,"traceId":"00000000000000000000000000000000","spanId":"0000000000000000"}
{"@timestamp":"2026-10-09T11:14:53.784133696-03:00","@version":"1","message":"200 OK GET /workflows/definitions/def-v2-6b7baa9f/v1","logger_name":"io.ktor.test","thread_name":"DefaultDispatcher-worker-7 @request#3775","level":"INFO","level_value":20000,"traceId":"00000000000000000000000000000000","spanId":"0000000000000000"}
{"@timestamp":"2026-10-09T11:14:53.794033253-03:00","@version":"1","message":"200 OK GET /workflows/definitions","logger_name":"io.ktor.test","thread_name":"DefaultDispatcher-worker-12 @request#3779","level":"INFO","level_value":20000,"traceId":"00000000000000000000000000000000","spanId":"0000000000000000"}
{"@timestamp":"2026-10-09T11:14:53.832498427-03:00","@version":"1","message":"saga-db-pool - Shutdown initiated...","logger_name":"com.zaxxer.hikari.HikariDataSource","thread_name":"DefaultDispatcher-worker-4","level":"INFO","level_value":20000}
{"@timestamp":"2026-10-09T11:14:53.832976609-03:00","@version":"1","message":"saga-db-pool - Shutdown completed.","logger_name":"com.zaxxer.hikari.HikariDataSource","thread_name":"DefaultDispatcher-worker-4","level":"INFO","level_value":20000}
{"@timestamp":"2026-10-09T11:14:53.898977168-03:00","@version":"1","message":"Application started in 0.057 seconds.","logger_name":"io.ktor.test","thread_name":"DefaultDispatcher-worker-4 @call-context#3787","level":"INFO","level_value":20000}
{"@timestamp":"2026-10-09T11:14:53.899363208-03:00","@version":"1","message":"Responding at http://localhost:80","logger_name":"io.ktor.test","thread_name":"DefaultDispatcher-worker-7 @coroutine#3872","level":"INFO","level_value":20000}
{"@timestamp":"2026-10-09T11:14:53.899517836-03:00","@version":"1","message":"Responding at https://localhost:443","logger_name":"io.ktor.test","thread_name":"DefaultDispatcher-worker-7 @coroutine#3872","level":"INFO","level_value":20000}
{"@timestamp":"2026-10-09T11:14:53.907461214-03:00","@version":"1","message":"200 OK PUT /workflows/definitions/407b91c6-d6a9-434f-9b24-1bcb0f8ba132","logger_name":"io.ktor.test","thread_name":"DefaultDispatcher-worker-4 @request#3787","level":"INFO","level_value":20000,"traceId":"00000000000000000000000000000000","spanId":"0000000000000000"}
{"@timestamp":"2026-10-09T11:14:53.909385374-03:00","@version":"1","message":"200 OK GET /workflows/definitions/407b91c6-d6a9-434f-9b24-1bcb0f8ba132","logger_name":"io.ktor.test","thread_name":"DefaultDispatcher-worker-4 @request#3879","level":"INFO","level_value":20000,"traceId":"00000000000000000000000000000000","spanId":"0000000000000000"}
{"@timestamp":"2026-10-09T11:14:53.912971764-03:00","@version":"1","message":"409 Conflict PUT /workflows/definitions/407b91c6-d6a9-434f-9b24-1bcb0f8ba132","logger_name":"io.ktor.test","thread_name":"DefaultDispatcher-worker-10 @request#3883","level":"INFO","level_value":20000,"traceId":"00000000000000000000000000000000","spanId":"0000000000000000"}
{"@timestamp":"2026-10-09T11:14:53.917020095-03:00","@version":"1","message":"409 Conflict PUT /workflows/definitions/1b4a4524-a49a-4815-96f5-5ba6e8adb505","logger_name":"io.ktor.test","thread_name":"DefaultDispatcher-worker-9 @request#3887","level":"INFO","level_value":20000,"traceId":"00000000000000000000000000000000","spanId":"0000000000000000"}
{"@timestamp":"2026-10-09T11:14:53.919042628-03:00","@version":"1","message":"400 Bad Request PUT /workflows/definitions/not-a-uuid","logger_name":"io.ktor.test","thread_name":"DefaultDispatcher-worker-9 @request#3891","level":"INFO","level_value":20000,"traceId":"00000000000000000000000000000000","spanId":"0000000000000000"}
{"@timestamp":"2026-10-09T11:14:53.958980589-03:00","@version":"1","message":"saga-db-pool - Shutdown initiated...","logger_name":"com.zaxxer.hikari.HikariDataSource","thread_name":"DefaultDispatcher-worker-10","level":"INFO","level_value":20000}
{"@timestamp":"2026-10-09T11:14:53.959405191-03:00","@version":"1","message":"saga-db-pool - Shutdown completed.","logger_name":"com.zaxxer.hikari.HikariDataSource","thread_name":"DefaultDispatcher-worker-10","level":"INFO","level_value":20000}
{"@timestamp":"2026-10-09T11:14:54.016811308-03:00","@version":"1","message":"Application started in 0.05 seconds.","logger_name":"io.ktor.test","thread_name":"DefaultDispatcher-worker-10 @call-context#3899","level":"INFO","level_value":20000}
{"@timestamp":"2026-10-09T11:14:54.016998878-03:00","@version":"1","message":"Responding at http://localhost:80","logger_name":"io.ktor.test","thread_name":"DefaultDispatcher-worker-5 @coroutine#3984","level":"INFO","level_value":20000}
{"@timestamp":"2026-10-09T11:14:54.017103724-03:00","@version":"1","message":"Responding at https://localhost:443","logger_name":"io.ktor.test","thread_name":"DefaultDispatcher-worker-5 @coroutine#3984","level":"INFO","level_value":20000}
{"@timestamp":"2026-10-09T11:14:54.024095496-03:00","@version":"1","message":"200 OK POST /workflows/definitions","logger_name":"io.ktor.test","thread_name":"DefaultDispatcher-worker-10 @request#3899","level":"INFO","level_value":20000,"traceId":"00000000000000000000000000000000","spanId":"0000000000000000"}
{"@timestamp":"2026-10-09T11:14:54.029914832-03:00","@version":"1","message":"200 OK POST /workflows/definitions/def-run-payload-01661fb4/v1/run","logger_name":"io.ktor.test","thread_name":"DefaultDispatcher-worker-10 @request#3991","level":"INFO","level_value":20000,"traceId":"00000000000000000000000000000000","spanId":"0000000000000000"}
{"@timestamp":"2026-10-09T11:14:54.042579346-03:00","@version":"1","message":"200 OK GET /workflows/b2440e10-c794-4f8f-bcca-59557b5fc774","logger_name":"io.ktor.test","thread_name":"DefaultDispatcher-worker-10 @request#3995","level":"INFO","level_value":20000,"traceId":"00000000000000000000000000000000","spanId":"0000000000000000"}
{"@timestamp":"2026-10-09T11:14:54.087110636-03:00","@version":"1","message":"saga finished","logger_name":"run.trama.saga.workflow.WorkflowExecutor","thread_name":"DefaultDispatcher-worker-1 @coroutine#3974","level":"INFO","level_value":20000,"traceId":"00000000000000000000000000000000","spanId":"0000000000000000","sagaId":"b2440e10-c794-4f8f-bcca-59557b5fc774","sagaName":"def-run-payload-01661fb4","status":"SUCCEEDED","durationMs":60}
{"@timestamp":"2026-10-09T11:14:54.248851902-03:00","@version":"1","message":"200 OK GET /workflows/b2440e10-c794-4f8f-bcca-59557b5fc774","logger_name":"io.ktor.test","thread_name":"DefaultDispatcher-worker-1 @request#4002","level":"INFO","level_value":20000,"traceId":"00000000000000000000000000000000","spanId":"0000000000000000"}
{"@timestamp":"2026-10-09T11:14:54.278440186-03:00","@version":"1","message":"saga-db-pool - Shutdown initiated...","logger_name":"com.zaxxer.hikari.HikariDataSource","thread_name":"DefaultDispatcher-worker-1","level":"INFO","level_value":20000}
{"@timestamp":"2026-10-09T11:14:54.278920172-03:00","@version":"1","message":"saga-db-pool - Shutdown completed.","logger_name":"com.zaxxer.hikari.HikariDataSource","thread_name":"DefaultDispatcher-worker-1","level":"INFO","level_value":20000}
{"@timestamp":"2026-10-09T11:14:54.345097801-03:00","@version":"1","message":"Application started in 0.058 seconds.","logger_name":"io.ktor.test","thread_name":"DefaultDispatcher-worker-1 @call-context#4010","level":"INFO","level_value":20000}
{"@timestamp":"2026-10-09T11:14:54.345292454-03:00","@version":"1","message":"Responding at http://localhost:80","logger_name":"io.ktor.test","thread_name":"DefaultDispatcher-worker-4 @coroutine#4095","level":"INFO","level_value":20000}
{"@timestamp":"2026-10-09T11:14:54.345353538-03:00","@version":"1","message":"Responding at https://localhost:443","logger_name":"io.ktor.test","thread_name":"DefaultDispatcher-worker-4 @coroutine#4095","level":"INFO","level_value":20000}
{"@timestamp":"2026-10-09T11:14:54.347936637-03:00","@version":"1","message":"400 Bad Request POST /workflows/definitions","logger_name":"io.ktor.test","thread_name":"DefaultDispatcher-worker-1 @request#4010","level":"INFO","level_value":20000,"traceId":"00000000000000000000000000000000","spanId":"0000000000000000"}
{"@timestamp":"2026-10-09T11:14:54.351038964-03:00","@version":"1","message":"400 Bad Request POST /workflows/run","logger_name":"io.ktor.test","thread_name":"DefaultDispatcher-worker-11 @request#4102","level":"INFO","level_value":20000,"traceId":"00000000000000000000000000000000","spanId":"0000000000000000"}
{"@timestamp":"2026-10-09T11:14:54.403424335-03:00","@version":"1","message":"saga-db-pool - Shutdown initiated...","logger_name":"com.zaxxer.hikari.HikariDataSource","thread_name":"DefaultDispatcher-worker-11","level":"INFO","level_value":20000}
{"@timestamp":"2026-10-09T11:14:54.404040324-03:00","@version":"1","message":"saga-db-pool - Shutdown completed.","logger_name":"com.zaxxer.hikari.HikariDataSource","thread_name":"DefaultDispatcher-worker-11","level":"INFO","level_value":20000}
{"@timestamp":"2026-10-09T11:14:54.469013196-03:00","@version":"1","message":"Application started in 0.056 seconds.","logger_name":"io.ktor.test","thread_name":"DefaultDispatcher-worker-11 @call-context#4110","level":"INFO","level_value":20000}
{"@timestamp":"2026-10-09T11:14:54.469177873-03:00","@version":"1","message":"Responding at http://localhost:80","logger_name":"io.ktor.test","thread_name":"DefaultDispatcher-worker-6 @coroutine#4195","level":"INFO","level_value":20000,"traceId":"00000000000000000000000000000000","spanId":"0000000000000000"}
{"@timestamp":"2026-10-09T11:14:54.469252973-03:00","@version":"1","message":"Responding at https://localhost:443","logger_name":"io.ktor.test","thread_name":"DefaultDispatcher-worker-6 @coroutine#4195","level":"INFO","level_value":20000,"traceId":"00000000000000000000000000000000","spanId":"0000000000000000"}
{"@timestamp":"2026-10-09T11:14:54.477020282-03:00","@version":"1","message":"200 OK POST /workflows/definitions","logger_name":"io.ktor.test","thread_name":"DefaultDispatcher-worker-11 @request#4110","level":"INFO","level_value":20000,"traceId":"00000000000000000000000000000000","spanId":"0000000000000000"}
{"@timestamp":"2026-10-09T11:14:54.479051581-03:00","@version":"1","message":"422 Unprocessable Entity POST /workflows/definitions/def-v2-run-e57be590/v1/run","logger_name":"io.ktor.test","thread_name":"DefaultDispatcher-worker-11 @request#4202","level":"INFO","level_value":20000,"traceId":"00000000000000000000000000000000","spanId":"0000000000000000"}
{"@timestamp":"2026-10-09T11:14:54.527568145-03:00","@version":"1","message":"saga-db-pool - Shutdown initiated...","logger_name":"com.zaxxer.hikari.HikariDataSource","thread_name":"DefaultDispatcher-worker-10","level":"INFO","level_value":20000}
{"@timestamp":"2026-10-09T11:14:54.528119584-03:00","@version":"1","message":"saga-db-pool - Shutdown completed.","logger_name":"com.zaxxer.hikari.HikariDataSource","thread_name":"DefaultDispatcher-worker-10","level":"INFO","level_value":20000}
{"@timestamp":"2026-10-09T11:14:54.586896207-03:00","@version":"1","message":"Application started in 0.049 seconds.","logger_name":"io.ktor.test","thread_name":"DefaultDispatcher-worker-10 @call-context#4210","level":"INFO","level_value":20000}
{"@timestamp":"2026-10-09T11:14:54.587082334-03:00","@version":"1","message":"Responding at http://localhost:80","logger_name":"io.ktor.test","thread_name":"DefaultDispatcher-worker-2 @coroutine#4295","level":"INFO","level_value":20000}
{"@timestamp":"2026-10-09T11:14:54.58714963-03:00","@version":"1","message":"Responding at https://localhost:443","logger_name":"io.ktor.test","thread_name":"DefaultDispatcher-worker-2 @coroutine#4295","level":"INFO","level_value":20000}
{"@timestamp":"2026-10-09T11:14:54.594993302-03:00","@version":"1","message":"200 OK POST /workflows/run","logger_name":"io.ktor.test","thread_name":"DefaultDispatcher-worker-10 @request#4210","level":"INFO","level_value":20000,"traceId":"00000000000000000000000000000000","spanId":"0000000000000000"}
{"@timestamp":"2026-10-09T11:14:54.604154301-03:00","@version":"1","message":"200 OK GET /workflows/5a0fd78b-ca06-410d-a7cf-5557513997d5","logger_name":"io.ktor.test","thread_name":"DefaultDispatcher-worker-1 @request#4302","level":"INFO","level_value":20000,"traceId":"00000000000000000000000000000000","spanId":"0000000000000000"}
{"@timestamp":"2026-10-09T11:14:54.65572404-03:00","@version":"1","message":"saga finished","logger_name":"run.trama.saga.workflow.WorkflowExecutor","thread_name":"DefaultDispatcher-worker-6 @coroutine#4284","level":"INFO","level_value":20000,"traceId":"00000000000000000000000000000000","spanId":"0000000000000000","sagaId":"5a0fd78b-ca06-410d-a7cf-5557513997d5","sagaName":"same-nv-5dc99478","status":"SUCCEEDED","durationMs":67}
{"@timestamp":"2026-10-09T11:14:54.809263957-03:00","@version":"1","message":"200 OK GET /workflows/5a0fd78b-ca06-410d-a7cf-5557513997d5","logger_name":"io.ktor.test","thread_name":"DefaultDispatcher-worker-6 @request#4309","level":"INFO","level_value":20000,"traceId":"00000000000000000000000000000000","spanId":"0000000000000000"}
{"@timestamp":"2026-10-09T11:14:54.81243408-03:00","@version":"1","message":"200 OK POST /workflows/run","logger_name":"io.ktor.test","thread_name":"DefaultDispatcher-worker-4 @request#4313","level":"INFO","level_value":20000,"traceId":"00000000000000000000000000000000","spanId":"0000000000000000"}
{"@timestamp":"2026-10-09T11:14:54.816455823-03:00","@version":"1","message":"200 OK GET /workflows/79c13a90-6207-4cd3-910c-4c093e97bd54","logger_name":"io.ktor.test","thread_name":"DefaultDispatcher-worker-5 @request#4317","level":"INFO","level_value":20000,"traceId":"00000000000000000000000000000000","spanId":"0000000000000000"}
{"@timestamp":"2026-10-09T11:14:54.846273395-03:00","@version":"1","message":"node completed","logger_name":"run.trama.saga.workflow.TaskNodeHandler","thread_name":"DefaultDispatcher-worker-4 @coroutine#4285","level":"INFO","level_value":20000,"traceId":"00000000000000000000000000000000","spanId":"0000000000000000","sagaId":"79c13a90-6207-4cd3-910c-4c093e97bd54","nodeId":"b","phase":"UP","status":500}
{"@timestamp":"2026-10-09T11:14:54.847152585-03:00","@version":"1","message":"compensation scheduled","logger_name":"run.trama.saga.workflow.WorkflowExecutor","thread_name":"DefaultDispatcher-worker-4 @coroutine#4285","level":"INFO","level_value":20000,"traceId":"00000000000000000000000000000000","spanId":"0000000000000000","sagaId":"79c13a90-6207-4cd3-910c-4c093e97bd54","failedNodeId":"b"}
{"@timestamp":"2026-10-09T11:14:54.899323656-03:00","@version":"1","message":"saga finished","logger_name":"run.trama.saga.workflow.WorkflowExecutor","thread_name":"DefaultDispatcher-worker-4 @coroutine#4284","level":"INFO","level_value":20000,"traceId":"00000000000000000000000000000000","spanId":"0000000000000000","sagaId":"79c13a90-6207-4cd3-910c-4c093e97bd54","sagaName":"same-nv-5dc99478","status":"FAILED","durationMs":88}
{"@timestamp":"2026-10-09T11:14:55.021607747-03:00","@version":"1","message":"200 OK GET /workflows/79c13a90-6207-4cd3-910c-4c093e97bd54","logger_name":"io.ktor.test","thread_name":"DefaultDispatcher-worker-4 @request#4324","level":"INFO","level_value":20000,"traceId":"00000000000000000000000000000000","spanId":"0000000000000000"}
{"@timestamp":"2026-10-09T11:14:55.046116497-03:00","@version":"1","message":"saga-db-pool - Shutdown initiated...","logger_name":"com.zaxxer.hikari.HikariDataSource","thread_name":"DefaultDispatcher-worker-10","level":"INFO","level_value":20000}
{"@timestamp":"2026-10-09T11:14:55.046607663-03:00","@version":"1","message":"saga-db-pool - Shutdown completed.","logger_name":"com.zaxxer.hikari.HikariDataSource","thread_name":"DefaultDispatcher-worker-10","level":"INFO","level_value":20000}
{"@timestamp":"2026-10-09T11:14:55.111988706-03:00","@version":"1","message":"Application started in 0.057 seconds.","logger_name":"io.ktor.test","thread_name":"DefaultDispatcher-worker-10 @call-context#4332","level":"INFO","level_value":20000}
{"@timestamp":"2026-10-09T11:14:55.112157491-03:00","@version":"1","message":"Responding at http://localhost:80","logger_name":"io.ktor.test","thread_name":"DefaultDispatcher-worker-4 @coroutine#4417","level":"INFO","level_value":20000}
{"@timestamp":"2026-10-09T11:14:55.11222115-03:00","@version":"1","message":"Responding at https://localhost:443","logger_name":"io.ktor.test","thread_name":"DefaultDispatcher-worker-4 @coroutine#4417","level":"INFO","level_value":20000}
{"@timestamp":"2026-10-09T11:14:55.119200539-03:00","@version":"1","message":"200 OK POST /workflows/run","logger_name":"io.ktor.test","thread_name":"DefaultDispatcher-worker-7 @request#4332","level":"INFO","level_value":20000,"traceId":"00000000000000000000000000000000","spanId":"0000000000000000"}
{"@timestamp":"2026-10-09T11:14:55.127246649-03:00","@version":"1","message":"200 OK GET /workflows/6fc1e5c9-48f8-4f87-b741-e673b4ff88f6","logger_name":"io.ktor.test","thread_name":"DefaultDispatcher-worker-3 @request#4424","level":"INFO","level_value":20000,"traceId":"00000000000000000000000000000000","spanId":"0000000000000000"}
{"@timestamp":"2026-10-09T11:14:55.179274743-03:00","@version":"1","message":"node completed","logger_name":"run.trama.saga.workflow.TaskNodeHandler","thread_name":"DefaultDispatcher-worker-7 @coroutine#4407","level":"INFO","level_value":20000,"traceId":"00000000000000000000000000000000","spanId":"0000000000000000","sagaId":"6fc1e5c9-48f8-4f87-b741-e673b4ff88f6","nodeId":"b","phase":"UP","status":500}
{"@timestamp":"2026-10-09T11:14:55.180515778-03:00","@version":"1","message":"compensation scheduled","logger_name":"run.trama.saga.workflow.WorkflowExecutor","thread_name":"DefaultDispatcher-worker-6 @coroutine#4407","level":"INFO","level_value":20000,"traceId":"00000000000000000000000000000000","spanId":"0000000000000000","sagaId":"6fc1e5c9-48f8-4f87-b741-e673b4ff88f6","failedNodeId":"b"}
{"@timestamp":"2026-10-09T11:14:55.231721158-03:00","@version":"1","message":"saga finished","logger_name":"run.trama.saga.workflow.WorkflowExecutor","thread_name":"DefaultDispatcher-worker-3 @coroutine#4406","level":"INFO","level_value":20000,"traceId":"00000000000000000000000000000000","spanId":"0000000000000000","sagaId":"6fc1e5c9-48f8-4f87-b741-e673b4ff88f6","sagaName":"steps-order-cea37bda","status":"FAILED","durationMs":118}
{"@timestamp":"2026-10-09T11:14:55.33225718-03:00","@version":"1","message":"200 OK GET /workflows/6fc1e5c9-48f8-4f87-b741-e673b4ff88f6","logger_name":"io.ktor.test","thread_name":"DefaultDispatcher-worker-3 @request#4437","level":"INFO","level_value":20000,"traceId":"00000000000000000000000000000000","spanId":"0000000000000000"}
{"@timestamp":"2026-10-09T11:14:55.342001026-03:00","@version":"1","message":"200 OK GET /workflows/6fc1e5c9-48f8-4f87-b741-e673b4ff88f6/steps","logger_name":"io.ktor.test","thread_name":"DefaultDispatcher-worker-3 @request#4441","level":"INFO","level_value":20000,"traceId":"00000000000000000000000000000000","spanId":"0000000000000000"}
{"@timestamp":"2026-10-09T11:14:55.372938999-03:00","@version":"1","message":"saga-db-pool - Shutdown initiated...","logger_name":"com.zaxxer.hikari.HikariDataSource","thread_name":"DefaultDispatcher-worker-2","level":"INFO","level_value":20000}
{"@timestamp":"2026-10-09T11:14:55.373345437-03:00","@version":"1","message":"saga-db-pool - Shutdown completed.","logger_name":"com.zaxxer.hikari.HikariDataSource","thread_name":"DefaultDispatcher-worker-2","level":"INFO","level_value":20000}
{"@timestamp":"2026-10-09T11:14:55.442421153-03:00","@version":"1","message":"Application started in 0.061 seconds.","logger_name":"io.ktor.test","thread_name":"DefaultDispatcher-worker-2 @call-context#4449","level":"INFO","level_value":20000}
{"@timestamp":"2026-10-09T11:14:55.442737493-03:00","@version":"1","message":"Responding at http://localhost:80","logger_name":"io.ktor.test","thread_name":"DefaultDispatcher-worker-5 @coroutine#4534","level":"INFO","level_value":20000}
{"@timestamp":"2026-10-09T11:14:55.442821099-03:00","@version":"1","message":"Responding at https://localhost:443","logger_name":"io.ktor.test","thread_name":"DefaultDispatcher-worker-5 @coroutine#4534","level":"INFO","level_value":20000}
{"@timestamp":"2026-10-09T11:14:55.453371459-03:00","@version":"1","message":"200 OK POST /workflows/run","logger_name":"io.ktor.test","thread_name":"DefaultDispatcher-worker-2 @request#4449","level":"INFO","level_value":20000,"traceId":"00000000000000000000000000000000","spanId":"0000000000000000"}
{"@timestamp":"2026-10-09T11:14:55.468404252-03:00","@version":"1","message":"200 OK GET /workflows/8a5ed991-858f-4f32-a43a-165bcf6b284e","logger_name":"io.ktor.test","thread_name":"DefaultDispatcher-worker-2 @request#4541","level":"INFO","level_value":20000,"traceId":"00000000000000000000000000000000","spanId":"0000000000000000"}
{"@timestamp":"2026-10-09T11:14:55.513861469-03:00","@version":"1","message":"node completed","logger_name":"run.trama.saga.workflow.TaskNodeHandler","thread_name":"DefaultDispatcher-worker-9 @coroutine#4523","level":"INFO","level_value":20000,"traceId":"00000000000000000000000000000000","spanId":"0000000000000000","sagaId":"8a5ed991-858f-4f32-a43a-165bcf6b284e","nodeId":"b","phase":"UP","status":500}
{"@timestamp":"2026-10-09T11:14:55.515200256-03:00","@version":"1","message":"compensation scheduled","logger_name":"run.trama.saga.workflow.WorkflowExecutor","thread_name":"DefaultDispatcher-worker-11 @coroutine#4523","level":"INFO","level_value":20000,"traceId":"00000000000000000000000000000000","spanId":"0000000000000000","sagaId":"8a5ed991-858f-4f32-a43a-165bcf6b284e","failedNodeId":"b"}
{"@timestamp":"2026-10-09T11:14:55.563167455-03:00","@version":"1","message":"saga finished","logger_name":"run.trama.saga.workflow.WorkflowExecutor","thread_name":"DefaultDispatcher-worker-11 @coroutine#4524","level":"INFO","level_value":20000,"traceId":"00000000000000000000000000000000","spanId":"0000000000000000","sagaId":"8a5ed991-858f-4f32-a43a-165bcf6b284e","sagaName":"steps-a3652d4c","status":"FAILED","durationMs":117}
{"@timestamp":"2026-10-09T11:14:55.67366499-03:00","@version":"1","message":"200 OK GET /workflows/8a5ed991-858f-4f32-a43a-165bcf6b284e","logger_name":"io.ktor.test","thread_name":"DefaultDispatcher-worker-11 @request#4554","level":"INFO","level_value":20000,"traceId":"00000000000000000000000000000000","spanId":"0000000000000000"}
{"@timestamp":"2026-10-09T11:14:55.67833986-03:00","@version":"1","message":"200 OK GET /workflows/8a5ed991-858f-4f32-a43a-165bcf6b284e/steps","logger_name":"io.ktor.test","thread_name":"DefaultDispatcher-worker-12 @request#4558","level":"INFO","level_value":20000,"traceId":"00000000000000000000000000000000","spanId":"0000000000000000"}
{"@timestamp":"2026-10-09T11:14:55.714752635-03:00","@version":"1","message":"saga-db-pool - Shutdown initiated...","logger_name":"com.zaxxer.hikari.HikariDataSource","thread_name":"DefaultDispatcher-worker-8","level":"INFO","level_value":20000}
{"@timestamp":"2026-10-09T11:14:55.715199259-03:00","@version":"1","message":"saga-db-pool - Shutdown completed.","logger_name":"com.zaxxer.hikari.HikariDataSource","thread_name":"DefaultDispatcher-worker-8","level":"INFO","level_value":20000}
{"@timestamp":"2026-10-09T11:14:55.774572274-03:00","@version":"1","message":"Application started in 0.051 seconds.","logger_name":"io.ktor.test","thread_name":"DefaultDispatcher-worker-8 @call-context#4566","level":"INFO","level_value":20000}
{"@timestamp":"2026-10-09T11:14:55.774748643-03:00","@version":"1","message":"Responding at http://localhost:80","logger_name":"io.ktor.test","thread_name":"DefaultDispatcher-worker-6 @coroutine#4651","level":"INFO","level_value":20000}
{"@timestamp":"2026-10-09T11:14:55.774854681-03:00","@version":"1","message":"Responding at https://localhost:443","logger_name":"io.ktor.test","thread_name":"DefaultDispatcher-worker-6 @coroutine#4651","level":"INFO","level_value":20000}
{"@timestamp":"2026-10-09T11:14:55.782505082-03:00","@version":"1","message":"200 OK POST /workflows/run","logger_name":"io.ktor.test","thread_name":"DefaultDispatcher-worker-8 @request#4566","level":"INFO","level_value":20000,"traceId":"00000000000000000000000000000000","spanId":"0000000000000000"}
{"@timestamp":"2026-10-09T11:14:55.791572798-03:00","@version":"1","message":"200 OK GET /workflows/95b38d6e-5574-491e-90c7-346372fb1a2f","logger_name":"io.ktor.test","thread_name":"DefaultDispatcher-worker-3 @request#4658","level":"INFO","level_value":20000,"traceId":"00000000000000000000000000000000","spanId":"0000000000000000"}
{"@timestamp":"2026-10-09T11:14:55.840749413-03:00","@version":"1","message":"saga sleeping","logger_name":"run.trama.saga.workflow.WorkflowExecutor","thread_name":"DefaultDispatcher-worker-11 @coroutine#4640","level":"INFO","level_value":20000,"traceId":"00000000000000000000000000000000","spanId":"0000000000000000","sagaId":"95b38d6e-5574-491e-90c7-346372fb1a2f","nodeId":"nap","wakeAt":"2026-10-09T14:14:57.337881473Z","delayMillis":1500}
{"@timestamp":"2026-10-09T11:14:55.996475267-03:00","@version":"1","message":"200 OK GET /workflows/95b38d6e-5574-491e-90c7-346372fb1a2f","logger_name":"io.ktor.test","thread_name":"DefaultDispatcher-worker-3 @request#4665","level":"INFO","level_value":20000,"traceId":"00000000000000000000000000000000","spanId":"0000000000000000"}
{"@timestamp":"2026-10-09T11:14:56.20130446-03:00","@version":"1","message":"200 OK GET /workflows/95b38d6e-5574-491e-90c7-346372fb1a2f","logger_name":"io.ktor.test","thread_name":"DefaultDispatcher-worker-6 @request#4669","level":"INFO","level_value":20000,"traceId":"00000000000000000000000000000000","spanId":"0000000000000000"}
{"@timestamp":"2026-10-09T11:14:56.406479398-03:00","@version":"1","message":"200 OK GET /workflows/95b38d6e-5574-491e-90c7-346372fb1a2f","logger_name":"io.ktor.test","thread_name":"DefaultDispatcher-worker-5 @request#4673","level":"INFO","level_value":20000,"traceId":"00000000000000000000000000000000","spanId":"0000000000000000"}
{"@timestamp":"2026-10-09T11:14:56.611004133-03:00","@version":"1","message":"200 OK GET /workflows/95b38d6e-5574-491e-90c7-346372fb1a2f","logger_name":"io.ktor.test","thread_name":"DefaultDispatcher-worker-5 @request#4677","level":"INFO","level_value":20000,"traceId":"00000000000000000000000000000000","spanId":"0000000000000000"}
{"@timestamp":"2026-10-09T11:14:56.815644884-03:00","@version":"1","message":"200 OK GET /workflows/95b38d6e-5574-491e-90c7-346372fb1a2f","logger_name":"io.ktor.test","thread_name":"DefaultDispatcher-worker-8 @request#4681","level":"INFO","level_value":20000,"traceId":"00000000000000000000000000000000","spanId":"0000000000000000"}
{"@timestamp":"2026-10-09T11:14:57.020392926-03:00","@version":"1","message":"200 OK GET /workflows/95b38d6e-5574-491e-90c7-346372fb1a2f","logger_name":"io.ktor.test","thread_name":"DefaultDispatcher-worker-3 @request#4685","level":"INFO","level_value":20000,"traceId":"00000000000000000000000000000000","spanId":"0000000000000000"}
{"@timestamp":"2026-10-09T11:14:57.225901546-03:00","@version":"1","message":"200 OK GET /workflows/95b38d6e-5574-491e-90c7-346372fb1a2f","logger_name":"io.ktor.test","thread_name":"DefaultDispatcher-worker-3 @request#4689","level":"INFO","level_value":20000,"traceId":"00000000000000000000000000000000","spanId":"0000000000000000"}
{"@timestamp":"2026-10-09T11:14:57.353416556-03:00","@version":"1","message":"saga waking up","logger_name":"run.trama.saga.workflow.WorkflowExecutor","thread_name":"DefaultDispatcher-worker-5 @coroutine#4641","level":"INFO","level_value":20000,"traceId":"00000000000000000000000000000000","spanId":"0000000000000000","sagaId":"95b38d6e-5574-491e-90c7-346372fb1a2f","nextNodeId":"b"}
{"@timestamp":"2026-10-09T11:14:57.365222769-03:00","@version":"1","message":"saga finished","logger_name":"run.trama.saga.workflow.WorkflowExecutor","thread_name":"DefaultDispatcher-worker-5 @coroutine#4641","level":"INFO","level_value":20000,"traceId":"00000000000000000000000000000000","spanId":"0000000000000000","sagaId":"95b38d6e-5574-491e-90c7-346372fb1a2f","sagaName":"latency-1238d1c5","status":"SUCCEEDED","durationMs":1588}
{"@timestamp":"2026-10-09T11:14:57.430854259-03:00","@version":"1","message":"200 OK GET /workflows/95b38d6e-5574-491e-90c7-346372fb1a2f","logger_name":"io.ktor.test","thread_name":"DefaultDispatcher-worker-8 @request#4696","level":"INFO","level_value":20000,"traceId":"00000000000000000000000000000000","spanId":"0000000000000000"}
{"@timestamp":"2026-10-09T11:14:57.434621607-03:00","@version":"1","message":"200 OK GET /workflows/95b38d6e-5574-491e-90c7-346372fb1a2f/steps","logger_name":"io.ktor.test","thread_name":"DefaultDispatcher-worker-6 @request#4700","level":"INFO","level_value":20000,"traceId":"00000000000000000000000000000000","spanId":"0000000000000000"}
{"@timestamp":"2026-10-09T11:14:57.45123621-03:00","@version":"1","message":"saga-db-pool - Shutdown initiated...","logger_name":"com.zaxxer.hikari.HikariDataSource","thread_name":"DefaultDispatcher-worker-11","level":"INFO","level_value":20000}
{"@timestamp":"2026-10-09T11:14:57.451706538-03:00","@version":"1","message":"saga-db-pool - Shutdown completed.","logger_name":"com.zaxxer.hikari.HikariDataSource","thread_name":"DefaultDispatcher-worker-11","level":"INFO","level_value":20000}
{"@timestamp":"2026-10-09T11:14:57.509285827-03:00","@version":"1","message":"Application started in 0.051 seconds.","logger_name":"io.ktor.test","thread_name":"DefaultDispatcher-worker-11 @call-context#4708","level":"INFO","level_value":20000}
{"@timestamp":"2026-10-09T11:14:57.509432932-03:00","@version":"1","message":"Responding at http://localhost:80","logger_name":"io.ktor.test","thread_name":"DefaultDispatcher-worker-3 @coroutine#4793","level":"INFO","level_value":20000}
{"@timestamp":"2026-10-09T11:14:57.509495318-03:00","@version":"1","message":"Responding at https://localhost:443","logger_name":"io.ktor.test","thread_name":"DefaultDispatcher-worker-3 @coroutine#4793","level":"INFO","level_value":20000}
{"@timestamp":"2026-10-09T11:14:57.517733346-03:00","@version":"1","message":"200 OK POST /workflows/run","logger_name":"io.ktor.test","thread_name":"DefaultDispatcher-worker-11 @request#4708","level":"INFO","level_value":20000,"traceId":"00000000000000000000000000000000","spanId":"0000000000000000"}
{"@timestamp":"2026-10-09T11:14:57.526416513-03:00","@version":"1","message":"200 OK GET /workflows/7abca423-663a-4d1d-bb71-711719185f0f","logger_name":"io.ktor.test","thread_name":"DefaultDispatcher-worker-3 @request#4800","level":"INFO","level_value":20000,"traceId":"00000000000000000000000000000000","spanId":"0000000000000000"}
{"@timestamp":"2026-10-09T11:14:57.590736888-03:00","@version":"1","message":"saga finished","logger_name":"run.trama.saga.workflow.WorkflowExecutor","thread_name":"DefaultDispatcher-worker-3 @coroutine#4782","level":"INFO","level_value":20000,"traceId":"00000000000000000000000000000000","spanId":"0000000000000000","sagaId":"7abca423-663a-4d1d-bb71-711719185f0f","sagaName":"query-869bf685","status":"SUCCEEDED","durationMs":80}
{"@timestamp":"2026-10-09T11:14:57.731791875-03:00","@version":"1","message":"200 OK GET /workflows/7abca423-663a-4d1d-bb71-711719185f0f","logger_name":"io.ktor.test","thread_name":"DefaultDispatcher-worker-3 @request#4810","level":"INFO","level_value":20000,"traceId":"00000000000000000000000000000000","spanId":"0000000000000000"}
{"@timestamp":"2026-10-09T11:14:57.736952111-03:00","@version":"1","message":"200 OK POST /workflows/run","logger_name":"io.ktor.test","thread_name":"DefaultDispatcher-worker-4 @request#4814","level":"INFO","level_value":20000,"traceId":"00000000000000000000000000000000","spanId":"0000000000000000"}
{"@timestamp":"2026-10-09T11:14:57.741560197-03:00","@version":"1","message":"200 OK GET /workflows/ba3fb504-265d-46fe-aa4b-523cdb7af851","logger_name":"io.ktor.test","thread_name":"DefaultDispatcher-worker-3 @request#4818","level":"INFO","level_value":20000,"traceId":"00000000000000000000000000000000","spanId":"0000000000000000"}
{"@timestamp":"2026-10-09T11:14:57.777579689-03:00","@version":"1","message":"node completed","logger_name":"run.trama.saga.workflow.TaskNodeHandler","thread_name":"DefaultDispatcher-worker-11 @coroutine#4783","level":"INFO","level_value":20000,"traceId":"00000000000000000000000000000000","spanId":"0000000000000000","sagaId":"ba3fb504-265d-46fe-aa4b-523cdb7af851","nodeId":"b","phase":"UP","status":500}
{"@timestamp":"2026-10-09T11:14:57.778316132-03:00","@version":"1","message":"compensation scheduled","logger_name":"run.trama.saga.workflow.WorkflowExecutor","thread_name":"DefaultDispatcher-worker-11 @coroutine#4783","level":"INFO","level_value":20000,"traceId":"00000000000000000000000000000000","spanId":"0000000000000000","sagaId":"ba3fb504-265d-46fe-aa4b-523cdb7af851","failedNodeId":"b"}
{"@timestamp":"2026-10-09T11:14:57.831344413-03:00","@version":"1","message":"saga finished","logger_name":"run.trama.saga.workflow.WorkflowExecutor","thread_name":"DefaultDispatcher-worker-7 @coroutine#4782","level":"INFO","level_value":20000,"traceId":"00000000000000000000000000000000","spanId":"0000000000000000","sagaId":"ba3fb504-265d-46fe-aa4b-523cdb7af851","sagaName":"query-869bf685","status":"FAILED","durationMs":97}
{"@timestamp":"2026-10-09T11:14:57.945626567-03:00","@version":"1","message":"200 OK GET /workflows/ba3fb504-265d-46fe-aa4b-523cdb7af851","logger_name":"io.ktor.test","thread_name":"DefaultDispatcher-worker-7 @request#4831","level":"INFO","level_value":20000,"traceId":"00000000000000000000000000000000","spanId":"0000000000000000"}
{"@timestamp":"2026-10-09T11:14:57.949305069-03:00","@version":"1","message":"200 OK POST /workflows/run","logger_name":"io.ktor.test","thread_name":"DefaultDispatcher-worker-9 @request#4835","level":"INFO","level_value":20000,"traceId":"00000000000000000000000000000000","spanId":"0000000000000000"}
{"@timestamp":"2026-10-09T11:14:57.952924481-03:00","@version":"1","message":"200 OK GET /workflows/f59594f6-f4c5-4fb8-848f-9da9c88eb5be","logger_name":"io.ktor.test","thread_name":"DefaultDispatcher-worker-7 @request#4839","level":"INFO","level_value":20000,"traceId":"00000000000000000000000000000000","spanId":"0000000000000000"}
{"@timestamp":"2026-10-09T11:14:57.979568343-03:00","@version":"1","message":"saga finished","logger_name":"run.trama.saga.workflow.WorkflowExecutor","thread_name":"DefaultDispatcher-worker-11 @coroutine#4783","level":"INFO","level_value":20000,"traceId":"00000000000000000000000000000000","spanId":"0000000000000000","sagaId":"f59594f6-f4c5-4fb8-848f-9da9c88eb5be","sagaName":"query-869bf685","status":"SUCCEEDED","durationMs":32}
{"@timestamp":"2026-10-09T11:14:58.157439498-03:00","@version":"1","message":"200 OK GET /workflows/f59594f6-f4c5-4fb8-848f-9da9c88eb5be","logger_name":"io.ktor.test","thread_name":"DefaultDispatcher-worker-11 @request#4849","level":"INFO","level_value":20000,"traceId":"00000000000000000000000000000000","spanId":"0000000000000000"}
{"@timestamp":"2026-10-09T11:14:58.168905266-03:00","@version":"1","message":"200 OK GET /workflows?name=query-869bf685","logger_name":"io.ktor.test","thread_name":"DefaultDispatcher-worker-4 @request#4853","level":"INFO","level_value":20000,"traceId":"00000000000000000000000000000000","spanId":"0000000000000000"}
{"@timestamp":"2026-10-09T11:14:58.174386852-03:00","@version":"1","message":"200 OK GET /workflows?name=query-869bf685&status=FAILED","logger_name":"io.ktor.test","thread_name":"DefaultDispatcher-worker-4 @request#4857","level":"INFO","level_value":20000,"traceId":"00000000000000000000000000000000","spanId":"0000000000000000"}
{"@timestamp":"2026-10-09T11:14:58.178675672-03:00","@version":"1","message":"200 OK GET /workflows?name=query-869bf685&limit=1&offset=1","logger_name":"io.ktor.test","thread_name":"DefaultDispatcher-worker-4 @request#4861","level":"INFO","level_value":20000,"traceId":"00000000000000000000000000000000","spanId":"0000000000000000"}
{"@timestamp":"2026-10-09T11:14:58.183381971-03:00","@version":"1","message":"200 OK GET /workflows?name=query-869bf685&limit=0","logger_name":"io.ktor.test","thread_name":"DefaultDispatcher-worker-3 @request#4865","level":"INFO","level_value":20000,"traceId":"00000000000000000000000000000000","spanId":"0000000000000000"}
{"@timestamp":"2026-10-09T11:14:58.187800344-03:00","@version":"1","message":"200 OK GET /workflows?name=query-869bf685&offset=-5","logger_name":"io.ktor.test","thread_name":"DefaultDispatcher-worker-7 @request#4869","level":"INFO","level_value":20000,"traceId":"00000000000000000000000000000000","spanId":"0000000000000000"}
{"@timestamp":"2026-10-09T11:14:58.221948144-03:00","@version":"1","message":"saga-db-pool - Shutdown initiated...","logger_name":"com.zaxxer.hikari.HikariDataSource","thread_name":"DefaultDispatcher-worker-5","level":"INFO","level_value":20000}
{"@timestamp":"2026-10-09T11:14:58.222561558-03:00","@version":"1","message":"saga-db-pool - Shutdown completed.","logger_name":"com.zaxxer.hikari.HikariDataSource","thread_name":"DefaultDispatcher-worker-5","level":"INFO","level_value":20000}
{"@timestamp":"2026-10-09T11:14:58.295321896-03:00","@version":"1","message":"Application started in 0.065 seconds.","logger_name":"io.ktor.test","thread_name":"DefaultDispatcher-worker-5 @call-context#4877","level":"INFO","level_value":20000}
{"@timestamp":"2026-10-09T11:14:58.295502914-03:00","@version":"1","message":"Responding at http://localhost:80","logger_name":"io.ktor.test","thread_name":"DefaultDispatcher-worker-9 @coroutine#4962","level":"INFO","level_value":20000}
{"@timestamp":"2026-10-09T11:14:58.29571525-03:00","@version":"1","message":"Responding at https://localhost:443","logger_name":"io.ktor.test","thread_name":"DefaultDispatcher-worker-9 @coroutine#4962","level":"INFO","level_value":20000}
{"@timestamp":"2026-10-09T11:14:58.296944503-03:00","@version":"1","message":"400 Bad Request GET /workflows/nope","logger_name":"io.ktor.test","thread_name":"DefaultDispatcher-worker-5 @request#4877","level":"INFO","level_value":20000,"traceId":"00000000000000000000000000000000","spanId":"0000000000000000"}
{"@timestamp":"2026-10-09T11:14:58.298775389-03:00","@version":"1","message":"400 Bad Request GET /workflows/nope/steps","logger_name":"io.ktor.test","thread_name":"DefaultDispatcher-worker-5 @request#4969","level":"INFO","level_value":20000,"traceId":"00000000000000000000000000000000","spanId":"0000000000000000"}
{"@timestamp":"2026-10-09T11:14:58.300827988-03:00","@version":"1","message":"400 Bad Request GET /workflows/nope/steps/calls","logger_name":"io.ktor.test","thread_name":"DefaultDispatcher-worker-7 @request#4973","level":"INFO","level_value":20000,"traceId":"00000000000000000000000000000000","spanId":"0000000000000000"}
{"@timestamp":"2026-10-09T11:14:58.311058893-03:00","@version":"1","message":"204 No Content GET /workflows/354fad44-1a28-46f5-8193-48a42fe79751","logger_name":"io.ktor.test","thread_name":"DefaultDispatcher-worker-7 @request#4977","level":"INFO","level_value":20000,"traceId":"00000000000000000000000000000000","spanId":"0000000000000000"}
{"@timestamp":"2026-10-09T11:14:58.318096651-03:00","@version":"1","message":"200 OK GET /workflows/354fad44-1a28-46f5-8193-48a42fe79751/steps","logger_name":"io.ktor.test","thread_name":"DefaultDispatcher-worker-7 @request#4978","level":"INFO","level_value":20000,"traceId":"00000000000000000000000000000000","spanId":"0000000000000000"}
{"@timestamp":"2026-10-09T11:14:58.330859579-03:00","@version":"1","message":"200 OK GET /workflows/354fad44-1a28-46f5-8193-48a42fe79751/steps/calls","logger_name":"io.ktor.test","thread_name":"DefaultDispatcher-worker-7 @request#4982","level":"INFO","level_value":20000,"traceId":"00000000000000000000000000000000","spanId":"0000000000000000"}
{"@timestamp":"2026-10-09T11:14:58.356178239-03:00","@version":"1","message":"saga-db-pool - Shutdown initiated...","logger_name":"com.zaxxer.hikari.HikariDataSource","thread_name":"DefaultDispatcher-worker-7","level":"INFO","level_value":20000}
{"@timestamp":"2026-10-09T11:14:58.356597772-03:00","@version":"1","message":"saga-db-pool - Shutdown completed.","logger_name":"com.zaxxer.hikari.HikariDataSource","thread_name":"DefaultDispatcher-worker-7","level":"INFO","level_value":20000}
{"@timestamp":"2026-10-09T11:14:58.43384461-03:00","@version":"1","message":"Application started in 0.07 seconds.","logger_name":"io.ktor.test","thread_name":"DefaultDispatcher-worker-7 @call-context#4990","level":"INFO","level_value":20000}
{"@timestamp":"2026-10-09T11:14:58.434081111-03:00","@version":"1","message":"Responding at http://localhost:80","logger_name":"io.ktor.test","thread_name":"DefaultDispatcher-worker-12 @coroutine#5075","level":"INFO","level_value":20000}
{"@timestamp":"2026-10-09T11:14:58.434159898-03:00","@version":"1","message":"Responding at https://localhost:443","logger_name":"io.ktor.test","thread_name":"DefaultDispatcher-worker-12 @coroutine#5075","level":"INFO","level_value":20000}
{"@timestamp":"2026-10-09T11:14:58.442929447-03:00","@version":"1","message":"200 OK POST /workflows/run","logger_name":"io.ktor.test","thread_name":"DefaultDispatcher-worker-5 @request#4990","level":"INFO","level_value":20000,"traceId":"00000000000000000000000000000000","spanId":"0000000000000000"}
{"@timestamp":"2026-10-09T11:14:58.452962072-03:00","@version":"1","message":"200 OK GET /workflows/6ee05d4b-2524-4a19-982c-486bcbaf31bf","logger_name":"io.ktor.test","thread_name":"DefaultDispatcher-worker-9 @request#5082","level":"INFO","level_value":20000,"traceId":"00000000000000000000000000000000","spanId":"0000000000000000"}
{"@timestamp":"2026-10-09T11:14:58.505653524-03:00","@version":"1","message":"node completed","logger_name":"run.trama.saga.workflow.TaskNodeHandler","thread_name":"DefaultDispatcher-worker-11 @coroutine#5065","level":"INFO","level_value":20000,"traceId":"00000000000000000000000000000000","spanId":"0000000000000000","sagaId":"6ee05d4b-2524-4a19-982c-486bcbaf31bf","nodeId":"b","phase":"UP","status":500}
{"@timestamp":"2026-10-09T11:14:58.507054507-03:00","@version":"1","message":"retry scheduled","logger_name":"run.trama.saga.workflow.WorkflowExecutor","thread_name":"DefaultDispatcher-worker-11 @coroutine#5065","level":"INFO","level_value":20000,"traceId":"00000000000000000000000000000000","spanId":"0000000000000000","sagaId":"6ee05d4b-2524-4a19-982c-486bcbaf31bf","delayMillis":10,"attempt":1}
{"@timestamp":"2026-10-09T11:14:58.551312547-03:00","@version":"1","message":"node completed","logger_name":"run.trama.saga.workflow.TaskNodeHandler","thread_name":"DefaultDispatcher-worker-9 @coroutine#5064","level":"INFO","level_value":20000,"traceId":"00000000000000000000000000000000","spanId":"0000000000000000","sagaId":"6ee05d4b-2524-4a19-982c-486bcbaf31bf","nodeId":"b","phase":"UP","status":500}
{"@timestamp":"2026-10-09T11:14:58.552004899-03:00","@version":"1","message":"compensation scheduled","logger_name":"run.trama.saga.workflow.WorkflowExecutor","thread_name":"DefaultDispatcher-worker-9 @coroutine#5064","level":"INFO","level_value":20000,"traceId":"00000000000000000000000000000000","spanId":"0000000000000000","sagaId":"6ee05d4b-2524-4a19-982c-486bcbaf31bf","failedNodeId":"b"}
{"@timestamp":"2026-10-09T11:14:58.604065875-03:00","@version":"1","message":"saga finished","logger_name":"run.trama.saga.workflow.WorkflowExecutor","thread_name":"DefaultDispatcher-worker-9 @coroutine#5065","level":"INFO","level_value":20000,"traceId":"00000000000000000000000000000000","spanId":"0000000000000000","sagaId":"6ee05d4b-2524-4a19-982c-486bcbaf31bf","sagaName":"calls-92ba7ea4","status":"FAILED","durationMs":168}
{"@timestamp":"2026-10-09T11:14:58.657227764-03:00","@version":"1","message":"200 OK GET /workflows/6ee05d4b-2524-4a19-982c-486bcbaf31bf","logger_name":"io.ktor.test","thread_name":"DefaultDispatcher-worker-9 @request#5098","level":"INFO","level_value":20000,"traceId":"00000000000000000000000000000000","spanId":"0000000000000000"}
{"@timestamp":"2026-10-09T11:14:58.663920949-03:00","@version":"1","message":"200 OK GET /workflows/6ee05d4b-2524-4a19-982c-486bcbaf31bf/steps/calls","logger_name":"io.ktor.test","thread_name":"DefaultDispatcher-worker-11 @request#5102","level":"INFO","level_value":20000,"traceId":"00000000000000000000000000000000","spanId":"0000000000000000"}
{"@timestamp":"2026-10-09T11:14:58.697282443-03:00","@version":"1","message":"saga-db-pool - Shutdown initiated...","logger_name":"com.zaxxer.hikari.HikariDataSource","thread_name":"DefaultDispatcher-worker-11","level":"INFO","level_value":20000}
{"@timestamp":"2026-10-09T11:14:58.697744104-03:00","@version":"1","message":"saga-db-pool - Shutdown completed.","logger_name":"com.zaxxer.hikari.HikariDataSource","thread_name":"DefaultDispatcher-worker-11","level":"INFO","level_value":20000}
{"@timestamp":"2026-10-09T11:14:58.756810878-03:00","@version":"1","message":"Application started in 0.051 seconds.","logger_name":"io.ktor.test","thread_name":"DefaultDispatcher-worker-11 @call-context#5110","level":"INFO","level_value":20000}
{"@timestamp":"2026-10-09T11:14:58.756970205-03:00","@version":"1","message":"Responding at http://localhost:80","logger_name":"io.ktor.test","thread_name":"DefaultDispatcher-worker-7 @coroutine#5195","level":"INFO","level_value":20000,"traceId":"00000000000000000000000000000000","spanId":"0000000000000000"}
{"@timestamp":"2026-10-09T11:14:58.757019027-03:00","@version":"1","message":"Responding at https://localhost:443","logger_name":"io.ktor.test","thread_name":"DefaultDispatcher-worker-7 @coroutine#5195","level":"INFO","level_value":20000,"traceId":"00000000000000000000000000000000","spanId":"0000000000000000"}
{"@timestamp":"2026-10-09T11:14:58.758382811-03:00","@version":"1","message":"404 Not Found GET /metrics","logger_name":"io.ktor.test","thread_name":"DefaultDispatcher-worker-11 @request#5110","level":"INFO","level_value":20000,"traceId":"00000000000000000000000000000000","spanId":"0000000000000000"}
{"@timestamp":"2026-10-09T11:14:58.761320992-03:00","@version":"1","message":"partition maintenance failed","logger_name":"run.trama.runtime.PartitionMaintenance","thread_name":"DefaultDispatcher-worker-6 @coroutine#5186","level":"WARN","level_value":30000,"stack_trace":"kotlinx.coroutines.JobCancellationException: StandaloneCoroutine was cancelled; job=\"coroutine#5186\":StandaloneCoroutine{Cancelling}@76fd958\n\tat kotlinx.coroutines.JobSupport.cancel(JobSupport.kt:1682)\n\tat kotlinx.coroutines.Job.cancel$default(Job.kt:207)\n\tat run.trama.runtime.RuntimeBootstrap$stop$1.invokeSuspend(RuntimeBootstrap.kt:326)\n\tat _COROUTINE._BOUNDARY._(CoroutineDebugging.kt:42)\n\tat run.trama.runtime.PartitionMaintenance.runLoop(PartitionMaintenance.kt:24)\n\tat run.trama.runtime.RuntimeBootstrap$startWorkers$7.invokeSuspend(RuntimeBootstrap.kt:212)\nCaused by: kotlinx.coroutines.JobCancellationException: StandaloneCoroutine was cancelled; job=\"coroutine#5186\":StandaloneCoroutine{Cancelling}@76fd958\n\tat kotlinx.coroutines.JobSupport.cancel(JobSupport.kt:1682)\n\tat kotlinx.coroutines.Job.cancel$default(Job.kt:207)\n\tat run.trama.runtime.RuntimeBootstrap$stop$1.invokeSuspend(RuntimeBootstrap.kt:326)\n\tat kotlin.coroutines.jvm.internal.BaseContinuationImpl.resumeWith(ContinuationImpl.kt:34)\n\tat kotlinx.coroutines.DispatchedTask.run(DispatchedTask.kt:100)\n\tat kotlinx.coroutines.EventLoopImplBase.processNextEvent(EventLoop.common.kt:256)\n\tat kotlinx.coroutines.BlockingCoroutine.joinBlocking(Builders.kt:54)\n\tat kotlinx.coroutines.BuildersKt__BuildersKt.runBlockingImpl(Builders.kt:30)\n\tat kotlinx.coroutines.BuildersKt.runBlockingImpl(Unknown Source)\n\tat kotlinx.coroutines.BuildersKt__Builders_concurrentKt.runBlockingK(Builders.concurrent.kt:172)\n\tat kotlinx.coroutines.BuildersKt.runBlockingK(Unknown Source)\n\tat kotlinx.coroutines.BuildersKt__Builders_concurrentKt.runBlockingK$default(Builders.concurrent.kt:157)\n\tat kotlinx.coroutines.BuildersKt.runBlockingK$default(Unknown Source)\n\tat run.trama.runtime.RuntimeBootstrap.stop(RuntimeBootstrap.kt:322)\n\tat run.trama.app.ApplicationKt.module$lambda$2(Application.kt:134)\n\tat io.ktor.events.Events.raise(Events.kt:52)\n\tat io.ktor.server.engine.EmbeddedServer.safeRaiseEvent(EmbeddedServerJvm.kt:287)\n\tat io.ktor.server.engine.EmbeddedServer.destroyApplication(EmbeddedServerJvm.kt:300)\n\tat io.ktor.server.engine.EmbeddedServer.stop(EmbeddedServerJvm.kt:411)\n\tat io.ktor.server.engine.EmbeddedServer.stop(EmbeddedServerJvm.kt:419)\n\tat io.ktor.server.engine.EmbeddedServer$stopSuspend$2.invokeSuspend(EmbeddedServerJvm.kt:423)\n\tat kotlin.coroutines.jvm.internal.BaseContinuationImpl.resumeWith(ContinuationImpl.kt:34)\n\tat kotlinx.coroutines.DispatchedTask.run(DispatchedTask.kt:100)\n\tat kotlinx.coroutines.internal.LimitedDispatcher$Worker.run(LimitedDispatcher.kt:124)\n\tat kotlinx.coroutines.scheduling.TaskImpl.run(Tasks.kt:89)\n\tat kotlinx.coroutines.scheduling.CoroutineScheduler.runSafely(CoroutineScheduler.kt:586)\n\tat kotlinx.coroutines.scheduling.CoroutineScheduler$Worker.executeTask(CoroutineScheduler.kt:798)\n\tat kotlinx.coroutines.scheduling.CoroutineScheduler$Worker.runWorker(CoroutineScheduler.kt:717)\n\tat kotlinx.coroutines.scheduling.CoroutineScheduler$Worker.run(CoroutineScheduler.kt:704)\n","enabled":true}
> Task :test

{"@timestamp":"2026-10-09T11:14:59.761299364-03:00","@version":"1","message":"saga-db-pool - Shutdown initiated...","logger_name":"com.zaxxer.hikari.HikariDataSource","thread_name":"DefaultDispatcher-worker-12","level":"INFO","level_value":20000}
{"@timestamp":"2026-10-09T11:14:59.761675906-03:00","@version":"1","message":"saga-db-pool - Shutdown completed.","logger_name":"com.zaxxer.hikari.HikariDataSource","thread_name":"DefaultDispatcher-worker-12","level":"INFO","level_value":20000}
{"@timestamp":"2026-10-09T11:14:59.826295208-03:00","@version":"1","message":"Application started in 0.058 seconds.","logger_name":"io.ktor.test","thread_name":"DefaultDispatcher-worker-12 @call-context#5203","level":"INFO","level_value":20000}
{"@timestamp":"2026-10-09T11:14:59.826464173-03:00","@version":"1","message":"Responding at http://localhost:80","logger_name":"io.ktor.test","thread_name":"DefaultDispatcher-worker-6 @coroutine#5288","level":"INFO","level_value":20000}
{"@timestamp":"2026-10-09T11:14:59.826535536-03:00","@version":"1","message":"Responding at https://localhost:443","logger_name":"io.ktor.test","thread_name":"DefaultDispatcher-worker-6 @coroutine#5288","level":"INFO","level_value":20000}
{"@timestamp":"2026-10-09T11:14:59.83455181-03:00","@version":"1","message":"200 OK POST /workflows/run","logger_name":"io.ktor.test","thread_name":"DefaultDispatcher-worker-12 @request#5203","level":"INFO","level_value":20000,"traceId":"00000000000000000000000000000000","spanId":"0000000000000000"}
{"@timestamp":"2026-10-09T11:14:59.845158656-03:00","@version":"1","message":"200 OK GET /workflows/9a81882c-8393-4c64-b8fe-fe3276a51078","logger_name":"io.ktor.test","thread_name":"DefaultDispatcher-worker-11 @request#5295","level":"INFO","level_value":20000,"traceId":"00000000000000000000000000000000","spanId":"0000000000000000"}
{"@timestamp":"2026-10-09T11:14:59.900144338-03:00","@version":"1","message":"saga finished","logger_name":"run.trama.saga.workflow.WorkflowExecutor","thread_name":"DefaultDispatcher-worker-12 @coroutine#5277","level":"INFO","level_value":20000,"traceId":"00000000000000000000000000000000","spanId":"0000000000000000","sagaId":"9a81882c-8393-4c64-b8fe-fe3276a51078","sagaName":"metrics-enq-976a0585","status":"SUCCEEDED","durationMs":72}
{"@timestamp":"2026-10-09T11:15:00.049989442-03:00","@version":"1","message":"200 OK GET /workflows/9a81882c-8393-4c64-b8fe-fe3276a51078","logger_name":"io.ktor.test","thread_name":"DefaultDispatcher-worker-12 @request#5302","level":"INFO","level_value":20000,"traceId":"00000000000000000000000000000000","spanId":"0000000000000000"}
{"@timestamp":"2026-10-09T11:15:00.071703087-03:00","@version":"1","message":"200 OK GET /metrics","logger_name":"io.ktor.test","thread_name":"DefaultDispatcher-worker-12 @request#5306","level":"INFO","level_value":20000,"traceId":"00000000000000000000000000000000","spanId":"0000000000000000"}
{"@timestamp":"2026-10-09T11:15:00.084927537-03:00","@version":"1","message":"saga-db-pool - Shutdown initiated...","logger_name":"com.zaxxer.hikari.HikariDataSource","thread_name":"DefaultDispatcher-worker-12","level":"INFO","level_value":20000}
{"@timestamp":"2026-10-09T11:15:00.085464298-03:00","@version":"1","message":"saga-db-pool - Shutdown completed.","logger_name":"com.zaxxer.hikari.HikariDataSource","thread_name":"DefaultDispatcher-worker-12","level":"INFO","level_value":20000}
{"@timestamp":"2026-10-09T11:15:00.15214194-03:00","@version":"1","message":"Application started in 0.059 seconds.","logger_name":"io.ktor.test","thread_name":"DefaultDispatcher-worker-12 @call-context#5314","level":"INFO","level_value":20000}
{"@timestamp":"2026-10-09T11:15:00.152314452-03:00","@version":"1","message":"Responding at http://localhost:80","logger_name":"io.ktor.test","thread_name":"DefaultDispatcher-worker-4 @coroutine#5399","level":"INFO","level_value":20000}
{"@timestamp":"2026-10-09T11:15:00.152426531-03:00","@version":"1","message":"Responding at https://localhost:443","logger_name":"io.ktor.test","thread_name":"DefaultDispatcher-worker-4 @coroutine#5399","level":"INFO","level_value":20000}
{"@timestamp":"2026-10-09T11:15:00.153518858-03:00","@version":"1","message":"200 OK GET /healthz","logger_name":"io.ktor.test","thread_name":"DefaultDispatcher-worker-12 @request#5314","level":"INFO","level_value":20000,"traceId":"00000000000000000000000000000000","spanId":"0000000000000000"}
{"@timestamp":"2026-10-09T11:15:00.155356466-03:00","@version":"1","message":"200 OK GET /readyz","logger_name":"io.ktor.test","thread_name":"DefaultDispatcher-worker-11 @request#5406","level":"INFO","level_value":20000,"traceId":"00000000000000000000000000000000","spanId":"0000000000000000"}
{"@timestamp":"2026-10-09T11:15:00.157676744-03:00","@version":"1","message":"partition maintenance failed","logger_name":"run.trama.runtime.PartitionMaintenance","thread_name":"DefaultDispatcher-worker-10 @coroutine#5390","level":"WARN","level_value":30000,"stack_trace":"kotlinx.coroutines.JobCancellationException: StandaloneCoroutine was cancelled; job=\"coroutine#5390\":StandaloneCoroutine{Cancelling}@233b924c\n\tat kotlinx.coroutines.JobSupport.cancel(JobSupport.kt:1682)\n\tat kotlinx.coroutines.Job.cancel$default(Job.kt:207)\n\tat run.trama.runtime.RuntimeBootstrap$stop$1.invokeSuspend(RuntimeBootstrap.kt:326)\n\tat _COROUTINE._BOUNDARY._(CoroutineDebugging.kt:42)\n\tat run.trama.runtime.PartitionMaintenance.runLoop(PartitionMaintenance.kt:24)\n\tat run.trama.runtime.RuntimeBootstrap$startWorkers$7.invokeSuspend(RuntimeBootstrap.kt:212)\nCaused by: kotlinx.coroutines.JobCancellationException: StandaloneCoroutine was cancelled; job=\"coroutine#5390\":StandaloneCoroutine{Cancelling}@233b924c\n\tat kotlinx.coroutines.JobSupport.cancel(JobSupport.kt:1682)\n\tat kotlinx.coroutines.Job.cancel$default(Job.kt:207)\n\tat run.trama.runtime.RuntimeBootstrap$stop$1.invokeSuspend(RuntimeBootstrap.kt:326)\n\tat kotlin.coroutines.jvm.internal.BaseContinuationImpl.resumeWith(ContinuationImpl.kt:34)\n\tat kotlinx.coroutines.DispatchedTask.run(DispatchedTask.kt:100)\n\tat kotlinx.coroutines.EventLoopImplBase.processNextEvent(EventLoop.common.kt:256)\n\tat kotlinx.coroutines.BlockingCoroutine.joinBlocking(Builders.kt:54)\n\tat kotlinx.coroutines.BuildersKt__BuildersKt.runBlockingImpl(Builders.kt:30)\n\tat kotlinx.coroutines.BuildersKt.runBlockingImpl(Unknown Source)\n\tat kotlinx.coroutines.BuildersKt__Builders_concurrentKt.runBlockingK(Builders.concurrent.kt:172)\n\tat kotlinx.coroutines.BuildersKt.runBlockingK(Unknown Source)\n\tat kotlinx.coroutines.BuildersKt__Builders_concurrentKt.runBlockingK$default(Builders.concurrent.kt:157)\n\tat kotlinx.coroutines.BuildersKt.runBlockingK$default(Unknown Source)\n\tat run.trama.runtime.RuntimeBootstrap.stop(RuntimeBootstrap.kt:322)\n\tat run.trama.app.ApplicationKt.module$lambda$2(Application.kt:134)\n\tat io.ktor.events.Events.raise(Events.kt:52)\n\tat io.ktor.server.engine.EmbeddedServer.safeRaiseEvent(EmbeddedServerJvm.kt:287)\n\tat io.ktor.server.engine.EmbeddedServer.destroyApplication(EmbeddedServerJvm.kt:300)\n\tat io.ktor.server.engine.EmbeddedServer.stop(EmbeddedServerJvm.kt:411)\n\tat io.ktor.server.engine.EmbeddedServer.stop(EmbeddedServerJvm.kt:419)\n\tat io.ktor.server.engine.EmbeddedServer$stopSuspend$2.invokeSuspend(EmbeddedServerJvm.kt:423)\n\tat kotlin.coroutines.jvm.internal.BaseContinuationImpl.resumeWith(ContinuationImpl.kt:34)\n\tat kotlinx.coroutines.DispatchedTask.run(DispatchedTask.kt:100)\n\tat kotlinx.coroutines.internal.LimitedDispatcher$Worker.run(LimitedDispatcher.kt:124)\n\tat kotlinx.coroutines.scheduling.TaskImpl.run(Tasks.kt:89)\n\tat kotlinx.coroutines.scheduling.CoroutineScheduler.runSafely(CoroutineScheduler.kt:586)\n\tat kotlinx.coroutines.scheduling.CoroutineScheduler$Worker.executeTask(CoroutineScheduler.kt:798)\n\tat kotlinx.coroutines.scheduling.CoroutineScheduler$Worker.runWorker(CoroutineScheduler.kt:717)\n\tat kotlinx.coroutines.scheduling.CoroutineScheduler$Worker.run(CoroutineScheduler.kt:704)\n","traceId":"00000000000000000000000000000000","spanId":"0000000000000000","enabled":true}
{"@timestamp":"2026-10-09T11:15:00.206228855-03:00","@version":"1","message":"saga-db-pool - Shutdown initiated...","logger_name":"com.zaxxer.hikari.HikariDataSource","thread_name":"DefaultDispatcher-worker-4","level":"INFO","level_value":20000}
{"@timestamp":"2026-10-09T11:15:00.206653727-03:00","@version":"1","message":"saga-db-pool - Shutdown completed.","logger_name":"com.zaxxer.hikari.HikariDataSource","thread_name":"DefaultDispatcher-worker-4","level":"INFO","level_value":20000}
{"@timestamp":"2026-10-09T11:15:00.278824005-03:00","@version":"1","message":"Application started in 0.064 seconds.","logger_name":"io.ktor.test","thread_name":"DefaultDispatcher-worker-4 @call-context#5414","level":"INFO","level_value":20000}
{"@timestamp":"2026-10-09T11:15:00.279147018-03:00","@version":"1","message":"Responding at http://localhost:80","logger_name":"io.ktor.test","thread_name":"DefaultDispatcher-worker-7 @coroutine#5499","level":"INFO","level_value":20000,"traceId":"00000000000000000000000000000000","spanId":"0000000000000000"}
{"@timestamp":"2026-10-09T11:15:00.279249429-03:00","@version":"1","message":"Responding at https://localhost:443","logger_name":"io.ktor.test","thread_name":"DefaultDispatcher-worker-7 @coroutine#5499","level":"INFO","level_value":20000,"traceId":"00000000000000000000000000000000","spanId":"0000000000000000"}
{"@timestamp":"2026-10-09T11:15:00.288538347-03:00","@version":"1","message":"200 OK POST /workflows/run","logger_name":"io.ktor.test","thread_name":"DefaultDispatcher-worker-4 @request#5414","level":"INFO","level_value":20000,"traceId":"00000000000000000000000000000000","spanId":"0000000000000000"}
{"@timestamp":"2026-10-09T11:15:00.307968392-03:00","@version":"1","message":"200 OK GET /workflows/b3e0f622-98dd-455c-b2c8-8495dd6f5e63","logger_name":"io.ktor.test","thread_name":"DefaultDispatcher-worker-3 @request#5506","level":"INFO","level_value":20000,"traceId":"00000000000000000000000000000000","spanId":"0000000000000000"}
{"@timestamp":"2026-10-09T11:15:00.33790674-03:00","@version":"1","message":"switch evaluated","logger_name":"run.trama.saga.workflow.WorkflowExecutor","thread_name":"DefaultDispatcher-worker-3 @coroutine#5488","level":"INFO","level_value":20000,"traceId":"00000000000000000000000000000000","spanId":"0000000000000000","sagaId":"b3e0f622-98dd-455c-b2c8-8495dd6f5e63","nodeId":"route","target":"a","matchedCase":null,"usedDefault":true}
{"@timestamp":"2026-10-09T11:15:00.350848501-03:00","@version":"1","message":"saga finished","logger_name":"run.trama.saga.workflow.WorkflowExecutor","thread_name":"DefaultDispatcher-worker-3 @coroutine#5488","level":"INFO","level_value":20000,"traceId":"00000000000000000000000000000000","spanId":"0000000000000000","sagaId":"b3e0f622-98dd-455c-b2c8-8495dd6f5e63","sagaName":"metrics-62c3af51","status":"SUCCEEDED","durationMs":69}
{"@timestamp":"2026-10-09T11:15:00.513491109-03:00","@version":"1","message":"200 OK GET /workflows/b3e0f622-98dd-455c-b2c8-8495dd6f5e63","logger_name":"io.ktor.test","thread_name":"DefaultDispatcher-worker-3 @request#5513","level":"INFO","level_value":20000,"traceId":"00000000000000000000000000000000","spanId":"0000000000000000"}
{"@timestamp":"2026-10-09T11:15:00.520537974-03:00","@version":"1","message":"200 OK GET /metrics","logger_name":"io.ktor.test","thread_name":"DefaultDispatcher-worker-1 @request#5517","level":"INFO","level_value":20000,"traceId":"00000000000000000000000000000000","spanId":"0000000000000000"}
{"@timestamp":"2026-10-09T11:15:00.541228551-03:00","@version":"1","message":"saga-db-pool - Shutdown initiated...","logger_name":"com.zaxxer.hikari.HikariDataSource","thread_name":"DefaultDispatcher-worker-1","level":"INFO","level_value":20000}
{"@timestamp":"2026-10-09T11:15:00.541889494-03:00","@version":"1","message":"saga-db-pool - Shutdown completed.","logger_name":"com.zaxxer.hikari.HikariDataSource","thread_name":"DefaultDispatcher-worker-1","level":"INFO","level_value":20000}
{"@timestamp":"2026-10-09T11:15:00.603448257-03:00","@version":"1","message":"Application started in 0.052 seconds.","logger_name":"io.ktor.test","thread_name":"DefaultDispatcher-worker-1 @call-context#5525","level":"INFO","level_value":20000}
{"@timestamp":"2026-10-09T11:15:00.603596423-03:00","@version":"1","message":"Responding at http://localhost:80","logger_name":"io.ktor.test","thread_name":"DefaultDispatcher-worker-6 @coroutine#5610","level":"INFO","level_value":20000}
{"@timestamp":"2026-10-09T11:15:00.603662266-03:00","@version":"1","message":"Responding at https://localhost:443","logger_name":"io.ktor.test","thread_name":"DefaultDispatcher-worker-6 @coroutine#5610","level":"INFO","level_value":20000}
{"@timestamp":"2026-10-09T11:15:00.611787032-03:00","@version":"1","message":"200 OK POST /workflows/run","logger_name":"io.ktor.test","thread_name":"DefaultDispatcher-worker-4 @request#5525","level":"INFO","level_value":20000,"traceId":"00000000000000000000000000000000","spanId":"0000000000000000"}
{"@timestamp":"2026-10-09T11:15:00.620881708-03:00","@version":"1","message":"200 OK GET /workflows/e65b556d-d9d9-4d6a-9f0a-60a7442dafac","logger_name":"io.ktor.test","thread_name":"DefaultDispatcher-worker-12 @request#5617","level":"INFO","level_value":20000,"traceId":"00000000000000000000000000000000","spanId":"0000000000000000"}
{"@timestamp":"2026-10-09T11:15:00.672863726-03:00","@version":"1","message":"async node waiting for callback","logger_name":"run.trama.saga.workflow.WorkflowExecutor","thread_name":"DefaultDispatcher-worker-1 @coroutine#5599","level":"INFO","level_value":20000,"traceId":"00000000000000000000000000000000","spanId":"0000000000000000","sagaId":"e65b556d-d9d9-4d6a-9f0a-60a7442dafac","nodeId":"auth","deadlineAt":"2026-10-09T14:15:30.663885057Z"}
{"@timestamp":"2026-10-09T11:15:00.825426019-03:00","@version":"1","message":"200 OK GET /workflows/e65b556d-d9d9-4d6a-9f0a-60a7442dafac","logger_name":"io.ktor.test","thread_name":"DefaultDispatcher-worker-1 @request#5624","level":"INFO","level_value":20000,"traceId":"00000000000000000000000000000000","spanId":"0000000000000000"}
{"@timestamp":"2026-10-09T11:15:00.830769517-03:00","@version":"1","message":"callback received","logger_name":"run.trama.saga.callback.CallbackReceiver","thread_name":"DefaultDispatcher-worker-6 @request#5628","level":"INFO","level_value":20000,"traceId":"00000000000000000000000000000000","spanId":"0000000000000000","executionId":"e65b556d-d9d9-4d6a-9f0a-60a7442dafac","nodeId":"auth","attempt":0,"isSuccess":true}
{"@timestamp":"2026-10-09T11:15:00.833805821-03:00","@version":"1","message":"execution resumed after async callback","logger_name":"run.trama.saga.callback.CallbackReceiver","thread_name":"DefaultDispatcher-worker-6 @request#5628","level":"INFO","level_value":20000,"traceId":"00000000000000000000000000000000","spanId":"0000000000000000","executionId":"e65b556d-d9d9-4d6a-9f0a-60a7442dafac","nodeId":"auth","nextNodeId":"done"}
{"@timestamp":"2026-10-09T11:15:00.834171252-03:00","@version":"1","message":"202 Accepted POST /workflows/e65b556d-d9d9-4d6a-9f0a-60a7442dafac/node/auth/callback","logger_name":"io.ktor.test","thread_name":"DefaultDispatcher-worker-6 @request#5628","level":"INFO","level_value":20000,"traceId":"00000000000000000000000000000000","spanId":"0000000000000000"}
{"@timestamp":"2026-10-09T11:15:00.837206745-03:00","@version":"1","message":"callback arrived but no waiting entry found","logger_name":"run.trama.saga.callback.CallbackReceiver","thread_name":"DefaultDispatcher-worker-12 @request#5629","level":"WARN","level_value":30000,"traceId":"00000000000000000000000000000000","spanId":"0000000000000000","executionId":"e65b556d-d9d9-4d6a-9f0a-60a7442dafac","nodeId":"auth"}
{"@timestamp":"2026-10-09T11:15:00.837771749-03:00","@version":"1","message":"410 callback expired or already processed POST /workflows/e65b556d-d9d9-4d6a-9f0a-60a7442dafac/node/auth/callback","logger_name":"io.ktor.test","thread_name":"DefaultDispatcher-worker-12 @request#5629","level":"INFO","level_value":20000,"traceId":"00000000000000000000000000000000","spanId":"0000000000000000"}
{"@timestamp":"2026-10-09T11:15:00.841163696-03:00","@version":"1","message":"200 OK GET /workflows/e65b556d-d9d9-4d6a-9f0a-60a7442dafac","logger_name":"io.ktor.test","thread_name":"DefaultDispatcher-worker-6 @request#5633","level":"INFO","level_value":20000,"traceId":"00000000000000000000000000000000","spanId":"0000000000000000"}
{"@timestamp":"2026-10-09T11:15:00.875675315-03:00","@version":"1","message":"saga finished","logger_name":"run.trama.saga.workflow.WorkflowExecutor","thread_name":"DefaultDispatcher-worker-6 @coroutine#5600","level":"INFO","level_value":20000,"traceId":"00000000000000000000000000000000","spanId":"0000000000000000","sagaId":"e65b556d-d9d9-4d6a-9f0a-60a7442dafac","sagaName":"pg-async-1ca754f5","status":"SUCCEEDED","durationMs":270}
{"@timestamp":"2026-10-09T11:15:01.0463687-03:00","@version":"1","message":"200 OK GET /workflows/e65b556d-d9d9-4d6a-9f0a-60a7442dafac","logger_name":"io.ktor.test","thread_name":"DefaultDispatcher-worker-6 @request#5640","level":"INFO","level_value":20000,"traceId":"00000000000000000000000000000000","spanId":"0000000000000000"}
{"@timestamp":"2026-10-09T11:15:01.066147125-03:00","@version":"1","message":"saga-db-pool - Shutdown initiated...","logger_name":"com.zaxxer.hikari.HikariDataSource","thread_name":"DefaultDispatcher-worker-12","level":"INFO","level_value":20000}
{"@timestamp":"2026-10-09T11:15:01.066532664-03:00","@version":"1","message":"saga-db-pool - Shutdown completed.","logger_name":"com.zaxxer.hikari.HikariDataSource","thread_name":"DefaultDispatcher-worker-12","level":"INFO","level_value":20000}
{"@timestamp":"2026-10-09T11:15:01.128741761-03:00","@version":"1","message":"Application started in 0.055 seconds.","logger_name":"io.ktor.test","thread_name":"DefaultDispatcher-worker-12 @call-context#5648","level":"INFO","level_value":20000}
{"@timestamp":"2026-10-09T11:15:01.128927036-03:00","@version":"1","message":"Responding at http://localhost:80","logger_name":"io.ktor.test","thread_name":"DefaultDispatcher-worker-9 @coroutine#5733","level":"INFO","level_value":20000,"traceId":"00000000000000000000000000000000","spanId":"0000000000000000"}
{"@timestamp":"2026-10-09T11:15:01.129011063-03:00","@version":"1","message":"Responding at https://localhost:443","logger_name":"io.ktor.test","thread_name":"DefaultDispatcher-worker-9 @coroutine#5733","level":"INFO","level_value":20000,"traceId":"00000000000000000000000000000000","spanId":"0000000000000000"}
{"@timestamp":"2026-10-09T11:15:01.137612368-03:00","@version":"1","message":"200 OK POST /workflows/run","logger_name":"io.ktor.test","thread_name":"DefaultDispatcher-worker-12 @request#5648","level":"INFO","level_value":20000,"traceId":"00000000000000000000000000000000","spanId":"0000000000000000"}
{"@timestamp":"2026-10-09T11:15:01.146777154-03:00","@version":"1","message":"200 OK GET /workflows/939f01b8-8938-4337-8d50-69bbbc6aeb1a","logger_name":"io.ktor.test","thread_name":"DefaultDispatcher-worker-5 @request#5740","level":"INFO","level_value":20000,"traceId":"00000000000000000000000000000000","spanId":"0000000000000000"}
{"@timestamp":"2026-10-09T11:15:01.194322577-03:00","@version":"1","message":"saga sleeping","logger_name":"run.trama.saga.workflow.WorkflowExecutor","thread_name":"DefaultDispatcher-worker-12 @coroutine#5723","level":"INFO","level_value":20000,"traceId":"00000000000000000000000000000000","spanId":"0000000000000000","sagaId":"939f01b8-8938-4337-8d50-69bbbc6aeb1a","nodeId":"nap","wakeAt":"2026-10-09T14:25:01.191976751Z","delayMillis":600000}
{"@timestamp":"2026-10-09T11:15:01.351026275-03:00","@version":"1","message":"200 OK GET /workflows/939f01b8-8938-4337-8d50-69bbbc6aeb1a","logger_name":"io.ktor.test","thread_name":"DefaultDispatcher-worker-5 @request#5747","level":"INFO","level_value":20000,"traceId":"00000000000000000000000000000000","spanId":"0000000000000000"}
{"@timestamp":"2026-10-09T11:15:01.364056302-03:00","@version":"1","message":"202 Accepted POST /workflows/939f01b8-8938-4337-8d50-69bbbc6aeb1a/wake","logger_name":"io.ktor.test","thread_name":"DefaultDispatcher-worker-5 @request#5751","level":"INFO","level_value":20000,"traceId":"00000000000000000000000000000000","spanId":"0000000000000000"}
{"@timestamp":"2026-10-09T11:15:01.368160969-03:00","@version":"1","message":"200 OK GET /workflows/939f01b8-8938-4337-8d50-69bbbc6aeb1a","logger_name":"io.ktor.test","thread_name":"DefaultDispatcher-worker-1 @request#5752","level":"INFO","level_value":20000,"traceId":"00000000000000000000000000000000","spanId":"0000000000000000"}
{"@timestamp":"2026-10-09T11:15:01.38986175-03:00","@version":"1","message":"saga waking up","logger_name":"run.trama.saga.workflow.WorkflowExecutor","thread_name":"DefaultDispatcher-worker-7 @coroutine#5722","level":"INFO","level_value":20000,"traceId":"00000000000000000000000000000000","spanId":"0000000000000000","sagaId":"939f01b8-8938-4337-8d50-69bbbc6aeb1a","nextNodeId":"b"}
{"@timestamp":"2026-10-09T11:15:01.401949709-03:00","@version":"1","message":"saga finished","logger_name":"run.trama.saga.workflow.WorkflowExecutor","thread_name":"DefaultDispatcher-worker-6 @coroutine#5722","level":"INFO","level_value":20000,"traceId":"00000000000000000000000000000000","spanId":"0000000000000000","sagaId":"939f01b8-8938-4337-8d50-69bbbc6aeb1a","sagaName":"pg-wake-a9c7af26","status":"SUCCEEDED","durationMs":271}
{"@timestamp":"2026-10-09T11:15:01.573420765-03:00","@version":"1","message":"200 OK GET /workflows/939f01b8-8938-4337-8d50-69bbbc6aeb1a","logger_name":"io.ktor.test","thread_name":"DefaultDispatcher-worker-6 @request#5759","level":"INFO","level_value":20000,"traceId":"00000000000000000000000000000000","spanId":"0000000000000000"}
{"@timestamp":"2026-10-09T11:15:01.590184396-03:00","@version":"1","message":"saga-db-pool - Shutdown initiated...","logger_name":"com.zaxxer.hikari.HikariDataSource","thread_name":"DefaultDispatcher-worker-8","level":"INFO","level_value":20000}
{"@timestamp":"2026-10-09T11:15:01.59073885-03:00","@version":"1","message":"saga-db-pool - Shutdown completed.","logger_name":"com.zaxxer.hikari.HikariDataSource","thread_name":"DefaultDispatcher-worker-8","level":"INFO","level_value":20000}
{"@timestamp":"2026-10-09T11:15:01.654678765-03:00","@version":"1","message":"Application started in 0.056 seconds.","logger_name":"io.ktor.test","thread_name":"DefaultDispatcher-worker-8 @call-context#5767","level":"INFO","level_value":20000}
{"@timestamp":"2026-10-09T11:15:01.654830408-03:00","@version":"1","message":"Responding at http://localhost:80","logger_name":"io.ktor.test","thread_name":"DefaultDispatcher-worker-3 @coroutine#5852","level":"INFO","level_value":20000}
{"@timestamp":"2026-10-09T11:15:01.654874681-03:00","@version":"1","message":"Responding at https://localhost:443","logger_name":"io.ktor.test","thread_name":"DefaultDispatcher-worker-3 @coroutine#5852","level":"INFO","level_value":20000}
{"@timestamp":"2026-10-09T11:15:01.662166503-03:00","@version":"1","message":"200 OK POST /workflows/run","logger_name":"io.ktor.test","thread_name":"DefaultDispatcher-worker-8 @request#5767","level":"INFO","level_value":20000,"traceId":"00000000000000000000000000000000","spanId":"0000000000000000"}
{"@timestamp":"2026-10-09T11:15:01.67100476-03:00","@version":"1","message":"200 OK GET /workflows/b28f5c2a-1548-48c7-a2f7-56967429d594","logger_name":"io.ktor.test","thread_name":"DefaultDispatcher-worker-1 @request#5859","level":"INFO","level_value":20000,"traceId":"00000000000000000000000000000000","spanId":"0000000000000000"}
{"@timestamp":"2026-10-09T11:15:01.719614868-03:00","@version":"1","message":"node completed","logger_name":"run.trama.saga.workflow.TaskNodeHandler","thread_name":"DefaultDispatcher-worker-8 @coroutine#5841","level":"INFO","level_value":20000,"traceId":"00000000000000000000000000000000","spanId":"0000000000000000","sagaId":"b28f5c2a-1548-48c7-a2f7-56967429d594","nodeId":"b","phase":"UP","status":500}
{"@timestamp":"2026-10-09T11:15:01.721120267-03:00","@version":"1","message":"compensation scheduled","logger_name":"run.trama.saga.workflow.WorkflowExecutor","thread_name":"DefaultDispatcher-worker-1 @coroutine#5841","level":"INFO","level_value":20000,"traceId":"00000000000000000000000000000000","spanId":"0000000000000000","sagaId":"b28f5c2a-1548-48c7-a2f7-56967429d594","failedNodeId":"b"}
{"@timestamp":"2026-10-09T11:15:01.772044031-03:00","@version":"1","message":"saga finished","logger_name":"run.trama.saga.workflow.WorkflowExecutor","thread_name":"DefaultDispatcher-worker-1 @coroutine#5842","level":"INFO","level_value":20000,"traceId":"00000000000000000000000000000000","spanId":"0000000000000000","sagaId":"b28f5c2a-1548-48c7-a2f7-56967429d594","sagaName":"pg-sync-896abe2e","status":"FAILED","durationMs":115}
{"@timestamp":"2026-10-09T11:15:01.875181296-03:00","@version":"1","message":"200 OK GET /workflows/b28f5c2a-1548-48c7-a2f7-56967429d594","logger_name":"io.ktor.test","thread_name":"DefaultDispatcher-worker-1 @request#5872","level":"INFO","level_value":20000,"traceId":"00000000000000000000000000000000","spanId":"0000000000000000"}
{"@timestamp":"2026-10-09T11:15:01.879340003-03:00","@version":"1","message":"200 OK GET /workflows/b28f5c2a-1548-48c7-a2f7-56967429d594/steps","logger_name":"io.ktor.test","thread_name":"DefaultDispatcher-worker-11 @request#5876","level":"INFO","level_value":20000,"traceId":"00000000000000000000000000000000","spanId":"0000000000000000"}
{"@timestamp":"2026-10-09T11:15:01.913281268-03:00","@version":"1","message":"saga-db-pool - Shutdown initiated...","logger_name":"com.zaxxer.hikari.HikariDataSource","thread_name":"DefaultDispatcher-worker-8","level":"INFO","level_value":20000}
{"@timestamp":"2026-10-09T11:15:01.913681775-03:00","@version":"1","message":"saga-db-pool - Shutdown completed.","logger_name":"com.zaxxer.hikari.HikariDataSource","thread_name":"DefaultDispatcher-worker-8","level":"INFO","level_value":20000}
{"@timestamp":"2026-10-09T11:15:01.976962581-03:00","@version":"1","message":"Application started in 0.056 seconds.","logger_name":"io.ktor.test","thread_name":"DefaultDispatcher-worker-8 @call-context#5884","level":"INFO","level_value":20000}
{"@timestamp":"2026-10-09T11:15:01.977251109-03:00","@version":"1","message":"Responding at http://localhost:80","logger_name":"io.ktor.test","thread_name":"DefaultDispatcher-worker-6 @coroutine#5969","level":"INFO","level_value":20000}
{"@timestamp":"2026-10-09T11:15:01.977302806-03:00","@version":"1","message":"Responding at https://localhost:443","logger_name":"io.ktor.test","thread_name":"DefaultDispatcher-worker-6 @coroutine#5969","level":"INFO","level_value":20000}
{"@timestamp":"2026-10-09T11:15:01.988091661-03:00","@version":"1","message":"200 OK POST /workflows/run","logger_name":"io.ktor.test","thread_name":"DefaultDispatcher-worker-1 @request#5884","level":"INFO","level_value":20000,"traceId":"00000000000000000000000000000000","spanId":"0000000000000000"}
{"@timestamp":"2026-10-09T11:15:02.00440384-03:00","@version":"1","message":"200 OK GET /workflows/57b6e325-a164-460c-a575-4501c36a8a61","logger_name":"io.ktor.test","thread_name":"DefaultDispatcher-worker-11 @request#5976","level":"INFO","level_value":20000,"traceId":"00000000000000000000000000000000","spanId":"0000000000000000"}
{"@timestamp":"2026-10-09T11:15:02.015717535-03:00","@version":"1","message":"saga sleeping","logger_name":"run.trama.saga.workflow.WorkflowExecutor","thread_name":"DefaultDispatcher-worker-7 @coroutine#5958","level":"INFO","level_value":20000,"traceId":"00000000000000000000000000000000","spanId":"0000000000000000","sagaId":"57b6e325-a164-460c-a575-4501c36a8a61","nodeId":"nap","wakeAt":"2026-10-09T14:15:04.012433339Z","delayMillis":2000}
{"@timestamp":"2026-10-09T11:15:02.210469931-03:00","@version":"1","message":"200 OK GET /workflows/57b6e325-a164-460c-a575-4501c36a8a61","logger_name":"io.ktor.test","thread_name":"DefaultDispatcher-worker-1 @request#5983","level":"INFO","level_value":20000,"traceId":"00000000000000000000000000000000","spanId":"0000000000000000"}
{"@timestamp":"2026-10-09T11:15:02.213918413-03:00","@version":"1","message":"200 OK GET /workflows/57b6e325-a164-460c-a575-4501c36a8a61","logger_name":"io.ktor.test","thread_name":"DefaultDispatcher-worker-1 @request#5987","level":"INFO","level_value":20000,"traceId":"00000000000000000000000000000000","spanId":"0000000000000000"}
{"@timestamp":"2026-10-09T11:15:02.418178384-03:00","@version":"1","message":"200 OK GET /workflows/57b6e325-a164-460c-a575-4501c36a8a61","logger_name":"io.ktor.test","thread_name":"DefaultDispatcher-worker-10 @request#5991","level":"INFO","level_value":20000,"traceId":"00000000000000000000000000000000","spanId":"0000000000000000"}
{"@timestamp":"2026-10-09T11:15:02.622488218-03:00","@version":"1","message":"200 OK GET /workflows/57b6e325-a164-460c-a575-4501c36a8a61","logger_name":"io.ktor.test","thread_name":"DefaultDispatcher-worker-10 @request#5995","level":"INFO","level_value":20000,"traceId":"00000000000000000000000000000000","spanId":"0000000000000000"}
{"@timestamp":"2026-10-09T11:15:02.827000871-03:00","@version":"1","message":"200 OK GET /workflows/57b6e325-a164-460c-a575-4501c36a8a61","logger_name":"io.ktor.test","thread_name":"DefaultDispatcher-worker-9 @request#5999","level":"INFO","level_value":20000,"traceId":"00000000000000000000000000000000","spanId":"0000000000000000"}
{"@timestamp":"2026-10-09T11:15:03.031294465-03:00","@version":"1","message":"200 OK GET /workflows/57b6e325-a164-460c-a575-4501c36a8a61","logger_name":"io.ktor.test","thread_name":"DefaultDispatcher-worker-9 @request#6003","level":"INFO","level_value":20000,"traceId":"00000000000000000000000000000000","spanId":"0000000000000000"}
{"@timestamp":"2026-10-09T11:15:03.235917613-03:00","@version":"1","message":"200 OK GET /workflows/57b6e325-a164-460c-a575-4501c36a8a61","logger_name":"io.ktor.test","thread_name":"DefaultDispatcher-worker-10 @request#6007","level":"INFO","level_value":20000,"traceId":"00000000000000000000000000000000","spanId":"0000000000000000"}
{"@timestamp":"2026-10-09T11:15:03.440790748-03:00","@version":"1","message":"200 OK GET /workflows/57b6e325-a164-460c-a575-4501c36a8a61","logger_name":"io.ktor.test","thread_name":"DefaultDispatcher-worker-10 @request#6011","level":"INFO","level_value":20000,"traceId":"00000000000000000000000000000000","spanId":"0000000000000000"}
{"@timestamp":"2026-10-09T11:15:03.64527622-03:00","@version":"1","message":"200 OK GET /workflows/57b6e325-a164-460c-a575-4501c36a8a61","logger_name":"io.ktor.test","thread_name":"DefaultDispatcher-worker-10 @request#6015","level":"INFO","level_value":20000,"traceId":"00000000000000000000000000000000","spanId":"0000000000000000"}
{"@timestamp":"2026-10-09T11:15:03.8491336-03:00","@version":"1","message":"200 OK GET /workflows/57b6e325-a164-460c-a575-4501c36a8a61","logger_name":"io.ktor.test","thread_name":"DefaultDispatcher-worker-1 @request#6019","level":"INFO","level_value":20000,"traceId":"00000000000000000000000000000000","spanId":"0000000000000000"}
{"@timestamp":"2026-10-09T11:15:04.034500357-03:00","@version":"1","message":"saga waking up","logger_name":"run.trama.saga.workflow.WorkflowExecutor","thread_name":"DefaultDispatcher-worker-1 @coroutine#5959","level":"INFO","level_value":20000,"traceId":"00000000000000000000000000000000","spanId":"0000000000000000","sagaId":"57b6e325-a164-460c-a575-4501c36a8a61","nextNodeId":"b"}
{"@timestamp":"2026-10-09T11:15:04.045507611-03:00","@version":"1","message":"saga finished","logger_name":"run.trama.saga.workflow.WorkflowExecutor","thread_name":"DefaultDispatcher-worker-5 @coroutine#5959","level":"INFO","level_value":20000,"traceId":"00000000000000000000000000000000","spanId":"0000000000000000","sagaId":"57b6e325-a164-460c-a575-4501c36a8a61","sagaName":"pg-sleep-b49fd01c","status":"SUCCEEDED","durationMs":2065}
{"@timestamp":"2026-10-09T11:15:04.052090771-03:00","@version":"1","message":"200 OK GET /workflows/57b6e325-a164-460c-a575-4501c36a8a61","logger_name":"io.ktor.test","thread_name":"DefaultDispatcher-worker-5 @request#6026","level":"INFO","level_value":20000,"traceId":"00000000000000000000000000000000","spanId":"0000000000000000"}
{"@timestamp":"2026-10-09T11:15:04.103109282-03:00","@version":"1","message":"saga-db-pool - Shutdown initiated...","logger_name":"com.zaxxer.hikari.HikariDataSource","thread_name":"DefaultDispatcher-worker-5","level":"INFO","level_value":20000}
{"@timestamp":"2026-10-09T11:15:04.103651213-03:00","@version":"1","message":"saga-db-pool - Shutdown completed.","logger_name":"com.zaxxer.hikari.HikariDataSource","thread_name":"DefaultDispatcher-worker-5","level":"INFO","level_value":20000}
{"@timestamp":"2026-10-09T11:15:04.179518818-03:00","@version":"1","message":"Application started in 0.066 seconds.","logger_name":"io.ktor.test","thread_name":"DefaultDispatcher-worker-5 @call-context#6034","level":"INFO","level_value":20000}
{"@timestamp":"2026-10-09T11:15:04.179663207-03:00","@version":"1","message":"Responding at http://localhost:80","logger_name":"io.ktor.test","thread_name":"DefaultDispatcher-worker-7 @coroutine#6119","level":"INFO","level_value":20000}
{"@timestamp":"2026-10-09T11:15:04.179735913-03:00","@version":"1","message":"Responding at https://localhost:443","logger_name":"io.ktor.test","thread_name":"DefaultDispatcher-worker-7 @coroutine#6119","level":"INFO","level_value":20000}
{"@timestamp":"2026-10-09T11:15:04.187088579-03:00","@version":"1","message":"200 OK POST /workflows/run","logger_name":"io.ktor.test","thread_name":"DefaultDispatcher-worker-5 @request#6034","level":"INFO","level_value":20000,"traceId":"00000000000000000000000000000000","spanId":"0000000000000000"}
{"@timestamp":"2026-10-09T11:15:04.19533936-03:00","@version":"1","message":"200 OK GET /workflows/981b99e3-59d9-4272-8a16-6b019daea7f7","logger_name":"io.ktor.test","thread_name":"DefaultDispatcher-worker-6 @request#6126","level":"INFO","level_value":20000,"traceId":"00000000000000000000000000000000","spanId":"0000000000000000"}
{"@timestamp":"2026-10-09T11:15:04.238301592-03:00","@version":"1","message":"node completed","logger_name":"run.trama.saga.workflow.TaskNodeHandler","thread_name":"DefaultDispatcher-worker-3 @coroutine#6108","level":"INFO","level_value":20000,"traceId":"00000000000000000000000000000000","spanId":"0000000000000000","sagaId":"981b99e3-59d9-4272-8a16-6b019daea7f7","nodeId":"b","phase":"UP","status":500}
{"@timestamp":"2026-10-09T11:15:04.239734876-03:00","@version":"1","message":"compensation scheduled","logger_name":"run.trama.saga.workflow.WorkflowExecutor","thread_name":"DefaultDispatcher-worker-10 @coroutine#6108","level":"INFO","level_value":20000,"traceId":"00000000000000000000000000000000","spanId":"0000000000000000","sagaId":"981b99e3-59d9-4272-8a16-6b019daea7f7","failedNodeId":"b"}
{"@timestamp":"2026-10-09T11:15:04.290349384-03:00","@version":"1","message":"saga finished","logger_name":"run.trama.saga.workflow.WorkflowExecutor","thread_name":"DefaultDispatcher-worker-6 @coroutine#6109","level":"INFO","level_value":20000,"traceId":"00000000000000000000000000000000","spanId":"0000000000000000","sagaId":"981b99e3-59d9-4272-8a16-6b019daea7f7","sagaName":"retry-v2-827c8c01","status":"FAILED","durationMs":109}
{"@timestamp":"2026-10-09T11:15:04.399756354-03:00","@version":"1","message":"200 OK GET /workflows/981b99e3-59d9-4272-8a16-6b019daea7f7","logger_name":"io.ktor.test","thread_name":"DefaultDispatcher-worker-6 @request#6133","level":"INFO","level_value":20000,"traceId":"00000000000000000000000000000000","spanId":"0000000000000000"}
{"@timestamp":"2026-10-09T11:15:04.406649653-03:00","@version":"1","message":"422 Unprocessable Entity POST /workflows/981b99e3-59d9-4272-8a16-6b019daea7f7/retry","logger_name":"io.ktor.test","thread_name":"DefaultDispatcher-worker-10 @request#6137","level":"INFO","level_value":20000,"traceId":"00000000000000000000000000000000","spanId":"0000000000000000"}
{"@timestamp":"2026-10-09T11:15:04.437211363-03:00","@version":"1","message":"saga-db-pool - Shutdown initiated...","logger_name":"com.zaxxer.hikari.HikariDataSource","thread_name":"DefaultDispatcher-worker-10","level":"INFO","level_value":20000}
{"@timestamp":"2026-10-09T11:15:04.437583187-03:00","@version":"1","message":"saga-db-pool - Shutdown completed.","logger_name":"com.zaxxer.hikari.HikariDataSource","thread_name":"DefaultDispatcher-worker-10","level":"INFO","level_value":20000}
{"@timestamp":"2026-10-09T11:15:04.493680382-03:00","@version":"1","message":"Application started in 0.048 seconds.","logger_name":"io.ktor.test","thread_name":"DefaultDispatcher-worker-10 @call-context#6145","level":"INFO","level_value":20000}
{"@timestamp":"2026-10-09T11:15:04.493863934-03:00","@version":"1","message":"Responding at http://localhost:80","logger_name":"io.ktor.test","thread_name":"DefaultDispatcher-worker-8 @coroutine#6230","level":"INFO","level_value":20000,"traceId":"00000000000000000000000000000000","spanId":"0000000000000000"}
{"@timestamp":"2026-10-09T11:15:04.493910952-03:00","@version":"1","message":"Responding at https://localhost:443","logger_name":"io.ktor.test","thread_name":"DefaultDispatcher-worker-8 @coroutine#6230","level":"INFO","level_value":20000,"traceId":"00000000000000000000000000000000","spanId":"0000000000000000"}
{"@timestamp":"2026-10-09T11:15:04.500537563-03:00","@version":"1","message":"200 OK POST /workflows/run","logger_name":"io.ktor.test","thread_name":"DefaultDispatcher-worker-4 @request#6145","level":"INFO","level_value":20000,"traceId":"00000000000000000000000000000000","spanId":"0000000000000000"}
{"@timestamp":"2026-10-09T11:15:04.510281139-03:00","@version":"1","message":"200 OK GET /workflows/0035f81e-411e-4408-9be5-dfefe36bf7ef","logger_name":"io.ktor.test","thread_name":"DefaultDispatcher-worker-5 @request#6237","level":"INFO","level_value":20000,"traceId":"00000000000000000000000000000000","spanId":"0000000000000000"}
{"@timestamp":"2026-10-09T11:15:04.56023792-03:00","@version":"1","message":"node completed","logger_name":"run.trama.saga.workflow.TaskNodeHandler","thread_name":"DefaultDispatcher-worker-4 @coroutine#6220","level":"INFO","level_value":20000,"traceId":"00000000000000000000000000000000","spanId":"0000000000000000","sagaId":"0035f81e-411e-4408-9be5-dfefe36bf7ef","nodeId":"charge","phase":"UP","status":500}
{"@timestamp":"2026-10-09T11:15:04.561743408-03:00","@version":"1","message":"compensation scheduled","logger_name":"run.trama.saga.workflow.WorkflowExecutor","thread_name":"DefaultDispatcher-worker-1 @coroutine#6220","level":"INFO","level_value":20000,"traceId":"00000000000000000000000000000000","spanId":"0000000000000000","sagaId":"0035f81e-411e-4408-9be5-dfefe36bf7ef","failedNodeId":"charge"}
{"@timestamp":"2026-10-09T11:15:04.610927948-03:00","@version":"1","message":"saga finished","logger_name":"run.trama.saga.workflow.WorkflowExecutor","thread_name":"DefaultDispatcher-worker-10 @coroutine#6219","level":"INFO","level_value":20000,"traceId":"00000000000000000000000000000000","spanId":"0000000000000000","sagaId":"0035f81e-411e-4408-9be5-dfefe36bf7ef","sagaName":"retry-payload-5f5158b1","status":"FAILED","durationMs":115}
{"@timestamp":"2026-10-09T11:15:04.714447295-03:00","@version":"1","message":"200 OK GET /workflows/0035f81e-411e-4408-9be5-dfefe36bf7ef","logger_name":"io.ktor.test","thread_name":"DefaultDispatcher-worker-10 @request#6250","level":"INFO","level_value":20000,"traceId":"00000000000000000000000000000000","spanId":"0000000000000000"}
{"@timestamp":"2026-10-09T11:15:04.722402315-03:00","@version":"1","message":"202 Accepted POST /workflows/0035f81e-411e-4408-9be5-dfefe36bf7ef/retry","logger_name":"io.ktor.test","thread_name":"DefaultDispatcher-worker-4 @request#6254","level":"INFO","level_value":20000,"traceId":"00000000000000000000000000000000","spanId":"0000000000000000"}
{"@timestamp":"2026-10-09T11:15:04.726001289-03:00","@version":"1","message":"200 OK GET /workflows/0035f81e-411e-4408-9be5-dfefe36bf7ef","logger_name":"io.ktor.test","thread_name":"DefaultDispatcher-worker-12 @request#6258","level":"INFO","level_value":20000,"traceId":"00000000000000000000000000000000","spanId":"0000000000000000"}
{"@timestamp":"2026-10-09T11:15:04.764326431-03:00","@version":"1","message":"saga finished","logger_name":"run.trama.saga.workflow.WorkflowExecutor","thread_name":"DefaultDispatcher-worker-6 @coroutine#6220","level":"INFO","level_value":20000,"traceId":"00000000000000000000000000000000","spanId":"0000000000000000","sagaId":"0035f81e-411e-4408-9be5-dfefe36bf7ef","sagaName":"retry-payload-5f5158b1","status":"SUCCEEDED","durationMs":268}
{"@timestamp":"2026-10-09T11:15:04.931356533-03:00","@version":"1","message":"200 OK GET /workflows/0035f81e-411e-4408-9be5-dfefe36bf7ef","logger_name":"io.ktor.test","thread_name":"DefaultDispatcher-worker-12 @request#6268","level":"INFO","level_value":20000,"traceId":"00000000000000000000000000000000","spanId":"0000000000000000"}
{"@timestamp":"2026-10-09T11:15:04.952773073-03:00","@version":"1","message":"saga-db-pool - Shutdown initiated...","logger_name":"com.zaxxer.hikari.HikariDataSource","thread_name":"DefaultDispatcher-worker-1","level":"INFO","level_value":20000}
{"@timestamp":"2026-10-09T11:15:04.953163742-03:00","@version":"1","message":"saga-db-pool - Shutdown completed.","logger_name":"com.zaxxer.hikari.HikariDataSource","thread_name":"DefaultDispatcher-worker-1","level":"INFO","level_value":20000}
{"@timestamp":"2026-10-09T11:15:05.013489726-03:00","@version":"1","message":"Application started in 0.053 seconds.","logger_name":"io.ktor.test","thread_name":"DefaultDispatcher-worker-1 @call-context#6276","level":"INFO","level_value":20000}
{"@timestamp":"2026-10-09T11:15:05.013758086-03:00","@version":"1","message":"Responding at http://localhost:80","logger_name":"io.ktor.test","thread_name":"DefaultDispatcher-worker-6 @coroutine#6361","level":"INFO","level_value":20000}
{"@timestamp":"2026-10-09T11:15:05.013803862-03:00","@version":"1","message":"Responding at https://localhost:443","logger_name":"io.ktor.test","thread_name":"DefaultDispatcher-worker-6 @coroutine#6361","level":"INFO","level_value":20000}
{"@timestamp":"2026-10-09T11:15:05.023274729-03:00","@version":"1","message":"200 OK POST /workflows/run","logger_name":"io.ktor.test","thread_name":"DefaultDispatcher-worker-1 @request#6276","level":"INFO","level_value":20000,"traceId":"00000000000000000000000000000000","spanId":"0000000000000000"}
{"@timestamp":"2026-10-09T11:15:05.037171943-03:00","@version":"1","message":"200 OK GET /workflows/a484087f-8605-4017-a982-3b06c501bc5a","logger_name":"io.ktor.test","thread_name":"DefaultDispatcher-worker-9 @request#6368","level":"INFO","level_value":20000,"traceId":"00000000000000000000000000000000","spanId":"0000000000000000"}
{"@timestamp":"2026-10-09T11:15:05.083255107-03:00","@version":"1","message":"node completed","logger_name":"run.trama.saga.workflow.TaskNodeHandler","thread_name":"DefaultDispatcher-worker-6 @coroutine#6350","level":"INFO","level_value":20000,"traceId":"00000000000000000000000000000000","spanId":"0000000000000000","sagaId":"a484087f-8605-4017-a982-3b06c501bc5a","nodeId":"charge","phase":"UP","status":500}
{"@timestamp":"2026-10-09T11:15:05.084519456-03:00","@version":"1","message":"compensation scheduled","logger_name":"run.trama.saga.workflow.WorkflowExecutor","thread_name":"DefaultDispatcher-worker-11 @coroutine#6350","level":"INFO","level_value":20000,"traceId":"00000000000000000000000000000000","spanId":"0000000000000000","sagaId":"a484087f-8605-4017-a982-3b06c501bc5a","failedNodeId":"charge"}
{"@timestamp":"2026-10-09T11:15:05.131925519-03:00","@version":"1","message":"saga finished","logger_name":"run.trama.saga.workflow.WorkflowExecutor","thread_name":"DefaultDispatcher-worker-11 @coroutine#6351","level":"INFO","level_value":20000,"traceId":"00000000000000000000000000000000","spanId":"0000000000000000","sagaId":"a484087f-8605-4017-a982-3b06c501bc5a","sagaName":"retry-4548b484","status":"FAILED","durationMs":115}
{"@timestamp":"2026-10-09T11:15:05.242708275-03:00","@version":"1","message":"200 OK GET /workflows/a484087f-8605-4017-a982-3b06c501bc5a","logger_name":"io.ktor.test","thread_name":"DefaultDispatcher-worker-11 @request#6381","level":"INFO","level_value":20000,"traceId":"00000000000000000000000000000000","spanId":"0000000000000000"}
{"@timestamp":"2026-10-09T11:15:05.250672832-03:00","@version":"1","message":"202 Accepted POST /workflows/a484087f-8605-4017-a982-3b06c501bc5a/retry","logger_name":"io.ktor.test","thread_name":"DefaultDispatcher-worker-1 @request#6385","level":"INFO","level_value":20000,"traceId":"00000000000000000000000000000000","spanId":"0000000000000000"}
{"@timestamp":"2026-10-09T11:15:05.255245943-03:00","@version":"1","message":"200 OK GET /workflows/a484087f-8605-4017-a982-3b06c501bc5a","logger_name":"io.ktor.test","thread_name":"DefaultDispatcher-worker-7 @request#6389","level":"INFO","level_value":20000,"traceId":"00000000000000000000000000000000","spanId":"0000000000000000"}
{"@timestamp":"2026-10-09T11:15:05.2857358-03:00","@version":"1","message":"saga finished","logger_name":"run.trama.saga.workflow.WorkflowExecutor","thread_name":"DefaultDispatcher-worker-5 @coroutine#6350","level":"INFO","level_value":20000,"traceId":"00000000000000000000000000000000","spanId":"0000000000000000","sagaId":"a484087f-8605-4017-a982-3b06c501bc5a","sagaName":"retry-4548b484","status":"SUCCEEDED","durationMs":269}
{"@timestamp":"2026-10-09T11:15:05.460304724-03:00","@version":"1","message":"200 OK GET /workflows/a484087f-8605-4017-a982-3b06c501bc5a","logger_name":"io.ktor.test","thread_name":"DefaultDispatcher-worker-5 @request#6399","level":"INFO","level_value":20000,"traceId":"00000000000000000000000000000000","spanId":"0000000000000000"}
{"@timestamp":"2026-10-09T11:15:05.474733199-03:00","@version":"1","message":"saga-db-pool - Shutdown initiated...","logger_name":"com.zaxxer.hikari.HikariDataSource","thread_name":"DefaultDispatcher-worker-1","level":"INFO","level_value":20000}
{"@timestamp":"2026-10-09T11:15:05.47518928-03:00","@version":"1","message":"saga-db-pool - Shutdown completed.","logger_name":"com.zaxxer.hikari.HikariDataSource","thread_name":"DefaultDispatcher-worker-1","level":"INFO","level_value":20000}
{"@timestamp":"2026-10-09T11:15:05.52727388-03:00","@version":"1","message":"Application started in 0.045 seconds.","logger_name":"io.ktor.test","thread_name":"DefaultDispatcher-worker-1 @call-context#6407","level":"INFO","level_value":20000}
{"@timestamp":"2026-10-09T11:15:05.527433037-03:00","@version":"1","message":"Responding at http://localhost:80","logger_name":"io.ktor.test","thread_name":"DefaultDispatcher-worker-12 @coroutine#6492","level":"INFO","level_value":20000}
{"@timestamp":"2026-10-09T11:15:05.527489182-03:00","@version":"1","message":"Responding at https://localhost:443","logger_name":"io.ktor.test","thread_name":"DefaultDispatcher-worker-12 @coroutine#6492","level":"INFO","level_value":20000}
{"@timestamp":"2026-10-09T11:15:05.535943212-03:00","@version":"1","message":"200 OK POST /workflows/run","logger_name":"io.ktor.test","thread_name":"DefaultDispatcher-worker-1 @request#6407","level":"INFO","level_value":20000,"traceId":"00000000000000000000000000000000","spanId":"0000000000000000"}
{"@timestamp":"2026-10-09T11:15:05.543712475-03:00","@version":"1","message":"200 OK GET /workflows/4439bdc5-3234-48fa-9d9a-c76c65fb1748","logger_name":"io.ktor.test","thread_name":"DefaultDispatcher-worker-8 @request#6499","level":"INFO","level_value":20000,"traceId":"00000000000000000000000000000000","spanId":"0000000000000000"}
{"@timestamp":"2026-10-09T11:15:05.606265603-03:00","@version":"1","message":"saga finished","logger_name":"run.trama.saga.workflow.WorkflowExecutor","thread_name":"DefaultDispatcher-worker-9 @coroutine#6481","level":"INFO","level_value":20000,"traceId":"00000000000000000000000000000000","spanId":"0000000000000000","sagaId":"4439bdc5-3234-48fa-9d9a-c76c65fb1748","sagaName":"retry-ok-c7a5f7ae","status":"SUCCEEDED","durationMs":77}
{"@timestamp":"2026-10-09T11:15:05.748390676-03:00","@version":"1","message":"200 OK GET /workflows/4439bdc5-3234-48fa-9d9a-c76c65fb1748","logger_name":"io.ktor.test","thread_name":"DefaultDispatcher-worker-9 @request#6509","level":"INFO","level_value":20000,"traceId":"00000000000000000000000000000000","spanId":"0000000000000000"}
{"@timestamp":"2026-10-09T11:15:05.751947601-03:00","@version":"1","message":"409 Conflict POST /workflows/4439bdc5-3234-48fa-9d9a-c76c65fb1748/retry","logger_name":"io.ktor.test","thread_name":"DefaultDispatcher-worker-5 @request#6513","level":"INFO","level_value":20000,"traceId":"00000000000000000000000000000000","spanId":"0000000000000000"}
{"@timestamp":"2026-10-09T11:15:05.786889984-03:00","@version":"1","message":"saga-db-pool - Shutdown initiated...","logger_name":"com.zaxxer.hikari.HikariDataSource","thread_name":"DefaultDispatcher-worker-3","level":"INFO","level_value":20000}
{"@timestamp":"2026-10-09T11:15:05.787277046-03:00","@version":"1","message":"saga-db-pool - Shutdown completed.","logger_name":"com.zaxxer.hikari.HikariDataSource","thread_name":"DefaultDispatcher-worker-3","level":"INFO","level_value":20000}
{"@timestamp":"2026-10-09T11:15:05.84742111-03:00","@version":"1","message":"Application started in 0.053 seconds.","logger_name":"io.ktor.test","thread_name":"DefaultDispatcher-worker-3 @call-context#6521","level":"INFO","level_value":20000}
{"@timestamp":"2026-10-09T11:15:05.847564247-03:00","@version":"1","message":"Responding at http://localhost:80","logger_name":"io.ktor.test","thread_name":"DefaultDispatcher-worker-10 @coroutine#6606","level":"INFO","level_value":20000}
{"@timestamp":"2026-10-09T11:15:05.847591317-03:00","@version":"1","message":"Responding at https://localhost:443","logger_name":"io.ktor.test","thread_name":"DefaultDispatcher-worker-10 @coroutine#6606","level":"INFO","level_value":20000}
{"@timestamp":"2026-10-09T11:15:05.848952296-03:00","@version":"1","message":"400 Bad Request POST /workflows/nope/retry","logger_name":"io.ktor.test","thread_name":"DefaultDispatcher-worker-3 @request#6521","level":"INFO","level_value":20000,"traceId":"00000000000000000000000000000000","spanId":"0000000000000000"}
{"@timestamp":"2026-10-09T11:15:05.861946536-03:00","@version":"1","message":"204 No Content POST /workflows/c09c7649-4201-40d4-9a41-d1da378fb029/retry","logger_name":"io.ktor.test","thread_name":"DefaultDispatcher-worker-11 @request#6613","level":"INFO","level_value":20000,"traceId":"00000000000000000000000000000000","spanId":"0000000000000000"}
{"@timestamp":"2026-10-09T11:15:05.905029554-03:00","@version":"1","message":"saga-db-pool - Shutdown initiated...","logger_name":"com.zaxxer.hikari.HikariDataSource","thread_name":"DefaultDispatcher-worker-11","level":"INFO","level_value":20000}
{"@timestamp":"2026-10-09T11:15:05.905363136-03:00","@version":"1","message":"saga-db-pool - Shutdown completed.","logger_name":"com.zaxxer.hikari.HikariDataSource","thread_name":"DefaultDispatcher-worker-11","level":"INFO","level_value":20000}
{"@timestamp":"2026-10-09T11:15:05.968536952-03:00","@version":"1","message":"Application started in 0.056 seconds.","logger_name":"io.ktor.test","thread_name":"DefaultDispatcher-worker-11 @call-context#6618","level":"INFO","level_value":20000}
{"@timestamp":"2026-10-09T11:15:05.968799562-03:00","@version":"1","message":"Responding at http://localhost:80","logger_name":"io.ktor.test","thread_name":"DefaultDispatcher-worker-2 @coroutine#6703","level":"INFO","level_value":20000}
{"@timestamp":"2026-10-09T11:15:05.968849465-03:00","@version":"1","message":"Responding at https://localhost:443","logger_name":"io.ktor.test","thread_name":"DefaultDispatcher-worker-2 @coroutine#6703","level":"INFO","level_value":20000}
{"@timestamp":"2026-10-09T11:15:05.982335271-03:00","@version":"1","message":"200 OK POST /workflows/run","logger_name":"io.ktor.test","thread_name":"DefaultDispatcher-worker-2 @request#6618","level":"INFO","level_value":20000,"traceId":"00000000000000000000000000000000","spanId":"0000000000000000"}
{"@timestamp":"2026-10-09T11:15:05.99303442-03:00","@version":"1","message":"200 OK GET /workflows/a582c649-b8a0-4169-b601-3c38f4423b4e","logger_name":"io.ktor.test","thread_name":"DefaultDispatcher-worker-9 @request#6710","level":"INFO","level_value":20000,"traceId":"00000000000000000000000000000000","spanId":"0000000000000000"}
{"@timestamp":"2026-10-09T11:15:06.035092356-03:00","@version":"1","message":"saga sleeping","logger_name":"run.trama.saga.workflow.WorkflowExecutor","thread_name":"DefaultDispatcher-worker-11 @coroutine#6693","level":"INFO","level_value":20000,"traceId":"00000000000000000000000000000000","spanId":"0000000000000000","sagaId":"a582c649-b8a0-4169-b601-3c38f4423b4e","nodeId":"nap","wakeAt":"2026-10-09T14:15:06.532763391Z","delayMillis":500}
{"@timestamp":"2026-10-09T11:15:06.198305277-03:00","@version":"1","message":"200 OK GET /workflows/a582c649-b8a0-4169-b601-3c38f4423b4e","logger_name":"io.ktor.test","thread_name":"DefaultDispatcher-worker-11 @request#6717","level":"INFO","level_value":20000,"traceId":"00000000000000000000000000000000","spanId":"0000000000000000"}
{"@timestamp":"2026-10-09T11:15:06.402441868-03:00","@version":"1","message":"200 OK GET /workflows/a582c649-b8a0-4169-b601-3c38f4423b4e","logger_name":"io.ktor.test","thread_name":"DefaultDispatcher-worker-11 @request#6721","level":"INFO","level_value":20000,"traceId":"00000000000000000000000000000000","spanId":"0000000000000000"}
{"@timestamp":"2026-10-09T11:15:06.583214275-03:00","@version":"1","message":"saga waking up","logger_name":"run.trama.saga.workflow.WorkflowExecutor","thread_name":"DefaultDispatcher-worker-6 @coroutine#6692","level":"INFO","level_value":20000,"traceId":"00000000000000000000000000000000","spanId":"0000000000000000","sagaId":"a582c649-b8a0-4169-b601-3c38f4423b4e","nextNodeId":null}
{"@timestamp":"2026-10-09T11:15:06.588492591-03:00","@version":"1","message":"saga finished","logger_name":"run.trama.saga.workflow.WorkflowExecutor","thread_name":"DefaultDispatcher-worker-6 @coroutine#6692","level":"INFO","level_value":20000,"traceId":"00000000000000000000000000000000","spanId":"0000000000000000","sagaId":"a582c649-b8a0-4169-b601-3c38f4423b4e","sagaName":"sleep-last-fc6b2cd6","status":"SUCCEEDED","durationMs":617}
{"@timestamp":"2026-10-09T11:15:06.606526572-03:00","@version":"1","message":"200 OK GET /workflows/a582c649-b8a0-4169-b601-3c38f4423b4e","logger_name":"io.ktor.test","thread_name":"DefaultDispatcher-worker-6 @request#6725","level":"INFO","level_value":20000,"traceId":"00000000000000000000000000000000","spanId":"0000000000000000"}
{"@timestamp":"2026-10-09T11:15:06.641323964-03:00","@version":"1","message":"saga-db-pool - Shutdown initiated...","logger_name":"com.zaxxer.hikari.HikariDataSource","thread_name":"DefaultDispatcher-worker-1","level":"INFO","level_value":20000}
{"@timestamp":"2026-10-09T11:15:06.643317903-03:00","@version":"1","message":"saga-db-pool - Shutdown completed.","logger_name":"com.zaxxer.hikari.HikariDataSource","thread_name":"DefaultDispatcher-worker-1","level":"INFO","level_value":20000}
{"@timestamp":"2026-10-09T11:15:06.707474743-03:00","@version":"1","message":"Application started in 0.049 seconds.","logger_name":"io.ktor.test","thread_name":"DefaultDispatcher-worker-6 @call-context#6733","level":"INFO","level_value":20000}
{"@timestamp":"2026-10-09T11:15:06.707603403-03:00","@version":"1","message":"Responding at http://localhost:80","logger_name":"io.ktor.test","thread_name":"DefaultDispatcher-worker-10 @coroutine#6818","level":"INFO","level_value":20000}
{"@timestamp":"2026-10-09T11:15:06.707645191-03:00","@version":"1","message":"Responding at https://localhost:443","logger_name":"io.ktor.test","thread_name":"DefaultDispatcher-worker-10 @coroutine#6818","level":"INFO","level_value":20000}
{"@timestamp":"2026-10-09T11:15:06.715038593-03:00","@version":"1","message":"200 OK POST /workflows/run","logger_name":"io.ktor.test","thread_name":"DefaultDispatcher-worker-6 @request#6733","level":"INFO","level_value":20000,"traceId":"00000000000000000000000000000000","spanId":"0000000000000000"}
{"@timestamp":"2026-10-09T11:15:06.723103637-03:00","@version":"1","message":"200 OK GET /workflows/dc0b223a-2024-43e0-8eb1-ded7b8b8e6d7","logger_name":"io.ktor.test","thread_name":"DefaultDispatcher-worker-8 @request#6825","level":"INFO","level_value":20000,"traceId":"00000000000000000000000000000000","spanId":"0000000000000000"}
{"@timestamp":"2026-10-09T11:15:06.771843437-03:00","@version":"1","message":"saga sleeping","logger_name":"run.trama.saga.workflow.WorkflowExecutor","thread_name":"DefaultDispatcher-worker-7 @coroutine#6807","level":"INFO","level_value":20000,"traceId":"00000000000000000000000000000000","spanId":"0000000000000000","sagaId":"dc0b223a-2024-43e0-8eb1-ded7b8b8e6d7","nodeId":"nap","wakeAt":"2026-10-09T14:25:06.769689520Z","delayMillis":600000}
{"@timestamp":"2026-10-09T11:15:06.927326119-03:00","@version":"1","message":"200 OK GET /workflows/dc0b223a-2024-43e0-8eb1-ded7b8b8e6d7","logger_name":"io.ktor.test","thread_name":"DefaultDispatcher-worker-7 @request#6832","level":"INFO","level_value":20000,"traceId":"00000000000000000000000000000000","spanId":"0000000000000000"}
{"@timestamp":"2026-10-09T11:15:06.964972525-03:00","@version":"1","message":"saga-db-pool - Shutdown initiated...","logger_name":"com.zaxxer.hikari.HikariDataSource","thread_name":"DefaultDispatcher-worker-6","level":"INFO","level_value":20000}
{"@timestamp":"2026-10-09T11:15:06.965350039-03:00","@version":"1","message":"saga-db-pool - Shutdown completed.","logger_name":"com.zaxxer.hikari.HikariDataSource","thread_name":"DefaultDispatcher-worker-6","level":"INFO","level_value":20000}
{"@timestamp":"2026-10-09T11:15:07.022616676-03:00","@version":"1","message":"Application started in 0.051 seconds.","logger_name":"io.ktor.test","thread_name":"DefaultDispatcher-worker-6 @call-context#6840","level":"INFO","level_value":20000}
{"@timestamp":"2026-10-09T11:15:07.022758761-03:00","@version":"1","message":"Responding at http://localhost:80","logger_name":"io.ktor.test","thread_name":"DefaultDispatcher-worker-9 @coroutine#6925","level":"INFO","level_value":20000}
{"@timestamp":"2026-10-09T11:15:07.022804296-03:00","@version":"1","message":"Responding at https://localhost:443","logger_name":"io.ktor.test","thread_name":"DefaultDispatcher-worker-9 @coroutine#6925","level":"INFO","level_value":20000}
{"@timestamp":"2026-10-09T11:15:07.030707328-03:00","@version":"1","message":"200 OK POST /workflows/run","logger_name":"io.ktor.test","thread_name":"DefaultDispatcher-worker-6 @request#6840","level":"INFO","level_value":20000,"traceId":"00000000000000000000000000000000","spanId":"0000000000000000"}
{"@timestamp":"2026-10-09T11:15:07.097848935-03:00","@version":"1","message":"saga sleeping","logger_name":"run.trama.saga.workflow.WorkflowExecutor","thread_name":"DefaultDispatcher-worker-7 @coroutine#6914","level":"INFO","level_value":20000,"traceId":"00000000000000000000000000000000","spanId":"0000000000000000","sagaId":"26446aaf-9377-4106-8c06-7cc1fbb1e933","nodeId":"nap","wakeAt":"2026-10-09T14:15:08.590175501Z","delayMillis":1500}
{"@timestamp":"2026-10-09T11:15:07.436989837-03:00","@version":"1","message":"200 OK GET /workflows/26446aaf-9377-4106-8c06-7cc1fbb1e933","logger_name":"io.ktor.test","thread_name":"DefaultDispatcher-worker-2 @request#6935","level":"INFO","level_value":20000,"traceId":"00000000000000000000000000000000","spanId":"0000000000000000"}
{"@timestamp":"2026-10-09T11:15:07.641151594-03:00","@version":"1","message":"200 OK GET /workflows/26446aaf-9377-4106-8c06-7cc1fbb1e933","logger_name":"io.ktor.test","thread_name":"DefaultDispatcher-worker-9 @request#6939","level":"INFO","level_value":20000,"traceId":"00000000000000000000000000000000","spanId":"0000000000000000"}
{"@timestamp":"2026-10-09T11:15:07.845697308-03:00","@version":"1","message":"200 OK GET /workflows/26446aaf-9377-4106-8c06-7cc1fbb1e933","logger_name":"io.ktor.test","thread_name":"DefaultDispatcher-worker-9 @request#6943","level":"INFO","level_value":20000,"traceId":"00000000000000000000000000000000","spanId":"0000000000000000"}
{"@timestamp":"2026-10-09T11:15:08.050322611-03:00","@version":"1","message":"200 OK GET /workflows/26446aaf-9377-4106-8c06-7cc1fbb1e933","logger_name":"io.ktor.test","thread_name":"DefaultDispatcher-worker-8 @request#6947","level":"INFO","level_value":20000,"traceId":"00000000000000000000000000000000","spanId":"0000000000000000"}
{"@timestamp":"2026-10-09T11:15:08.091190036-03:00","@version":"1","message":"stale checkpoint; dropping duplicate work","logger_name":"run.trama.saga.SagaExecutionProcessor","thread_name":"DefaultDispatcher-worker-9 @coroutine#6915","level":"INFO","level_value":20000,"sagaId":"e39c28ac-1136-4d62-83f7-b62929c103ce"}
{"@timestamp":"2026-10-09T11:15:08.254428725-03:00","@version":"1","message":"200 OK GET /workflows/26446aaf-9377-4106-8c06-7cc1fbb1e933","logger_name":"io.ktor.test","thread_name":"DefaultDispatcher-worker-8 @request#6951","level":"INFO","level_value":20000,"traceId":"00000000000000000000000000000000","spanId":"0000000000000000"}
{"@timestamp":"2026-10-09T11:15:08.458750211-03:00","@version":"1","message":"200 OK GET /workflows/26446aaf-9377-4106-8c06-7cc1fbb1e933","logger_name":"io.ktor.test","thread_name":"DefaultDispatcher-worker-2 @request#6955","level":"INFO","level_value":20000,"traceId":"00000000000000000000000000000000","spanId":"0000000000000000"}
{"@timestamp":"2026-10-09T11:15:08.646180097-03:00","@version":"1","message":"saga waking up","logger_name":"run.trama.saga.workflow.WorkflowExecutor","thread_name":"DefaultDispatcher-worker-10 @coroutine#6914","level":"INFO","level_value":20000,"traceId":"00000000000000000000000000000000","spanId":"0000000000000000","sagaId":"26446aaf-9377-4106-8c06-7cc1fbb1e933","nextNodeId":"b"}
{"@timestamp":"2026-10-09T11:15:08.65901569-03:00","@version":"1","message":"saga finished","logger_name":"run.trama.saga.workflow.WorkflowExecutor","thread_name":"DefaultDispatcher-worker-10 @coroutine#6914","level":"INFO","level_value":20000,"traceId":"00000000000000000000000000000000","spanId":"0000000000000000","sagaId":"26446aaf-9377-4106-8c06-7cc1fbb1e933","sagaName":"sleep-bbffe86b","status":"SUCCEEDED","durationMs":1635}
{"@timestamp":"2026-10-09T11:15:08.662930163-03:00","@version":"1","message":"200 OK GET /workflows/26446aaf-9377-4106-8c06-7cc1fbb1e933","logger_name":"io.ktor.test","thread_name":"DefaultDispatcher-worker-9 @request#6962","level":"INFO","level_value":20000,"traceId":"00000000000000000000000000000000","spanId":"0000000000000000"}
{"@timestamp":"2026-10-09T11:15:08.694493732-03:00","@version":"1","message":"saga-db-pool - Shutdown initiated...","logger_name":"com.zaxxer.hikari.HikariDataSource","thread_name":"DefaultDispatcher-worker-10","level":"INFO","level_value":20000}
{"@timestamp":"2026-10-09T11:15:08.69493199-03:00","@version":"1","message":"saga-db-pool - Shutdown completed.","logger_name":"com.zaxxer.hikari.HikariDataSource","thread_name":"DefaultDispatcher-worker-10","level":"INFO","level_value":20000}
{"@timestamp":"2026-10-09T11:15:08.748154232-03:00","@version":"1","message":"Application started in 0.047 seconds.","logger_name":"io.ktor.test","thread_name":"DefaultDispatcher-worker-10 @call-context#6970","level":"INFO","level_value":20000}
{"@timestamp":"2026-10-09T11:15:08.748269547-03:00","@version":"1","message":"Responding at http://localhost:80","logger_name":"io.ktor.test","thread_name":"DefaultDispatcher-worker-4 @coroutine#7055","level":"INFO","level_value":20000}
{"@timestamp":"2026-10-09T11:15:08.74830334-03:00","@version":"1","message":"Responding at https://localhost:443","logger_name":"io.ktor.test","thread_name":"DefaultDispatcher-worker-4 @coroutine#7055","level":"INFO","level_value":20000}
{"@timestamp":"2026-10-09T11:15:08.758008394-03:00","@version":"1","message":"200 OK POST /workflows/run","logger_name":"io.ktor.test","thread_name":"DefaultDispatcher-worker-10 @request#6970","level":"INFO","level_value":20000,"traceId":"00000000000000000000000000000000","spanId":"0000000000000000"}
{"@timestamp":"2026-10-09T11:15:08.818742999-03:00","@version":"1","message":"saga sleeping","logger_name":"run.trama.saga.workflow.WorkflowExecutor","thread_name":"DefaultDispatcher-worker-11 @coroutine#7044","level":"INFO","level_value":20000,"traceId":"00000000000000000000000000000000","spanId":"0000000000000000","sagaId":"8322d94a-933e-4178-b16a-d1fe14f5d51f","nodeId":"nap","wakeAt":"2026-10-09T14:25:08.816534590Z","delayMillis":600000}
{"@timestamp":"2026-10-09T11:15:09.170036069-03:00","@version":"1","message":"202 Accepted POST /workflows/8322d94a-933e-4178-b16a-d1fe14f5d51f/wake","logger_name":"io.ktor.test","thread_name":"DefaultDispatcher-worker-11 @request#7065","level":"INFO","level_value":20000,"traceId":"00000000000000000000000000000000","spanId":"0000000000000000"}
{"@timestamp":"2026-10-09T11:15:09.173513106-03:00","@version":"1","message":"200 OK GET /workflows/8322d94a-933e-4178-b16a-d1fe14f5d51f","logger_name":"io.ktor.test","thread_name":"DefaultDispatcher-worker-10 @request#7066","level":"INFO","level_value":20000,"traceId":"00000000000000000000000000000000","spanId":"0000000000000000"}
{"@timestamp":"2026-10-09T11:15:09.210373305-03:00","@version":"1","message":"saga waking up","logger_name":"run.trama.saga.workflow.WorkflowExecutor","thread_name":"DefaultDispatcher-worker-11 @coroutine#7045","level":"INFO","level_value":20000,"traceId":"00000000000000000000000000000000","spanId":"0000000000000000","sagaId":"8322d94a-933e-4178-b16a-d1fe14f5d51f","nextNodeId":null}
{"@timestamp":"2026-10-09T11:15:09.21672314-03:00","@version":"1","message":"saga finished","logger_name":"run.trama.saga.workflow.WorkflowExecutor","thread_name":"DefaultDispatcher-worker-11 @coroutine#7045","level":"INFO","level_value":20000,"traceId":"00000000000000000000000000000000","spanId":"0000000000000000","sagaId":"8322d94a-933e-4178-b16a-d1fe14f5d51f","sagaName":"wake-last-5a7c5361","status":"SUCCEEDED","durationMs":467}
{"@timestamp":"2026-10-09T11:15:09.378206645-03:00","@version":"1","message":"200 OK GET /workflows/8322d94a-933e-4178-b16a-d1fe14f5d51f","logger_name":"io.ktor.test","thread_name":"DefaultDispatcher-worker-6 @request#7070","level":"INFO","level_value":20000,"traceId":"00000000000000000000000000000000","spanId":"0000000000000000"}
{"@timestamp":"2026-10-09T11:15:09.41264647-03:00","@version":"1","message":"saga-db-pool - Shutdown initiated...","logger_name":"com.zaxxer.hikari.HikariDataSource","thread_name":"DefaultDispatcher-worker-6","level":"INFO","level_value":20000}
{"@timestamp":"2026-10-09T11:15:09.413072505-03:00","@version":"1","message":"saga-db-pool - Shutdown completed.","logger_name":"com.zaxxer.hikari.HikariDataSource","thread_name":"DefaultDispatcher-worker-6","level":"INFO","level_value":20000}
{"@timestamp":"2026-10-09T11:15:09.470210371-03:00","@version":"1","message":"Application started in 0.05 seconds.","logger_name":"io.ktor.test","thread_name":"DefaultDispatcher-worker-6 @call-context#7078","level":"INFO","level_value":20000}
{"@timestamp":"2026-10-09T11:15:09.470342988-03:00","@version":"1","message":"Responding at http://localhost:80","logger_name":"io.ktor.test","thread_name":"DefaultDispatcher-worker-1 @coroutine#7163","level":"INFO","level_value":20000}
{"@timestamp":"2026-10-09T11:15:09.4703865-03:00","@version":"1","message":"Responding at https://localhost:443","logger_name":"io.ktor.test","thread_name":"DefaultDispatcher-worker-1 @coroutine#7163","level":"INFO","level_value":20000}
{"@timestamp":"2026-10-09T11:15:09.471388088-03:00","@version":"1","message":"400 Bad Request POST /workflows/not-a-uuid/wake","logger_name":"io.ktor.test","thread_name":"DefaultDispatcher-worker-6 @request#7078","level":"INFO","level_value":20000,"traceId":"00000000000000000000000000000000","spanId":"0000000000000000"}
{"@timestamp":"2026-10-09T11:15:09.483737956-03:00","@version":"1","message":"404 Not Found POST /workflows/98452a45-e353-45bd-8c7d-c93aa3bba30e/wake","logger_name":"io.ktor.test","thread_name":"DefaultDispatcher-worker-11 @request#7170","level":"INFO","level_value":20000,"traceId":"00000000000000000000000000000000","spanId":"0000000000000000"}
{"@timestamp":"2026-10-09T11:15:09.52710282-03:00","@version":"1","message":"saga-db-pool - Shutdown initiated...","logger_name":"com.zaxxer.hikari.HikariDataSource","thread_name":"DefaultDispatcher-worker-3","level":"INFO","level_value":20000}
{"@timestamp":"2026-10-09T11:15:09.52755891-03:00","@version":"1","message":"saga-db-pool - Shutdown completed.","logger_name":"com.zaxxer.hikari.HikariDataSource","thread_name":"DefaultDispatcher-worker-3","level":"INFO","level_value":20000}
{"@timestamp":"2026-10-09T11:15:09.595456077-03:00","@version":"1","message":"Application started in 0.059 seconds.","logger_name":"io.ktor.test","thread_name":"DefaultDispatcher-worker-3 @call-context#7178","level":"INFO","level_value":20000}
{"@timestamp":"2026-10-09T11:15:09.595608922-03:00","@version":"1","message":"Responding at http://localhost:80","logger_name":"io.ktor.test","thread_name":"DefaultDispatcher-worker-2 @coroutine#7263","level":"INFO","level_value":20000}
{"@timestamp":"2026-10-09T11:15:09.595665939-03:00","@version":"1","message":"Responding at https://localhost:443","logger_name":"io.ktor.test","thread_name":"DefaultDispatcher-worker-2 @coroutine#7263","level":"INFO","level_value":20000}
{"@timestamp":"2026-10-09T11:15:09.604010926-03:00","@version":"1","message":"200 OK POST /workflows/run","logger_name":"io.ktor.test","thread_name":"DefaultDispatcher-worker-3 @request#7178","level":"INFO","level_value":20000,"traceId":"00000000000000000000000000000000","spanId":"0000000000000000"}
{"@timestamp":"2026-10-09T11:15:09.671760026-03:00","@version":"1","message":"saga sleeping","logger_name":"run.trama.saga.workflow.WorkflowExecutor","thread_name":"DefaultDispatcher-worker-4 @coroutine#7252","level":"INFO","level_value":20000,"traceId":"00000000000000000000000000000000","spanId":"0000000000000000","sagaId":"58c6752f-1dd7-417b-8982-2c9567a8b1d5","nodeId":"nap","wakeAt":"2026-10-09T14:25:09.662293768Z","delayMillis":600000}
{"@timestamp":"2026-10-09T11:15:10.013838106-03:00","@version":"1","message":"202 Accepted POST /workflows/58c6752f-1dd7-417b-8982-2c9567a8b1d5/wake","logger_name":"io.ktor.test","thread_name":"DefaultDispatcher-worker-8 @request#7273","level":"INFO","level_value":20000,"traceId":"00000000000000000000000000000000","spanId":"0000000000000000"}
{"@timestamp":"2026-10-09T11:15:10.01798899-03:00","@version":"1","message":"200 OK GET /workflows/58c6752f-1dd7-417b-8982-2c9567a8b1d5","logger_name":"io.ktor.test","thread_name":"DefaultDispatcher-worker-8 @request#7274","level":"INFO","level_value":20000,"traceId":"00000000000000000000000000000000","spanId":"0000000000000000"}
{"@timestamp":"2026-10-09T11:15:10.057248104-03:00","@version":"1","message":"saga waking up","logger_name":"run.trama.saga.workflow.WorkflowExecutor","thread_name":"DefaultDispatcher-worker-8 @coroutine#7253","level":"INFO","level_value":20000,"traceId":"00000000000000000000000000000000","spanId":"0000000000000000","sagaId":"58c6752f-1dd7-417b-8982-2c9567a8b1d5","nextNodeId":"b"}
{"@timestamp":"2026-10-09T11:15:10.070689378-03:00","@version":"1","message":"saga finished","logger_name":"run.trama.saga.workflow.WorkflowExecutor","thread_name":"DefaultDispatcher-worker-8 @coroutine#7253","level":"INFO","level_value":20000,"traceId":"00000000000000000000000000000000","spanId":"0000000000000000","sagaId":"58c6752f-1dd7-417b-8982-2c9567a8b1d5","sagaName":"wake-cd42196f","status":"SUCCEEDED","durationMs":473}
{"@timestamp":"2026-10-09T11:15:10.222595286-03:00","@version":"1","message":"200 OK GET /workflows/58c6752f-1dd7-417b-8982-2c9567a8b1d5","logger_name":"io.ktor.test","thread_name":"DefaultDispatcher-worker-8 @request#7281","level":"INFO","level_value":20000,"traceId":"00000000000000000000000000000000","spanId":"0000000000000000"}
{"@timestamp":"2026-10-09T11:15:10.226963295-03:00","@version":"1","message":"409 Conflict POST /workflows/58c6752f-1dd7-417b-8982-2c9567a8b1d5/wake","logger_name":"io.ktor.test","thread_name":"DefaultDispatcher-worker-9 @request#7285","level":"INFO","level_value":20000,"traceId":"00000000000000000000000000000000","spanId":"0000000000000000"}
{"@timestamp":"2026-10-09T11:15:10.255620262-03:00","@version":"1","message":"saga-db-pool - Shutdown initiated...","logger_name":"com.zaxxer.hikari.HikariDataSource","thread_name":"DefaultDispatcher-worker-9","level":"INFO","level_value":20000}
{"@timestamp":"2026-10-09T11:15:10.255990022-03:00","@version":"1","message":"saga-db-pool - Shutdown completed.","logger_name":"com.zaxxer.hikari.HikariDataSource","thread_name":"DefaultDispatcher-worker-9","level":"INFO","level_value":20000}
{"@timestamp":"2026-10-09T11:15:10.313329514-03:00","@version":"1","message":"Application started in 0.05 seconds.","logger_name":"io.ktor.test","thread_name":"DefaultDispatcher-worker-9 @call-context#7293","level":"INFO","level_value":20000}
{"@timestamp":"2026-10-09T11:15:10.313435813-03:00","@version":"1","message":"Responding at http://localhost:80","logger_name":"io.ktor.test","thread_name":"DefaultDispatcher-worker-12 @coroutine#7378","level":"INFO","level_value":20000}
{"@timestamp":"2026-10-09T11:15:10.313454097-03:00","@version":"1","message":"Responding at https://localhost:443","logger_name":"io.ktor.test","thread_name":"DefaultDispatcher-worker-12 @coroutine#7378","level":"INFO","level_value":20000}
{"@timestamp":"2026-10-09T11:15:10.321079481-03:00","@version":"1","message":"200 OK POST /workflows/run","logger_name":"io.ktor.test","thread_name":"DefaultDispatcher-worker-9 @request#7293","level":"INFO","level_value":20000,"traceId":"00000000000000000000000000000000","spanId":"0000000000000000"}
{"@timestamp":"2026-10-09T11:15:10.330161773-03:00","@version":"1","message":"200 OK GET /workflows/9055e6a9-023a-4ee0-b438-e1395a677447","logger_name":"io.ktor.test","thread_name":"DefaultDispatcher-worker-9 @request#7385","level":"INFO","level_value":20000,"traceId":"00000000000000000000000000000000","spanId":"0000000000000000"}
{"@timestamp":"2026-10-09T11:15:10.374389437-03:00","@version":"1","message":"saga split","logger_name":"run.trama.saga.workflow.WorkflowExecutor","thread_name":"DefaultDispatcher-worker-9 @coroutine#7367","level":"INFO","level_value":20000,"traceId":"00000000000000000000000000000000","spanId":"0000000000000000","sagaId":"9055e6a9-023a-4ee0-b438-e1395a677447","nodeId":"fan-out","branchCount":2}
{"@timestamp":"2026-10-09T11:15:10.429164125-03:00","@version":"1","message":"saga finished","logger_name":"run.trama.saga.workflow.WorkflowExecutor","thread_name":"DefaultDispatcher-worker-8 @coroutine#7368","level":"INFO","level_value":20000,"traceId":"00000000000000000000000000000000","spanId":"0000000000000000","sagaId":"150ed99f-7573-30a9-84bd-85a6788f7d02","sagaName":"split-join-success-e136cc5b","status":"SUCCEEDED","durationMs":114}
{"@timestamp":"2026-10-09T11:15:10.434958944-03:00","@version":"1","message":"saga finished","logger_name":"run.trama.saga.workflow.WorkflowExecutor","thread_name":"DefaultDispatcher-worker-2 @coroutine#7367","level":"INFO","level_value":20000,"traceId":"00000000000000000000000000000000","spanId":"0000000000000000","sagaId":"298ca692-2d3a-3bc8-ac85-a967fbd5d51c","sagaName":"split-join-success-e136cc5b","status":"SUCCEEDED","durationMs":120}
{"@timestamp":"2026-10-09T11:15:10.446068048-03:00","@version":"1","message":"join barrier satisfied","logger_name":"run.trama.saga.workflow.WorkflowExecutor","thread_name":"DefaultDispatcher-worker-2 @coroutine#7367","level":"INFO","level_value":20000,"traceId":"00000000000000000000000000000000","spanId":"0000000000000000","sagaId":"9055e6a9-023a-4ee0-b438-e1395a677447","splitNodeId":"fan-out","joinNodeId":"fan-in","allSucceeded":true}
{"@timestamp":"2026-10-09T11:15:10.476810435-03:00","@version":"1","message":"saga finished","logger_name":"run.trama.saga.workflow.WorkflowExecutor","thread_name":"DefaultDispatcher-worker-4 @coroutine#7368","level":"INFO","level_value":20000,"traceId":"00000000000000000000000000000000","spanId":"0000000000000000","sagaId":"9055e6a9-023a-4ee0-b438-e1395a677447","sagaName":"split-join-success-e136cc5b","status":"SUCCEEDED","durationMs":162}
{"@timestamp":"2026-10-09T11:15:10.534657665-03:00","@version":"1","message":"200 OK GET /workflows/9055e6a9-023a-4ee0-b438-e1395a677447","logger_name":"io.ktor.test","thread_name":"DefaultDispatcher-worker-4 @request#7398","level":"INFO","level_value":20000,"traceId":"00000000000000000000000000000000","spanId":"0000000000000000"}
{"@timestamp":"2026-10-09T11:15:10.573826531-03:00","@version":"1","message":"saga-db-pool - Shutdown initiated...","logger_name":"com.zaxxer.hikari.HikariDataSource","thread_name":"DefaultDispatcher-worker-2","level":"INFO","level_value":20000}
{"@timestamp":"2026-10-09T11:15:10.574567223-03:00","@version":"1","message":"saga-db-pool - Shutdown completed.","logger_name":"com.zaxxer.hikari.HikariDataSource","thread_name":"DefaultDispatcher-worker-2","level":"INFO","level_value":20000}
{"@timestamp":"2026-10-09T11:15:10.648829573-03:00","@version":"1","message":"Application started in 0.063 seconds.","logger_name":"io.ktor.test","thread_name":"DefaultDispatcher-worker-5 @call-context#7406","level":"INFO","level_value":20000}
{"@timestamp":"2026-10-09T11:15:10.649045797-03:00","@version":"1","message":"Responding at http://localhost:80","logger_name":"io.ktor.test","thread_name":"DefaultDispatcher-worker-3 @coroutine#7491","level":"INFO","level_value":20000}
{"@timestamp":"2026-10-09T11:15:10.649092043-03:00","@version":"1","message":"Responding at https://localhost:443","logger_name":"io.ktor.test","thread_name":"DefaultDispatcher-worker-3 @coroutine#7491","level":"INFO","level_value":20000}
{"@timestamp":"2026-10-09T11:15:10.65751196-03:00","@version":"1","message":"200 OK POST /workflows/run","logger_name":"io.ktor.test","thread_name":"DefaultDispatcher-worker-5 @request#7406","level":"INFO","level_value":20000,"traceId":"00000000000000000000000000000000","spanId":"0000000000000000"}
{"@timestamp":"2026-10-09T11:15:10.665993211-03:00","@version":"1","message":"200 OK GET /workflows/a4076234-ff12-47e0-b404-95397941797a","logger_name":"io.ktor.test","thread_name":"DefaultDispatcher-worker-5 @request#7498","level":"INFO","level_value":20000,"traceId":"00000000000000000000000000000000","spanId":"0000000000000000"}
{"@timestamp":"2026-10-09T11:15:10.712758388-03:00","@version":"1","message":"saga split","logger_name":"run.trama.saga.workflow.WorkflowExecutor","thread_name":"DefaultDispatcher-worker-6 @coroutine#7480","level":"INFO","level_value":20000,"traceId":"00000000000000000000000000000000","spanId":"0000000000000000","sagaId":"a4076234-ff12-47e0-b404-95397941797a","nodeId":"fan-out","branchCount":2}
{"@timestamp":"2026-10-09T11:15:10.760941359-03:00","@version":"1","message":"node completed","logger_name":"run.trama.saga.workflow.TaskNodeHandler","thread_name":"DefaultDispatcher-worker-6 @coroutine#7480","level":"INFO","level_value":20000,"traceId":"00000000000000000000000000000000","spanId":"0000000000000000","sagaId":"9d976d2e-8073-3444-8a42-b0bda5147a31","nodeId":"branch-b","phase":"UP","status":500}
{"@timestamp":"2026-10-09T11:15:10.762829922-03:00","@version":"1","message":"saga finished","logger_name":"run.trama.saga.workflow.WorkflowExecutor","thread_name":"DefaultDispatcher-worker-5 @coroutine#7481","level":"INFO","level_value":20000,"traceId":"00000000000000000000000000000000","spanId":"0000000000000000","sagaId":"292e2f32-2507-3128-a4bf-4b27fc66a611","sagaName":"split-join-partial-failure-cc25935a","status":"SUCCEEDED","durationMs":111}
{"@timestamp":"2026-10-09T11:15:10.76554684-03:00","@version":"1","message":"compensation scheduled","logger_name":"run.trama.saga.workflow.WorkflowExecutor","thread_name":"DefaultDispatcher-worker-5 @coroutine#7480","level":"INFO","level_value":20000,"traceId":"00000000000000000000000000000000","spanId":"0000000000000000","sagaId":"9d976d2e-8073-3444-8a42-b0bda5147a31","failedNodeId":"branch-b"}
{"@timestamp":"2026-10-09T11:15:10.812467347-03:00","@version":"1","message":"saga finished","logger_name":"run.trama.saga.workflow.WorkflowExecutor","thread_name":"DefaultDispatcher-worker-5 @coroutine#7481","level":"INFO","level_value":20000,"traceId":"00000000000000000000000000000000","spanId":"0000000000000000","sagaId":"9d976d2e-8073-3444-8a42-b0bda5147a31","sagaName":"split-join-partial-failure-cc25935a","status":"FAILED","durationMs":161}
{"@timestamp":"2026-10-09T11:15:10.818576553-03:00","@version":"1","message":"join barrier satisfied","logger_name":"run.trama.saga.workflow.WorkflowExecutor","thread_name":"DefaultDispatcher-worker-5 @coroutine#7481","level":"INFO","level_value":20000,"traceId":"00000000000000000000000000000000","spanId":"0000000000000000","sagaId":"a4076234-ff12-47e0-b404-95397941797a","splitNodeId":"fan-out","joinNodeId":"fan-in","allSucceeded":false}
{"@timestamp":"2026-10-09T11:15:10.870202918-03:00","@version":"1","message":"200 OK GET /workflows/a4076234-ff12-47e0-b404-95397941797a","logger_name":"io.ktor.test","thread_name":"DefaultDispatcher-worker-12 @request#7511","level":"INFO","level_value":20000,"traceId":"00000000000000000000000000000000","spanId":"0000000000000000"}
{"@timestamp":"2026-10-09T11:15:10.877614554-03:00","@version":"1","message":"saga finished","logger_name":"run.trama.saga.workflow.WorkflowExecutor","thread_name":"DefaultDispatcher-worker-6 @coroutine#7480","level":"INFO","level_value":20000,"traceId":"00000000000000000000000000000000","spanId":"0000000000000000","sagaId":"a4076234-ff12-47e0-b404-95397941797a","sagaName":"split-join-partial-failure-cc25935a","status":"SUCCEEDED","durationMs":226}
{"@timestamp":"2026-10-09T11:15:11.075298157-03:00","@version":"1","message":"200 OK GET /workflows/a4076234-ff12-47e0-b404-95397941797a","logger_name":"io.ktor.test","thread_name":"DefaultDispatcher-worker-6 @request#7515","level":"INFO","level_value":20000,"traceId":"00000000000000000000000000000000","spanId":"0000000000000000"}
{"@timestamp":"2026-10-09T11:15:11.110073678-03:00","@version":"1","message":"saga-db-pool - Shutdown initiated...","logger_name":"com.zaxxer.hikari.HikariDataSource","thread_name":"DefaultDispatcher-worker-4","level":"INFO","level_value":20000}
{"@timestamp":"2026-10-09T11:15:11.110434882-03:00","@version":"1","message":"saga-db-pool - Shutdown completed.","logger_name":"com.zaxxer.hikari.HikariDataSource","thread_name":"DefaultDispatcher-worker-4","level":"INFO","level_value":20000}
{"@timestamp":"2026-10-09T11:15:11.167054301-03:00","@version":"1","message":"Application started in 0.048 seconds.","logger_name":"io.ktor.test","thread_name":"DefaultDispatcher-worker-4 @call-context#7523","level":"INFO","level_value":20000}
{"@timestamp":"2026-10-09T11:15:11.167173744-03:00","@version":"1","message":"Responding at http://localhost:80","logger_name":"io.ktor.test","thread_name":"DefaultDispatcher-worker-12 @coroutine#7608","level":"INFO","level_value":20000}
{"@timestamp":"2026-10-09T11:15:11.167188842-03:00","@version":"1","message":"Responding at https://localhost:443","logger_name":"io.ktor.test","thread_name":"DefaultDispatcher-worker-12 @coroutine#7608","level":"INFO","level_value":20000}
{"@timestamp":"2026-10-09T11:15:11.1741082-03:00","@version":"1","message":"200 OK POST /workflows/run","logger_name":"io.ktor.test","thread_name":"DefaultDispatcher-worker-4 @request#7523","level":"INFO","level_value":20000,"traceId":"00000000000000000000000000000000","spanId":"0000000000000000"}
{"@timestamp":"2026-10-09T11:15:11.18143625-03:00","@version":"1","message":"200 OK GET /workflows/fa4d6bd3-a88c-47e4-9e99-ef2332f4fee5","logger_name":"io.ktor.test","thread_name":"DefaultDispatcher-worker-3 @request#7615","level":"INFO","level_value":20000,"traceId":"00000000000000000000000000000000","spanId":"0000000000000000"}
{"@timestamp":"2026-10-09T11:15:11.224030015-03:00","@version":"1","message":"switch evaluated","logger_name":"run.trama.saga.workflow.WorkflowExecutor","thread_name":"DefaultDispatcher-worker-3 @coroutine#7598","level":"INFO","level_value":20000,"traceId":"00000000000000000000000000000000","spanId":"0000000000000000","sagaId":"fa4d6bd3-a88c-47e4-9e99-ef2332f4fee5","nodeId":"choose-payment","target":"fallback-payment","matchedCase":null,"usedDefault":true}
{"@timestamp":"2026-10-09T11:15:11.243874674-03:00","@version":"1","message":"saga finished","logger_name":"run.trama.saga.workflow.WorkflowExecutor","thread_name":"DefaultDispatcher-worker-3 @coroutine#7598","level":"INFO","level_value":20000,"traceId":"00000000000000000000000000000000","spanId":"0000000000000000","sagaId":"fa4d6bd3-a88c-47e4-9e99-ef2332f4fee5","sagaName":"switch-default-f837c5fa","status":"SUCCEEDED","durationMs":75}
{"@timestamp":"2026-10-09T11:15:11.385466743-03:00","@version":"1","message":"200 OK GET /workflows/fa4d6bd3-a88c-47e4-9e99-ef2332f4fee5","logger_name":"io.ktor.test","thread_name":"DefaultDispatcher-worker-3 @request#7628","level":"INFO","level_value":20000,"traceId":"00000000000000000000000000000000","spanId":"0000000000000000"}
{"@timestamp":"2026-10-09T11:15:11.424232497-03:00","@version":"1","message":"saga-db-pool - Shutdown initiated...","logger_name":"com.zaxxer.hikari.HikariDataSource","thread_name":"DefaultDispatcher-worker-4","level":"INFO","level_value":20000}
{"@timestamp":"2026-10-09T11:15:11.424580196-03:00","@version":"1","message":"saga-db-pool - Shutdown completed.","logger_name":"com.zaxxer.hikari.HikariDataSource","thread_name":"DefaultDispatcher-worker-4","level":"INFO","level_value":20000}
{"@timestamp":"2026-10-09T11:15:11.486242823-03:00","@version":"1","message":"Application started in 0.055 seconds.","logger_name":"io.ktor.test","thread_name":"DefaultDispatcher-worker-4 @call-context#7636","level":"INFO","level_value":20000}
{"@timestamp":"2026-10-09T11:15:11.48655229-03:00","@version":"1","message":"Responding at http://localhost:80","logger_name":"io.ktor.test","thread_name":"DefaultDispatcher-worker-5 @coroutine#7721","level":"INFO","level_value":20000}
{"@timestamp":"2026-10-09T11:15:11.486585993-03:00","@version":"1","message":"Responding at https://localhost:443","logger_name":"io.ktor.test","thread_name":"DefaultDispatcher-worker-5 @coroutine#7721","level":"INFO","level_value":20000}
{"@timestamp":"2026-10-09T11:15:11.502588344-03:00","@version":"1","message":"200 OK POST /workflows/run","logger_name":"io.ktor.test","thread_name":"DefaultDispatcher-worker-4 @request#7636","level":"INFO","level_value":20000,"traceId":"00000000000000000000000000000000","spanId":"0000000000000000"}
{"@timestamp":"2026-10-09T11:15:11.511845823-03:00","@version":"1","message":"200 OK GET /workflows/8b96c838-5450-436d-ae2a-561edfedc4ce","logger_name":"io.ktor.test","thread_name":"DefaultDispatcher-worker-5 @request#7728","level":"INFO","level_value":20000,"traceId":"00000000000000000000000000000000","spanId":"0000000000000000"}
{"@timestamp":"2026-10-09T11:15:11.541120873-03:00","@version":"1","message":"switch evaluated","logger_name":"run.trama.saga.workflow.WorkflowExecutor","thread_name":"DefaultDispatcher-worker-12 @coroutine#7711","level":"INFO","level_value":20000,"traceId":"00000000000000000000000000000000","spanId":"0000000000000000","sagaId":"8b96c838-5450-436d-ae2a-561edfedc4ce","nodeId":"choose-payment","target":"card-payment","matchedCase":"card","usedDefault":false}
{"@timestamp":"2026-10-09T11:15:11.561208896-03:00","@version":"1","message":"saga finished","logger_name":"run.trama.saga.workflow.WorkflowExecutor","thread_name":"DefaultDispatcher-worker-9 @coroutine#7711","level":"INFO","level_value":20000,"traceId":"00000000000000000000000000000000","spanId":"0000000000000000","sagaId":"8b96c838-5450-436d-ae2a-561edfedc4ce","sagaName":"switch-card-4350d4d4","status":"SUCCEEDED","durationMs":72}
{"@timestamp":"2026-10-09T11:15:11.716134157-03:00","@version":"1","message":"200 OK GET /workflows/8b96c838-5450-436d-ae2a-561edfedc4ce","logger_name":"io.ktor.test","thread_name":"DefaultDispatcher-worker-4 @request#7741","level":"INFO","level_value":20000,"traceId":"00000000000000000000000000000000","spanId":"0000000000000000"}
{"@timestamp":"2026-10-09T11:15:11.743643975-03:00","@version":"1","message":"saga-db-pool - Shutdown initiated...","logger_name":"com.zaxxer.hikari.HikariDataSource","thread_name":"DefaultDispatcher-worker-5","level":"INFO","level_value":20000}
{"@timestamp":"2026-10-09T11:15:11.744028652-03:00","@version":"1","message":"saga-db-pool - Shutdown completed.","logger_name":"com.zaxxer.hikari.HikariDataSource","thread_name":"DefaultDispatcher-worker-5","level":"INFO","level_value":20000}
{"@timestamp":"2026-10-09T11:15:11.803926858-03:00","@version":"1","message":"Application started in 0.052 seconds.","logger_name":"io.ktor.test","thread_name":"DefaultDispatcher-worker-5 @call-context#7749","level":"INFO","level_value":20000}
{"@timestamp":"2026-10-09T11:15:11.804050128-03:00","@version":"1","message":"Responding at http://localhost:80","logger_name":"io.ktor.test","thread_name":"DefaultDispatcher-worker-8 @coroutine#7834","level":"INFO","level_value":20000}
{"@timestamp":"2026-10-09T11:15:11.804070586-03:00","@version":"1","message":"Responding at https://localhost:443","logger_name":"io.ktor.test","thread_name":"DefaultDispatcher-worker-8 @coroutine#7834","level":"INFO","level_value":20000}
{"@timestamp":"2026-10-09T11:15:11.806670295-03:00","@version":"1","message":"400 Bad Request POST /workflows/run","logger_name":"io.ktor.test","thread_name":"DefaultDispatcher-worker-5 @request#7749","level":"INFO","level_value":20000,"traceId":"00000000000000000000000000000000","spanId":"0000000000000000"}
{"@timestamp":"2026-10-09T11:15:11.809095018-03:00","@version":"1","message":"partition maintenance failed","logger_name":"run.trama.runtime.PartitionMaintenance","thread_name":"DefaultDispatcher-worker-10 @coroutine#7825","level":"WARN","level_value":30000,"stack_trace":"kotlinx.coroutines.JobCancellationException: StandaloneCoroutine was cancelled; job=\"coroutine#7825\":StandaloneCoroutine{Cancelling}@687766c1\n\tat kotlinx.coroutines.JobSupport.cancel(JobSupport.kt:1682)\n\tat kotlinx.coroutines.Job.cancel$default(Job.kt:207)\n\tat run.trama.runtime.RuntimeBootstrap$stop$1.invokeSuspend(RuntimeBootstrap.kt:326)\n\tat _COROUTINE._BOUNDARY._(CoroutineDebugging.kt:42)\n\tat run.trama.runtime.PartitionMaintenance.runLoop(PartitionMaintenance.kt:24)\n\tat run.trama.runtime.RuntimeBootstrap$startWorkers$7.invokeSuspend(RuntimeBootstrap.kt:212)\nCaused by: kotlinx.coroutines.JobCancellationException: StandaloneCoroutine was cancelled; job=\"coroutine#7825\":StandaloneCoroutine{Cancelling}@687766c1\n\tat kotlinx.coroutines.JobSupport.cancel(JobSupport.kt:1682)\n\tat kotlinx.coroutines.Job.cancel$default(Job.kt:207)\n\tat run.trama.runtime.RuntimeBootstrap$stop$1.invokeSuspend(RuntimeBootstrap.kt:326)\n\tat kotlin.coroutines.jvm.internal.BaseContinuationImpl.resumeWith(ContinuationImpl.kt:34)\n\tat kotlinx.coroutines.DispatchedTask.run(DispatchedTask.kt:100)\n\tat kotlinx.coroutines.EventLoopImplBase.processNextEvent(EventLoop.common.kt:256)\n\tat kotlinx.coroutines.BlockingCoroutine.joinBlocking(Builders.kt:54)\n\tat kotlinx.coroutines.BuildersKt__BuildersKt.runBlockingImpl(Builders.kt:30)\n\tat kotlinx.coroutines.BuildersKt.runBlockingImpl(Unknown Source)\n\tat kotlinx.coroutines.BuildersKt__Builders_concurrentKt.runBlockingK(Builders.concurrent.kt:172)\n\tat kotlinx.coroutines.BuildersKt.runBlockingK(Unknown Source)\n\tat kotlinx.coroutines.BuildersKt__Builders_concurrentKt.runBlockingK$default(Builders.concurrent.kt:157)\n\tat kotlinx.coroutines.BuildersKt.runBlockingK$default(Unknown Source)\n\tat run.trama.runtime.RuntimeBootstrap.stop(RuntimeBootstrap.kt:322)\n\tat run.trama.app.ApplicationKt.module$lambda$2(Application.kt:134)\n\tat io.ktor.events.Events.raise(Events.kt:52)\n\tat io.ktor.server.engine.EmbeddedServer.safeRaiseEvent(EmbeddedServerJvm.kt:287)\n\tat io.ktor.server.engine.EmbeddedServer.destroyApplication(EmbeddedServerJvm.kt:300)\n\tat io.ktor.server.engine.EmbeddedServer.stop(EmbeddedServerJvm.kt:411)\n\tat io.ktor.server.engine.EmbeddedServer.stop(EmbeddedServerJvm.kt:419)\n\tat io.ktor.server.engine.EmbeddedServer$stopSuspend$2.invokeSuspend(EmbeddedServerJvm.kt:423)\n\tat kotlin.coroutines.jvm.internal.BaseContinuationImpl.resumeWith(ContinuationImpl.kt:34)\n\tat kotlinx.coroutines.DispatchedTask.run(DispatchedTask.kt:100)\n\tat kotlinx.coroutines.internal.LimitedDispatcher$Worker.run(LimitedDispatcher.kt:124)\n\tat kotlinx.coroutines.scheduling.TaskImpl.run(Tasks.kt:89)\n\tat kotlinx.coroutines.scheduling.CoroutineScheduler.runSafely(CoroutineScheduler.kt:586)\n\tat kotlinx.coroutines.scheduling.CoroutineScheduler$Worker.executeTask(CoroutineScheduler.kt:798)\n\tat kotlinx.coroutines.scheduling.CoroutineScheduler$Worker.runWorker(CoroutineScheduler.kt:717)\n\tat kotlinx.coroutines.scheduling.CoroutineScheduler$Worker.run(CoroutineScheduler.kt:704)\n","enabled":true}
{"@timestamp":"2026-10-09T11:15:11.858660509-03:00","@version":"1","message":"saga-db-pool - Shutdown initiated...","logger_name":"com.zaxxer.hikari.HikariDataSource","thread_name":"DefaultDispatcher-worker-5","level":"INFO","level_value":20000}
{"@timestamp":"2026-10-09T11:15:11.859376394-03:00","@version":"1","message":"saga-db-pool - Shutdown completed.","logger_name":"com.zaxxer.hikari.HikariDataSource","thread_name":"DefaultDispatcher-worker-5","level":"INFO","level_value":20000}
{"@timestamp":"2026-10-09T11:15:11.915033879-03:00","@version":"1","message":"Application started in 0.049 seconds.","logger_name":"io.ktor.test","thread_name":"DefaultDispatcher-worker-5 @call-context#7845","level":"INFO","level_value":20000}
{"@timestamp":"2026-10-09T11:15:11.915159844-03:00","@version":"1","message":"Responding at http://localhost:80","logger_name":"io.ktor.test","thread_name":"DefaultDispatcher-worker-11 @coroutine#7930","level":"INFO","level_value":20000}
{"@timestamp":"2026-10-09T11:15:11.915199969-03:00","@version":"1","message":"Responding at https://localhost:443","logger_name":"io.ktor.test","thread_name":"DefaultDispatcher-worker-11 @coroutine#7930","level":"INFO","level_value":20000}
{"@timestamp":"2026-10-09T11:15:11.921861766-03:00","@version":"1","message":"200 OK POST /workflows/run","logger_name":"io.ktor.test","thread_name":"DefaultDispatcher-worker-5 @request#7845","level":"INFO","level_value":20000,"traceId":"00000000000000000000000000000000","spanId":"0000000000000000"}
{"@timestamp":"2026-10-09T11:15:11.929507799-03:00","@version":"1","message":"200 OK GET /workflows/55ccc48a-6a1e-4ffc-8780-0763b0be4f8c","logger_name":"io.ktor.test","thread_name":"DefaultDispatcher-worker-8 @request#7937","level":"INFO","level_value":20000,"traceId":"00000000000000000000000000000000","spanId":"0000000000000000"}
{"@timestamp":"2026-10-09T11:15:11.970665205-03:00","@version":"1","message":"switch evaluated","logger_name":"run.trama.saga.workflow.WorkflowExecutor","thread_name":"DefaultDispatcher-worker-11 @coroutine#7919","level":"INFO","level_value":20000,"traceId":"00000000000000000000000000000000","spanId":"0000000000000000","sagaId":"55ccc48a-6a1e-4ffc-8780-0763b0be4f8c","nodeId":"choose-payment","target":"pix-payment","matchedCase":"pix","usedDefault":false}
{"@timestamp":"2026-10-09T11:15:11.988455772-03:00","@version":"1","message":"saga finished","logger_name":"run.trama.saga.workflow.WorkflowExecutor","thread_name":"DefaultDispatcher-worker-8 @coroutine#7919","level":"INFO","level_value":20000,"traceId":"00000000000000000000000000000000","spanId":"0000000000000000","sagaId":"55ccc48a-6a1e-4ffc-8780-0763b0be4f8c","sagaName":"switch-pix-a0e16b1e","status":"SUCCEEDED","durationMs":71}
{"@timestamp":"2026-10-09T11:15:12.134078279-03:00","@version":"1","message":"200 OK GET /workflows/55ccc48a-6a1e-4ffc-8780-0763b0be4f8c","logger_name":"io.ktor.test","thread_name":"DefaultDispatcher-worker-8 @request#7950","level":"INFO","level_value":20000,"traceId":"00000000000000000000000000000000","spanId":"0000000000000000"}
{"@timestamp":"2026-10-09T11:15:12.172169465-03:00","@version":"1","message":"saga-db-pool - Shutdown initiated...","logger_name":"com.zaxxer.hikari.HikariDataSource","thread_name":"DefaultDispatcher-worker-8","level":"INFO","level_value":20000}
{"@timestamp":"2026-10-09T11:15:12.172483962-03:00","@version":"1","message":"saga-db-pool - Shutdown completed.","logger_name":"com.zaxxer.hikari.HikariDataSource","thread_name":"DefaultDispatcher-worker-8","level":"INFO","level_value":20000}
{"@timestamp":"2026-10-09T11:15:12.231498179-03:00","@version":"1","message":"Application started in 0.051 seconds.","logger_name":"io.ktor.test","thread_name":"DefaultDispatcher-worker-8 @call-context#7958","level":"INFO","level_value":20000}
{"@timestamp":"2026-10-09T11:15:12.231753765-03:00","@version":"1","message":"Responding at http://localhost:80","logger_name":"io.ktor.test","thread_name":"DefaultDispatcher-worker-5 @coroutine#8043","level":"INFO","level_value":20000}
{"@timestamp":"2026-10-09T11:15:12.231781287-03:00","@version":"1","message":"Responding at https://localhost:443","logger_name":"io.ktor.test","thread_name":"DefaultDispatcher-worker-5 @coroutine#8043","level":"INFO","level_value":20000}
{"@timestamp":"2026-10-09T11:15:12.241462085-03:00","@version":"1","message":"200 OK POST /workflows/run","logger_name":"io.ktor.test","thread_name":"DefaultDispatcher-worker-9 @request#7958","level":"INFO","level_value":20000,"traceId":"00000000000000000000000000000000","spanId":"0000000000000000"}
{"@timestamp":"2026-10-09T11:15:12.256073522-03:00","@version":"1","message":"200 OK GET /workflows/732aac93-3a09-4410-9b67-dafe701c69dd","logger_name":"io.ktor.test","thread_name":"DefaultDispatcher-worker-4 @request#8050","level":"INFO","level_value":20000,"traceId":"00000000000000000000000000000000","spanId":"0000000000000000"}
{"@timestamp":"2026-10-09T11:15:12.30022863-03:00","@version":"1","message":"node completed","logger_name":"run.trama.saga.workflow.TaskNodeHandler","thread_name":"DefaultDispatcher-worker-4 @coroutine#8032","level":"INFO","level_value":20000,"traceId":"00000000000000000000000000000000","spanId":"0000000000000000","sagaId":"732aac93-3a09-4410-9b67-dafe701c69dd","nodeId":"charge","phase":"UP","status":500}
{"@timestamp":"2026-10-09T11:15:12.301564873-03:00","@version":"1","message":"retry scheduled","logger_name":"run.trama.saga.workflow.WorkflowExecutor","thread_name":"DefaultDispatcher-worker-4 @coroutine#8032","level":"INFO","level_value":20000,"traceId":"00000000000000000000000000000000","spanId":"0000000000000000","sagaId":"732aac93-3a09-4410-9b67-dafe701c69dd","delayMillis":10,"attempt":1}
{"@timestamp":"2026-10-09T11:15:12.346350096-03:00","@version":"1","message":"node completed","logger_name":"run.trama.saga.workflow.TaskNodeHandler","thread_name":"DefaultDispatcher-worker-6 @coroutine#8033","level":"INFO","level_value":20000,"traceId":"00000000000000000000000000000000","spanId":"0000000000000000","sagaId":"732aac93-3a09-4410-9b67-dafe701c69dd","nodeId":"charge","phase":"UP","status":500}
{"@timestamp":"2026-10-09T11:15:12.34715125-03:00","@version":"1","message":"compensation scheduled","logger_name":"run.trama.saga.workflow.WorkflowExecutor","thread_name":"DefaultDispatcher-worker-6 @coroutine#8033","level":"INFO","level_value":20000,"traceId":"00000000000000000000000000000000","spanId":"0000000000000000","sagaId":"732aac93-3a09-4410-9b67-dafe701c69dd","failedNodeId":"charge"}
{"@timestamp":"2026-10-09T11:15:12.402584637-03:00","@version":"1","message":"saga finished","logger_name":"run.trama.saga.workflow.WorkflowExecutor","thread_name":"DefaultDispatcher-worker-4 @coroutine#8032","level":"INFO","level_value":20000,"traceId":"00000000000000000000000000000000","spanId":"0000000000000000","sagaId":"732aac93-3a09-4410-9b67-dafe701c69dd","sagaName":"retries-exhausted-d89e398d","status":"FAILED","durationMs":168}
{"@timestamp":"2026-10-09T11:15:12.43947302-03:00","@version":"1","message":"stale checkpoint; dropping duplicate work","logger_name":"run.trama.saga.SagaExecutionProcessor","thread_name":"DefaultDispatcher-worker-4 @coroutine#8033","level":"INFO","level_value":20000,"sagaId":"e985f9c4-e58e-3b13-b2fe-ac4893c91c68"}
{"@timestamp":"2026-10-09T11:15:12.460660763-03:00","@version":"1","message":"200 OK GET /workflows/732aac93-3a09-4410-9b67-dafe701c69dd","logger_name":"io.ktor.test","thread_name":"DefaultDispatcher-worker-4 @request#8069","level":"INFO","level_value":20000,"traceId":"00000000000000000000000000000000","spanId":"0000000000000000"}
{"@timestamp":"2026-10-09T11:15:12.495279863-03:00","@version":"1","message":"saga-db-pool - Shutdown initiated...","logger_name":"com.zaxxer.hikari.HikariDataSource","thread_name":"DefaultDispatcher-worker-8","level":"INFO","level_value":20000,"traceId":"00000000000000000000000000000000","spanId":"0000000000000000"}
{"@timestamp":"2026-10-09T11:15:12.495845007-03:00","@version":"1","message":"saga-db-pool - Shutdown completed.","logger_name":"com.zaxxer.hikari.HikariDataSource","thread_name":"DefaultDispatcher-worker-8","level":"INFO","level_value":20000,"traceId":"00000000000000000000000000000000","spanId":"0000000000000000"}
{"@timestamp":"2026-10-09T11:15:12.552191748-03:00","@version":"1","message":"Application started in 0.049 seconds.","logger_name":"io.ktor.test","thread_name":"DefaultDispatcher-worker-8 @call-context#8077","level":"INFO","level_value":20000,"traceId":"00000000000000000000000000000000","spanId":"0000000000000000"}
{"@timestamp":"2026-10-09T11:15:12.552311571-03:00","@version":"1","message":"Responding at http://localhost:80","logger_name":"io.ktor.test","thread_name":"DefaultDispatcher-worker-2 @coroutine#8162","level":"INFO","level_value":20000}
{"@timestamp":"2026-10-09T11:15:12.552331629-03:00","@version":"1","message":"Responding at https://localhost:443","logger_name":"io.ktor.test","thread_name":"DefaultDispatcher-worker-2 @coroutine#8162","level":"INFO","level_value":20000}
{"@timestamp":"2026-10-09T11:15:12.559242841-03:00","@version":"1","message":"200 OK POST /workflows/run","logger_name":"io.ktor.test","thread_name":"DefaultDispatcher-worker-8 @request#8077","level":"INFO","level_value":20000,"traceId":"00000000000000000000000000000000","spanId":"0000000000000000"}
{"@timestamp":"2026-10-09T11:15:12.568016347-03:00","@version":"1","message":"200 OK GET /workflows/f7642ac0-806d-4846-8ad0-34e5411cd066","logger_name":"io.ktor.test","thread_name":"DefaultDispatcher-worker-6 @request#8169","level":"INFO","level_value":20000,"traceId":"00000000000000000000000000000000","spanId":"0000000000000000"}
{"@timestamp":"2026-10-09T11:15:12.645449733-03:00","@version":"1","message":"node completed","logger_name":"run.trama.saga.workflow.TaskNodeHandler","thread_name":"DefaultDispatcher-worker-3 @coroutine#8152","level":"INFO","level_value":20000,"traceId":"00000000000000000000000000000000","spanId":"0000000000000000","sagaId":"f7642ac0-806d-4846-8ad0-34e5411cd066","nodeId":"step3","phase":"UP","status":404}
{"@timestamp":"2026-10-09T11:15:12.646889188-03:00","@version":"1","message":"retry scheduled","logger_name":"run.trama.saga.workflow.WorkflowExecutor","thread_name":"DefaultDispatcher-worker-3 @coroutine#8152","level":"INFO","level_value":20000,"traceId":"00000000000000000000000000000000","spanId":"0000000000000000","sagaId":"f7642ac0-806d-4846-8ad0-34e5411cd066","delayMillis":10,"attempt":1}
{"@timestamp":"2026-10-09T11:15:12.714514628-03:00","@version":"1","message":"node completed","logger_name":"run.trama.saga.workflow.TaskNodeHandler","thread_name":"DefaultDispatcher-worker-8 @coroutine#8151","level":"INFO","level_value":20000,"traceId":"00000000000000000000000000000000","spanId":"0000000000000000","sagaId":"f7642ac0-806d-4846-8ad0-34e5411cd066","nodeId":"step3","phase":"UP","status":404}
{"@timestamp":"2026-10-09T11:15:12.715254619-03:00","@version":"1","message":"compensation scheduled","logger_name":"run.trama.saga.workflow.WorkflowExecutor","thread_name":"DefaultDispatcher-worker-8 @coroutine#8151","level":"INFO","level_value":20000,"traceId":"00000000000000000000000000000000","spanId":"0000000000000000","sagaId":"f7642ac0-806d-4846-8ad0-34e5411cd066","failedNodeId":"step3"}
{"@timestamp":"2026-10-09T11:15:12.772150994-03:00","@version":"1","message":"200 OK GET /workflows/f7642ac0-806d-4846-8ad0-34e5411cd066","logger_name":"io.ktor.test","thread_name":"DefaultDispatcher-worker-6 @request#8190","level":"INFO","level_value":20000,"traceId":"00000000000000000000000000000000","spanId":"0000000000000000"}
{"@timestamp":"2026-10-09T11:15:12.780592361-03:00","@version":"1","message":"saga finished","logger_name":"run.trama.saga.workflow.WorkflowExecutor","thread_name":"DefaultDispatcher-worker-9 @coroutine#8152","level":"INFO","level_value":20000,"traceId":"00000000000000000000000000000000","spanId":"0000000000000000","sagaId":"f7642ac0-806d-4846-8ad0-34e5411cd066","sagaName":"comp-order-bc0dd2f0","status":"FAILED","durationMs":226}
{"@timestamp":"2026-10-09T11:15:12.976889699-03:00","@version":"1","message":"200 OK GET /workflows/f7642ac0-806d-4846-8ad0-34e5411cd066","logger_name":"io.ktor.test","thread_name":"DefaultDispatcher-worker-1 @request#8195","level":"INFO","level_value":20000,"traceId":"00000000000000000000000000000000","spanId":"0000000000000000"}
{"@timestamp":"2026-10-09T11:15:13.010299482-03:00","@version":"1","message":"saga-db-pool - Shutdown initiated...","logger_name":"com.zaxxer.hikari.HikariDataSource","thread_name":"DefaultDispatcher-worker-8","level":"INFO","level_value":20000}
{"@timestamp":"2026-10-09T11:15:13.010669933-03:00","@version":"1","message":"saga-db-pool - Shutdown completed.","logger_name":"com.zaxxer.hikari.HikariDataSource","thread_name":"DefaultDispatcher-worker-8","level":"INFO","level_value":20000}
{"@timestamp":"2026-10-09T11:15:13.06651644-03:00","@version":"1","message":"Application started in 0.049 seconds.","logger_name":"io.ktor.test","thread_name":"DefaultDispatcher-worker-8 @call-context#8203","level":"INFO","level_value":20000}
{"@timestamp":"2026-10-09T11:15:13.066645591-03:00","@version":"1","message":"Responding at http://localhost:80","logger_name":"io.ktor.test","thread_name":"DefaultDispatcher-worker-5 @coroutine#8288","level":"INFO","level_value":20000}
{"@timestamp":"2026-10-09T11:15:13.066669786-03:00","@version":"1","message":"Responding at https://localhost:443","logger_name":"io.ktor.test","thread_name":"DefaultDispatcher-worker-5 @coroutine#8288","level":"INFO","level_value":20000}
{"@timestamp":"2026-10-09T11:15:13.074812856-03:00","@version":"1","message":"200 OK POST /workflows/run","logger_name":"io.ktor.test","thread_name":"DefaultDispatcher-worker-8 @request#8203","level":"INFO","level_value":20000,"traceId":"00000000000000000000000000000000","spanId":"0000000000000000"}
{"@timestamp":"2026-10-09T11:15:13.084443461-03:00","@version":"1","message":"200 OK GET /workflows/09830370-2c03-4d72-a0d3-43b3b2d31642","logger_name":"io.ktor.test","thread_name":"DefaultDispatcher-worker-7 @request#8295","level":"INFO","level_value":20000,"traceId":"00000000000000000000000000000000","spanId":"0000000000000000"}
{"@timestamp":"2026-10-09T11:15:13.144292425-03:00","@version":"1","message":"saga finished","logger_name":"run.trama.saga.workflow.WorkflowExecutor","thread_name":"DefaultDispatcher-worker-7 @coroutine#8277","level":"INFO","level_value":20000,"traceId":"00000000000000000000000000000000","spanId":"0000000000000000","sagaId":"09830370-2c03-4d72-a0d3-43b3b2d31642","sagaName":"v1-linear-be91daac","status":"SUCCEEDED","durationMs":76}
{"@timestamp":"2026-10-09T11:15:13.288931889-03:00","@version":"1","message":"200 OK GET /workflows/09830370-2c03-4d72-a0d3-43b3b2d31642","logger_name":"io.ktor.test","thread_name":"DefaultDispatcher-worker-7 @request#8308","level":"INFO","level_value":20000,"traceId":"00000000000000000000000000000000","spanId":"0000000000000000"}
{"@timestamp":"2026-10-09T11:15:13.324623679-03:00","@version":"1","message":"saga-db-pool - Shutdown initiated...","logger_name":"com.zaxxer.hikari.HikariDataSource","thread_name":"DefaultDispatcher-worker-5","level":"INFO","level_value":20000}
{"@timestamp":"2026-10-09T11:15:13.325052629-03:00","@version":"1","message":"saga-db-pool - Shutdown completed.","logger_name":"com.zaxxer.hikari.HikariDataSource","thread_name":"DefaultDispatcher-worker-5","level":"INFO","level_value":20000}
{"@timestamp":"2026-10-09T11:15:13.38696382-03:00","@version":"1","message":"Application started in 0.051 seconds.","logger_name":"io.ktor.test","thread_name":"DefaultDispatcher-worker-5 @call-context#8316","level":"INFO","level_value":20000}
{"@timestamp":"2026-10-09T11:15:13.387228303-03:00","@version":"1","message":"Responding at http://localhost:80","logger_name":"io.ktor.test","thread_name":"DefaultDispatcher-worker-10 @coroutine#8401","level":"INFO","level_value":20000}
{"@timestamp":"2026-10-09T11:15:13.387247609-03:00","@version":"1","message":"Responding at https://localhost:443","logger_name":"io.ktor.test","thread_name":"DefaultDispatcher-worker-10 @coroutine#8401","level":"INFO","level_value":20000}
{"@timestamp":"2026-10-09T11:15:13.395939473-03:00","@version":"1","message":"200 OK POST /workflows/run","logger_name":"io.ktor.test","thread_name":"DefaultDispatcher-worker-5 @request#8316","level":"INFO","level_value":20000,"traceId":"00000000000000000000000000000000","spanId":"0000000000000000"}
{"@timestamp":"2026-10-09T11:15:13.40853568-03:00","@version":"1","message":"200 OK GET /workflows/2a0e6a2b-bd01-4e0d-9be6-5ce0ecd188e2","logger_name":"io.ktor.test","thread_name":"DefaultDispatcher-worker-12 @request#8408","level":"INFO","level_value":20000,"traceId":"00000000000000000000000000000000","spanId":"0000000000000000"}
{"@timestamp":"2026-10-09T11:15:13.454560166-03:00","@version":"1","message":"node completed","logger_name":"run.trama.saga.workflow.TaskNodeHandler","thread_name":"DefaultDispatcher-worker-9 @coroutine#8390","level":"INFO","level_value":20000,"traceId":"00000000000000000000000000000000","spanId":"0000000000000000","sagaId":"2a0e6a2b-bd01-4e0d-9be6-5ce0ecd188e2","nodeId":"charge","phase":"UP","status":500}
{"@timestamp":"2026-10-09T11:15:13.45618676-03:00","@version":"1","message":"retry scheduled","logger_name":"run.trama.saga.workflow.WorkflowExecutor","thread_name":"DefaultDispatcher-worker-9 @coroutine#8390","level":"INFO","level_value":20000,"traceId":"00000000000000000000000000000000","spanId":"0000000000000000","sagaId":"2a0e6a2b-bd01-4e0d-9be6-5ce0ecd188e2","delayMillis":50,"attempt":1}
{"@timestamp":"2026-10-09T11:15:13.556563695-03:00","@version":"1","message":"saga finished","logger_name":"run.trama.saga.workflow.WorkflowExecutor","thread_name":"DefaultDispatcher-worker-12 @coroutine#8391","level":"INFO","level_value":20000,"traceId":"00000000000000000000000000000000","spanId":"0000000000000000","sagaId":"2a0e6a2b-bd01-4e0d-9be6-5ce0ecd188e2","sagaName":"retry-success-ea8b3807","status":"SUCCEEDED","durationMs":166}
{"@timestamp":"2026-10-09T11:15:13.613051749-03:00","@version":"1","message":"200 OK GET /workflows/2a0e6a2b-bd01-4e0d-9be6-5ce0ecd188e2","logger_name":"io.ktor.test","thread_name":"DefaultDispatcher-worker-6 @request#8424","level":"INFO","level_value":20000,"traceId":"00000000000000000000000000000000","spanId":"0000000000000000"}
{"@timestamp":"2026-10-09T11:15:13.644531603-03:00","@version":"1","message":"saga-db-pool - Shutdown initiated...","logger_name":"com.zaxxer.hikari.HikariDataSource","thread_name":"DefaultDispatcher-worker-5","level":"INFO","level_value":20000}
{"@timestamp":"2026-10-09T11:15:13.645102968-03:00","@version":"1","message":"saga-db-pool - Shutdown completed.","logger_name":"com.zaxxer.hikari.HikariDataSource","thread_name":"DefaultDispatcher-worker-5","level":"INFO","level_value":20000}
{"@timestamp":"2026-10-09T11:15:13.701130253-03:00","@version":"1","message":"Application started in 0.048 seconds.","logger_name":"io.ktor.test","thread_name":"DefaultDispatcher-worker-5 @call-context#8432","level":"INFO","level_value":20000}
{"@timestamp":"2026-10-09T11:15:13.701322451-03:00","@version":"1","message":"Responding at http://localhost:80","logger_name":"io.ktor.test","thread_name":"DefaultDispatcher-worker-6 @coroutine#8517","level":"INFO","level_value":20000}
{"@timestamp":"2026-10-09T11:15:13.701368317-03:00","@version":"1","message":"Responding at https://localhost:443","logger_name":"io.ktor.test","thread_name":"DefaultDispatcher-worker-6 @coroutine#8517","level":"INFO","level_value":20000}
{"@timestamp":"2026-10-09T11:15:13.708191555-03:00","@version":"1","message":"200 OK POST /workflows/run","logger_name":"io.ktor.test","thread_name":"DefaultDispatcher-worker-5 @request#8432","level":"INFO","level_value":20000,"traceId":"00000000000000000000000000000000","spanId":"0000000000000000"}
{"@timestamp":"2026-10-09T11:15:13.716432698-03:00","@version":"1","message":"200 OK GET /workflows/cdb1531f-a621-40af-bae4-ba7e9da746c0","logger_name":"io.ktor.test","thread_name":"DefaultDispatcher-worker-1 @request#8524","level":"INFO","level_value":20000,"traceId":"00000000000000000000000000000000","spanId":"0000000000000000"}
{"@timestamp":"2026-10-09T11:15:13.77488661-03:00","@version":"1","message":"saga finished","logger_name":"run.trama.saga.workflow.WorkflowExecutor","thread_name":"DefaultDispatcher-worker-5 @coroutine#8506","level":"INFO","level_value":20000,"traceId":"00000000000000000000000000000000","spanId":"0000000000000000","sagaId":"cdb1531f-a621-40af-bae4-ba7e9da746c0","sagaName":"v2-linear-37979122","status":"SUCCEEDED","durationMs":72}
{"@timestamp":"2026-10-09T11:15:13.921184687-03:00","@version":"1","message":"200 OK GET /workflows/cdb1531f-a621-40af-bae4-ba7e9da746c0","logger_name":"io.ktor.test","thread_name":"DefaultDispatcher-worker-1 @request#8537","level":"INFO","level_value":20000,"traceId":"00000000000000000000000000000000","spanId":"0000000000000000"}
{"@timestamp":"2026-10-09T11:15:13.958086545-03:00","@version":"1","message":"saga-db-pool - Shutdown initiated...","logger_name":"com.zaxxer.hikari.HikariDataSource","thread_name":"DefaultDispatcher-worker-1","level":"INFO","level_value":20000}
{"@timestamp":"2026-10-09T11:15:13.958402023-03:00","@version":"1","message":"saga-db-pool - Shutdown completed.","logger_name":"com.zaxxer.hikari.HikariDataSource","thread_name":"DefaultDispatcher-worker-1","level":"INFO","level_value":20000}
{"@timestamp":"2026-10-09T11:15:14.011496136-03:00","@version":"1","message":"Application started in 0.047 seconds.","logger_name":"io.ktor.test","thread_name":"DefaultDispatcher-worker-1 @call-context#8545","level":"INFO","level_value":20000}
{"@timestamp":"2026-10-09T11:15:14.011617192-03:00","@version":"1","message":"Responding at http://localhost:80","logger_name":"io.ktor.test","thread_name":"DefaultDispatcher-worker-12 @coroutine#8630","level":"INFO","level_value":20000}
{"@timestamp":"2026-10-09T11:15:14.011651496-03:00","@version":"1","message":"Responding at https://localhost:443","logger_name":"io.ktor.test","thread_name":"DefaultDispatcher-worker-12 @coroutine#8630","level":"INFO","level_value":20000}
{"@timestamp":"2026-10-09T11:15:14.019466154-03:00","@version":"1","message":"200 OK POST /workflows/run","logger_name":"io.ktor.test","thread_name":"DefaultDispatcher-worker-1 @request#8545","level":"INFO","level_value":20000,"traceId":"00000000000000000000000000000000","spanId":"0000000000000000"}
{"@timestamp":"2026-10-09T11:15:14.027115082-03:00","@version":"1","message":"200 OK GET /workflows/db39581b-2c7d-4225-a289-b4dd603249f1","logger_name":"io.ktor.test","thread_name":"DefaultDispatcher-worker-8 @request#8637","level":"INFO","level_value":20000,"traceId":"00000000000000000000000000000000","spanId":"0000000000000000"}
{"@timestamp":"2026-10-09T11:15:14.087420257-03:00","@version":"1","message":"saga finished","logger_name":"run.trama.saga.workflow.WorkflowExecutor","thread_name":"DefaultDispatcher-worker-1 @coroutine#8620","level":"INFO","level_value":20000,"traceId":"00000000000000000000000000000000","spanId":"0000000000000000","sagaId":"db39581b-2c7d-4225-a289-b4dd603249f1","sagaName":"v2-prev-result-5cc92c59","status":"SUCCEEDED","durationMs":74}
{"@timestamp":"2026-10-09T11:15:14.231747017-03:00","@version":"1","message":"200 OK GET /workflows/db39581b-2c7d-4225-a289-b4dd603249f1","logger_name":"io.ktor.test","thread_name":"DefaultDispatcher-worker-1 @request#8647","level":"INFO","level_value":20000,"traceId":"00000000000000000000000000000000","spanId":"0000000000000000"}
{"@timestamp":"2026-10-09T11:15:14.268559147-03:00","@version":"1","message":"saga-db-pool - Shutdown initiated...","logger_name":"com.zaxxer.hikari.HikariDataSource","thread_name":"DefaultDispatcher-worker-1","level":"INFO","level_value":20000}
{"@timestamp":"2026-10-09T11:15:14.269204331-03:00","@version":"1","message":"saga-db-pool - Shutdown completed.","logger_name":"com.zaxxer.hikari.HikariDataSource","thread_name":"DefaultDispatcher-worker-1","level":"INFO","level_value":20000}
OpenJDK 64-Bit Server VM warning: Sharing is only supported for boot loader classes because bootstrap classpath has been appended
{"@timestamp":"2026-10-09T11:15:26.193752036-03:00","@version":"1","message":"Recoverable I/O exception (java.io.IOException) caught when processing request to {}->unix://localhost:2375","logger_name":"com.github.dockerjava.zerodep.shaded.org.apache.hc.client5.http.impl.classic.HttpRequestRetryExec","thread_name":"Thread-3","level":"INFO","level_value":20000}
{"@timestamp":"2026-10-09T11:15:26.334377823-03:00","@version":"1","message":"Reconnecting, last destination was localhost/127.0.0.1:44447","logger_name":"io.lettuce.core.protocol.ConnectionWatchdog","thread_name":"lettuce-eventExecutorLoop-215-1","level":"INFO","level_value":20000}
{"@timestamp":"2026-10-09T11:15:26.340078176-03:00","@version":"1","message":"Cannot reconnect to [localhost/<unresolved>:44447]: Connection refused: localhost/127.0.0.1:44447","logger_name":"io.lettuce.core.protocol.ConnectionWatchdog","thread_name":"lettuce-nioEventLoop-217-2","level":"WARN","level_value":30000}

[Incubating] Problems report is available at: file:///home/thiago/Documents/projects/trama-typed-json/build/reports/problems/problems-report.html

Deprecated Gradle features were used in this build, making it incompatible with Gradle 10.

You can use '--warning-mode all' to show the individual deprecation warnings and determine if they come from your own scripts or plugins.

For more on this, please refer to https://docs.gradle.org/9.6.1/userguide/command_line_interface.html#sec:command_line_warnings in the Gradle documentation.

BUILD SUCCESSFUL in 1m 11s
7 actionable tasks: 7 executed
Consider enabling configuration cache to speed up this build: https://docs.gradle.org/9.6.1/userguide/configuration_cache_enabling.html
