> Task :checkKotlinGradlePluginConfigurationErrors SKIPPED
> Task :processResources
> Task :processTestResources

> Task :compileKotlin
w: file:///home/thiago/Documents/projects/trama-typed-json/app/main/kotlin/run/trama/telemetry/Tracing.kt:36:31 'class ResourceAttributes : Any' is deprecated. Deprecated in Java.

> Task :compileJava
> Task :classes
> Task :jar

> Task :compileTestKotlin
w: file:///home/thiago/Documents/projects/trama-typed-json/app/test/kotlin/io/trama/saga/workflow/WorkflowExecutorBehaviorTest.kt:177:55 No cast needed.

> Task :compileTestJava NO-SOURCE
> Task :testClasses
{"@timestamp":"2026-10-09T11:44:52.878785128-03:00","@version":"1","message":"Application started in 2.675 seconds.","logger_name":"io.ktor.test","thread_name":"DefaultDispatcher-worker-2 @call-context#3","level":"INFO","level_value":20000}
{"@timestamp":"2026-10-09T11:44:52.880210284-03:00","@version":"1","message":"Responding at http://localhost:80","logger_name":"io.ktor.test","thread_name":"DefaultDispatcher-worker-9 @coroutine#88","level":"INFO","level_value":20000}
{"@timestamp":"2026-10-09T11:44:52.880496726-03:00","@version":"1","message":"Responding at https://localhost:443","logger_name":"io.ktor.test","thread_name":"DefaultDispatcher-worker-9 @coroutine#88","level":"INFO","level_value":20000}
{"@timestamp":"2026-10-09T11:44:53.00046126-03:00","@version":"1","message":"200 OK POST /workflows/run","logger_name":"io.ktor.test","thread_name":"DefaultDispatcher-worker-9 @request#3","level":"INFO","level_value":20000,"traceId":"00000000000000000000000000000000","spanId":"0000000000000000"}
{"@timestamp":"2026-10-09T11:44:53.192320179-03:00","@version":"1","message":"saga finished","logger_name":"run.trama.saga.workflow.WorkflowExecutor","thread_name":"DefaultDispatcher-worker-1 @coroutine#78","level":"INFO","level_value":20000,"traceId":"00000000000000000000000000000000","spanId":"0000000000000000","sagaId":"8eab7a92-78de-444c-991b-6513360ea87a","sagaName":"same-nv-21bcff27","status":"SUCCEEDED","durationMs":227}
{"@timestamp":"2026-10-09T11:44:53.379467358-03:00","@version":"1","message":"\n                                      \n@@@@@@@@@@@@@@@@@@@@@@@@@@@@@@@@@@@@@@\n@@@@@@@@@@@@@@@@@@@@@@@@@@@@@@@@@@@@@@\n@@@@@@@@@@@@@@@@  @@        @@@@@@@@@@\n@@@@@@@@@@@@@@@@@@@@        @@@@@@@@@@\n@@@@@@@@@@@@@@@@  @@  @@    @@@@@@@@@@\n@@@@@@@@@@  @@@@  @@  @@    @@@@@@@@@@\n@@@@@@@@@@        @@        @@@@@@@@@@\n@@@@@@@@@@@@@@@@@@@@@@@@@@@@@@@@@@@@@@\n@@@@@@@@@@@@@@@@@@@@@@@@@@@@@@@@@@@@@@\n@@@@@@@@@@        @@        @@@@@@@@@@\n@@@@@@@@@@    @@  @@  @@@@  @@@@@@@@@@\n@@@@@@@@@@    @@  @@  @@@@  @@@@@@@@@@\n@@@@@@@@@@        @@  @  @  @@@@@@@@@@\n@@@@@@@@@@        @@        @@@@@@@@@@\n@@@@@@@@@@@@@@@@@@@@@@@  @@@@@@@@@@@@@\n@@@@@@@@@@@@@@@@@@@@@@@@@@@@@@@@@@@@@@\n@@@@@@@@@@@@@@@@@@@@@@@@@@@@@@@@@@@@@@  Thank you for using jOOQ 3.21.7 (Build date: 2026-08-04T10:18:47Z)\n                                      ","logger_name":"org.jooq.Constants","thread_name":"DefaultDispatcher-worker-10 @request#95","level":"INFO","level_value":20000,"traceId":"00000000000000000000000000000000","spanId":"0000000000000000"}
{"@timestamp":"2026-10-09T11:44:53.380160198-03:00","@version":"1","message":"\n\njOOQ tip of the day: Views (and table valued functions) are the most underrated SQL feature! They work very well together with jOOQ and jOOQ's code generator! https://www.jooq.org/doc/latest/manual/code-generation/codegen-advanced/codegen-config-database/codegen-database-table-valued-functions/\n","logger_name":"org.jooq.Constants","thread_name":"DefaultDispatcher-worker-10 @request#95","level":"INFO","level_value":20000,"traceId":"00000000000000000000000000000000","spanId":"0000000000000000"}
{"@timestamp":"2026-10-09T11:44:53.4066209-03:00","@version":"1","message":"Version mismatch         : Database version is older than what dialect SQLDialect.POSTGRES supports: 15.19. Consider https://www.jooq.org/download/support-matrix to see what jOOQ version and edition supports which RDBMS versions.","logger_name":"org.jooq.impl.DefaultExecuteContext.logVersionSupport","thread_name":"DefaultDispatcher-worker-10 @request#95","level":"WARN","level_value":30000,"traceId":"00000000000000000000000000000000","spanId":"0000000000000000"}
{"@timestamp":"2026-10-09T11:44:53.427788672-03:00","@version":"1","message":"200 OK GET /workflows/8eab7a92-78de-444c-991b-6513360ea87a","logger_name":"io.ktor.test","thread_name":"DefaultDispatcher-worker-10 @request#95","level":"INFO","level_value":20000,"traceId":"00000000000000000000000000000000","spanId":"0000000000000000"}
{"@timestamp":"2026-10-09T11:44:53.43417512-03:00","@version":"1","message":"200 OK POST /workflows/run","logger_name":"io.ktor.test","thread_name":"DefaultDispatcher-worker-9 @request#102","level":"INFO","level_value":20000,"traceId":"00000000000000000000000000000000","spanId":"0000000000000000"}
{"@timestamp":"2026-10-09T11:44:53.439807161-03:00","@version":"1","message":"200 OK GET /workflows/80c07f53-f35e-4387-90bd-dcca6c675986","logger_name":"io.ktor.test","thread_name":"DefaultDispatcher-worker-3 @request#106","level":"INFO","level_value":20000,"traceId":"00000000000000000000000000000000","spanId":"0000000000000000"}
{"@timestamp":"2026-10-09T11:44:53.473042054-03:00","@version":"1","message":"node completed","logger_name":"run.trama.saga.workflow.TaskNodeHandler","thread_name":"DefaultDispatcher-worker-10 @coroutine#77","level":"INFO","level_value":20000,"traceId":"00000000000000000000000000000000","spanId":"0000000000000000","sagaId":"80c07f53-f35e-4387-90bd-dcca6c675986","nodeId":"b","phase":"UP","status":500}
{"@timestamp":"2026-10-09T11:44:53.475608889-03:00","@version":"1","message":"compensation scheduled","logger_name":"run.trama.saga.workflow.WorkflowExecutor","thread_name":"DefaultDispatcher-worker-1 @coroutine#77","level":"INFO","level_value":20000,"traceId":"00000000000000000000000000000000","spanId":"0000000000000000","sagaId":"80c07f53-f35e-4387-90bd-dcca6c675986","failedNodeId":"b"}
{"@timestamp":"2026-10-09T11:44:53.52649333-03:00","@version":"1","message":"saga finished","logger_name":"run.trama.saga.workflow.WorkflowExecutor","thread_name":"DefaultDispatcher-worker-3 @coroutine#78","level":"INFO","level_value":20000,"traceId":"00000000000000000000000000000000","spanId":"0000000000000000","sagaId":"80c07f53-f35e-4387-90bd-dcca6c675986","sagaName":"same-nv-21bcff27","status":"FAILED","durationMs":95}
{"@timestamp":"2026-10-09T11:44:53.646738946-03:00","@version":"1","message":"200 OK GET /workflows/80c07f53-f35e-4387-90bd-dcca6c675986","logger_name":"io.ktor.test","thread_name":"DefaultDispatcher-worker-3 @request#113","level":"INFO","level_value":20000,"traceId":"00000000000000000000000000000000","spanId":"0000000000000000"}
{"@timestamp":"2026-10-09T11:44:53.702173523-03:00","@version":"1","message":"saga-db-pool - Shutdown initiated...","logger_name":"com.zaxxer.hikari.HikariDataSource","thread_name":"DefaultDispatcher-worker-9","level":"INFO","level_value":20000}
{"@timestamp":"2026-10-09T11:44:53.703549324-03:00","@version":"1","message":"saga-db-pool - Shutdown completed.","logger_name":"com.zaxxer.hikari.HikariDataSource","thread_name":"DefaultDispatcher-worker-9","level":"INFO","level_value":20000}
{"@timestamp":"2026-10-09T11:44:53.878725664-03:00","@version":"1","message":"Application started in 0.154 seconds.","logger_name":"io.ktor.test","thread_name":"DefaultDispatcher-worker-9 @call-context#121","level":"INFO","level_value":20000}
{"@timestamp":"2026-10-09T11:44:53.879087338-03:00","@version":"1","message":"Responding at http://localhost:80","logger_name":"io.ktor.test","thread_name":"DefaultDispatcher-worker-4 @coroutine#206","level":"INFO","level_value":20000}
{"@timestamp":"2026-10-09T11:44:53.879307675-03:00","@version":"1","message":"Responding at https://localhost:443","logger_name":"io.ktor.test","thread_name":"DefaultDispatcher-worker-4 @coroutine#206","level":"INFO","level_value":20000}
{"@timestamp":"2026-10-09T11:44:53.89160431-03:00","@version":"1","message":"200 OK POST /workflows/run","logger_name":"io.ktor.test","thread_name":"DefaultDispatcher-worker-6 @request#121","level":"INFO","level_value":20000,"traceId":"00000000000000000000000000000000","spanId":"0000000000000000"}
{"@timestamp":"2026-10-09T11:44:53.90932334-03:00","@version":"1","message":"200 OK GET /workflows/f1092362-f312-4860-a839-b41da36a149f","logger_name":"io.ktor.test","thread_name":"DefaultDispatcher-worker-8 @request#213","level":"INFO","level_value":20000,"traceId":"00000000000000000000000000000000","spanId":"0000000000000000"}
{"@timestamp":"2026-10-09T11:44:53.928003407-03:00","@version":"1","message":"node completed","logger_name":"run.trama.saga.workflow.TaskNodeHandler","thread_name":"DefaultDispatcher-worker-8 @coroutine#195","level":"INFO","level_value":20000,"traceId":"00000000000000000000000000000000","spanId":"0000000000000000","sagaId":"f1092362-f312-4860-a839-b41da36a149f","nodeId":"b","phase":"UP","status":500}
{"@timestamp":"2026-10-09T11:44:53.929974885-03:00","@version":"1","message":"compensation scheduled","logger_name":"run.trama.saga.workflow.WorkflowExecutor","thread_name":"DefaultDispatcher-worker-7 @coroutine#195","level":"INFO","level_value":20000,"traceId":"00000000000000000000000000000000","spanId":"0000000000000000","sagaId":"f1092362-f312-4860-a839-b41da36a149f","failedNodeId":"b"}
{"@timestamp":"2026-10-09T11:44:53.980946492-03:00","@version":"1","message":"saga finished","logger_name":"run.trama.saga.workflow.WorkflowExecutor","thread_name":"DefaultDispatcher-worker-5 @coroutine#196","level":"INFO","level_value":20000,"traceId":"00000000000000000000000000000000","spanId":"0000000000000000","sagaId":"f1092362-f312-4860-a839-b41da36a149f","sagaName":"steps-order-9641ef3d","status":"FAILED","durationMs":98}
{"@timestamp":"2026-10-09T11:44:54.117649943-03:00","@version":"1","message":"200 OK GET /workflows/f1092362-f312-4860-a839-b41da36a149f","logger_name":"io.ktor.test","thread_name":"DefaultDispatcher-worker-5 @request#226","level":"INFO","level_value":20000,"traceId":"00000000000000000000000000000000","spanId":"0000000000000000"}
{"@timestamp":"2026-10-09T11:44:54.133370391-03:00","@version":"1","message":"200 OK GET /workflows/f1092362-f312-4860-a839-b41da36a149f/steps","logger_name":"io.ktor.test","thread_name":"DefaultDispatcher-worker-7 @request#230","level":"INFO","level_value":20000,"traceId":"00000000000000000000000000000000","spanId":"0000000000000000"}
{"@timestamp":"2026-10-09T11:44:54.170988768-03:00","@version":"1","message":"saga-db-pool - Shutdown initiated...","logger_name":"com.zaxxer.hikari.HikariDataSource","thread_name":"DefaultDispatcher-worker-7","level":"INFO","level_value":20000}
{"@timestamp":"2026-10-09T11:44:54.171596156-03:00","@version":"1","message":"saga-db-pool - Shutdown completed.","logger_name":"com.zaxxer.hikari.HikariDataSource","thread_name":"DefaultDispatcher-worker-7","level":"INFO","level_value":20000}
{"@timestamp":"2026-10-09T11:44:54.341924058-03:00","@version":"1","message":"Application started in 0.159 seconds.","logger_name":"io.ktor.test","thread_name":"DefaultDispatcher-worker-7 @call-context#238","level":"INFO","level_value":20000}
{"@timestamp":"2026-10-09T11:44:54.342237521-03:00","@version":"1","message":"Responding at http://localhost:80","logger_name":"io.ktor.test","thread_name":"DefaultDispatcher-worker-9 @coroutine#323","level":"INFO","level_value":20000,"traceId":"00000000000000000000000000000000","spanId":"0000000000000000"}
{"@timestamp":"2026-10-09T11:44:54.342382986-03:00","@version":"1","message":"Responding at https://localhost:443","logger_name":"io.ktor.test","thread_name":"DefaultDispatcher-worker-9 @coroutine#323","level":"INFO","level_value":20000,"traceId":"00000000000000000000000000000000","spanId":"0000000000000000"}
{"@timestamp":"2026-10-09T11:44:54.351867983-03:00","@version":"1","message":"200 OK POST /workflows/run","logger_name":"io.ktor.test","thread_name":"DefaultDispatcher-worker-7 @request#238","level":"INFO","level_value":20000,"traceId":"00000000000000000000000000000000","spanId":"0000000000000000"}
{"@timestamp":"2026-10-09T11:44:54.366670133-03:00","@version":"1","message":"200 OK GET /workflows/4811003a-50b0-403c-9d79-8b1b66d1d77a","logger_name":"io.ktor.test","thread_name":"DefaultDispatcher-worker-6 @request#330","level":"INFO","level_value":20000,"traceId":"00000000000000000000000000000000","spanId":"0000000000000000"}
{"@timestamp":"2026-10-09T11:44:54.38074005-03:00","@version":"1","message":"node completed","logger_name":"run.trama.saga.workflow.TaskNodeHandler","thread_name":"DefaultDispatcher-worker-9 @coroutine#312","level":"INFO","level_value":20000,"traceId":"00000000000000000000000000000000","spanId":"0000000000000000","sagaId":"4811003a-50b0-403c-9d79-8b1b66d1d77a","nodeId":"b","phase":"UP","status":500}
{"@timestamp":"2026-10-09T11:44:54.382689176-03:00","@version":"1","message":"compensation scheduled","logger_name":"run.trama.saga.workflow.WorkflowExecutor","thread_name":"DefaultDispatcher-worker-7 @coroutine#312","level":"INFO","level_value":20000,"traceId":"00000000000000000000000000000000","spanId":"0000000000000000","sagaId":"4811003a-50b0-403c-9d79-8b1b66d1d77a","failedNodeId":"b"}
{"@timestamp":"2026-10-09T11:44:54.436749895-03:00","@version":"1","message":"saga finished","logger_name":"run.trama.saga.workflow.WorkflowExecutor","thread_name":"DefaultDispatcher-worker-6 @coroutine#313","level":"INFO","level_value":20000,"traceId":"00000000000000000000000000000000","spanId":"0000000000000000","sagaId":"4811003a-50b0-403c-9d79-8b1b66d1d77a","sagaName":"steps-635c8b75","status":"FAILED","durationMs":90}
{"@timestamp":"2026-10-09T11:44:54.573697966-03:00","@version":"1","message":"200 OK GET /workflows/4811003a-50b0-403c-9d79-8b1b66d1d77a","logger_name":"io.ktor.test","thread_name":"DefaultDispatcher-worker-6 @request#343","level":"INFO","level_value":20000,"traceId":"00000000000000000000000000000000","spanId":"0000000000000000"}
{"@timestamp":"2026-10-09T11:44:54.581845162-03:00","@version":"1","message":"200 OK GET /workflows/4811003a-50b0-403c-9d79-8b1b66d1d77a/steps","logger_name":"io.ktor.test","thread_name":"DefaultDispatcher-worker-7 @request#347","level":"INFO","level_value":20000,"traceId":"00000000000000000000000000000000","spanId":"0000000000000000"}
{"@timestamp":"2026-10-09T11:44:54.630872884-03:00","@version":"1","message":"saga-db-pool - Shutdown initiated...","logger_name":"com.zaxxer.hikari.HikariDataSource","thread_name":"DefaultDispatcher-worker-7","level":"INFO","level_value":20000}
{"@timestamp":"2026-10-09T11:44:54.631536099-03:00","@version":"1","message":"saga-db-pool - Shutdown completed.","logger_name":"com.zaxxer.hikari.HikariDataSource","thread_name":"DefaultDispatcher-worker-7","level":"INFO","level_value":20000}
{"@timestamp":"2026-10-09T11:44:54.742426844-03:00","@version":"1","message":"Application started in 0.101 seconds.","logger_name":"io.ktor.test","thread_name":"DefaultDispatcher-worker-7 @call-context#355","level":"INFO","level_value":20000}
{"@timestamp":"2026-10-09T11:44:54.742812323-03:00","@version":"1","message":"Responding at http://localhost:80","logger_name":"io.ktor.test","thread_name":"DefaultDispatcher-worker-6 @coroutine#440","level":"INFO","level_value":20000}
{"@timestamp":"2026-10-09T11:44:54.742910048-03:00","@version":"1","message":"Responding at https://localhost:443","logger_name":"io.ktor.test","thread_name":"DefaultDispatcher-worker-6 @coroutine#440","level":"INFO","level_value":20000}
{"@timestamp":"2026-10-09T11:44:54.753924166-03:00","@version":"1","message":"200 OK POST /workflows/run","logger_name":"io.ktor.test","thread_name":"DefaultDispatcher-worker-3 @request#355","level":"INFO","level_value":20000,"traceId":"00000000000000000000000000000000","spanId":"0000000000000000"}
{"@timestamp":"2026-10-09T11:44:54.766798512-03:00","@version":"1","message":"200 OK GET /workflows/56c2a7b2-d1bb-444e-8431-904dea021b56","logger_name":"io.ktor.test","thread_name":"DefaultDispatcher-worker-10 @request#447","level":"INFO","level_value":20000,"traceId":"00000000000000000000000000000000","spanId":"0000000000000000"}
{"@timestamp":"2026-10-09T11:44:54.82401553-03:00","@version":"1","message":"saga sleeping","logger_name":"run.trama.saga.workflow.WorkflowExecutor","thread_name":"DefaultDispatcher-worker-10 @coroutine#429","level":"INFO","level_value":20000,"traceId":"00000000000000000000000000000000","spanId":"0000000000000000","sagaId":"56c2a7b2-d1bb-444e-8431-904dea021b56","nodeId":"nap","wakeAt":"2026-10-09T14:44:56.316745993Z","delayMillis":1500}
{"@timestamp":"2026-10-09T11:44:54.97211596-03:00","@version":"1","message":"200 OK GET /workflows/56c2a7b2-d1bb-444e-8431-904dea021b56","logger_name":"io.ktor.test","thread_name":"DefaultDispatcher-worker-10 @request#454","level":"INFO","level_value":20000,"traceId":"00000000000000000000000000000000","spanId":"0000000000000000"}
{"@timestamp":"2026-10-09T11:44:55.178252157-03:00","@version":"1","message":"200 OK GET /workflows/56c2a7b2-d1bb-444e-8431-904dea021b56","logger_name":"io.ktor.test","thread_name":"DefaultDispatcher-worker-7 @request#458","level":"INFO","level_value":20000,"traceId":"00000000000000000000000000000000","spanId":"0000000000000000"}
{"@timestamp":"2026-10-09T11:44:55.384202327-03:00","@version":"1","message":"200 OK GET /workflows/56c2a7b2-d1bb-444e-8431-904dea021b56","logger_name":"io.ktor.test","thread_name":"DefaultDispatcher-worker-3 @request#462","level":"INFO","level_value":20000,"traceId":"00000000000000000000000000000000","spanId":"0000000000000000"}
{"@timestamp":"2026-10-09T11:44:55.590303995-03:00","@version":"1","message":"200 OK GET /workflows/56c2a7b2-d1bb-444e-8431-904dea021b56","logger_name":"io.ktor.test","thread_name":"DefaultDispatcher-worker-3 @request#466","level":"INFO","level_value":20000,"traceId":"00000000000000000000000000000000","spanId":"0000000000000000"}
{"@timestamp":"2026-10-09T11:44:55.797869119-03:00","@version":"1","message":"200 OK GET /workflows/56c2a7b2-d1bb-444e-8431-904dea021b56","logger_name":"io.ktor.test","thread_name":"DefaultDispatcher-worker-7 @request#470","level":"INFO","level_value":20000,"traceId":"00000000000000000000000000000000","spanId":"0000000000000000"}
{"@timestamp":"2026-10-09T11:44:56.003774575-03:00","@version":"1","message":"200 OK GET /workflows/56c2a7b2-d1bb-444e-8431-904dea021b56","logger_name":"io.ktor.test","thread_name":"DefaultDispatcher-worker-7 @request#474","level":"INFO","level_value":20000,"traceId":"00000000000000000000000000000000","spanId":"0000000000000000"}
{"@timestamp":"2026-10-09T11:44:56.20927946-03:00","@version":"1","message":"200 OK GET /workflows/56c2a7b2-d1bb-444e-8431-904dea021b56","logger_name":"io.ktor.test","thread_name":"DefaultDispatcher-worker-6 @request#478","level":"INFO","level_value":20000,"traceId":"00000000000000000000000000000000","spanId":"0000000000000000"}
{"@timestamp":"2026-10-09T11:44:56.340600587-03:00","@version":"1","message":"saga waking up","logger_name":"run.trama.saga.workflow.WorkflowExecutor","thread_name":"DefaultDispatcher-worker-7 @coroutine#430","level":"INFO","level_value":20000,"traceId":"00000000000000000000000000000000","spanId":"0000000000000000","sagaId":"56c2a7b2-d1bb-444e-8431-904dea021b56","nextNodeId":"b"}
{"@timestamp":"2026-10-09T11:44:56.357071428-03:00","@version":"1","message":"saga finished","logger_name":"run.trama.saga.workflow.WorkflowExecutor","thread_name":"DefaultDispatcher-worker-2 @coroutine#430","level":"INFO","level_value":20000,"traceId":"00000000000000000000000000000000","spanId":"0000000000000000","sagaId":"56c2a7b2-d1bb-444e-8431-904dea021b56","sagaName":"latency-7d41c2d3","status":"SUCCEEDED","durationMs":1611}
{"@timestamp":"2026-10-09T11:44:56.415582174-03:00","@version":"1","message":"200 OK GET /workflows/56c2a7b2-d1bb-444e-8431-904dea021b56","logger_name":"io.ktor.test","thread_name":"DefaultDispatcher-worker-2 @request#485","level":"INFO","level_value":20000,"traceId":"00000000000000000000000000000000","spanId":"0000000000000000"}
{"@timestamp":"2026-10-09T11:44:56.420735727-03:00","@version":"1","message":"200 OK GET /workflows/56c2a7b2-d1bb-444e-8431-904dea021b56/steps","logger_name":"io.ktor.test","thread_name":"DefaultDispatcher-worker-2 @request#489","level":"INFO","level_value":20000,"traceId":"00000000000000000000000000000000","spanId":"0000000000000000"}
{"@timestamp":"2026-10-09T11:44:56.435942048-03:00","@version":"1","message":"saga-db-pool - Shutdown initiated...","logger_name":"com.zaxxer.hikari.HikariDataSource","thread_name":"DefaultDispatcher-worker-3","level":"INFO","level_value":20000}
{"@timestamp":"2026-10-09T11:44:56.436453094-03:00","@version":"1","message":"saga-db-pool - Shutdown completed.","logger_name":"com.zaxxer.hikari.HikariDataSource","thread_name":"DefaultDispatcher-worker-3","level":"INFO","level_value":20000}
{"@timestamp":"2026-10-09T11:44:56.571754627-03:00","@version":"1","message":"Application started in 0.124 seconds.","logger_name":"io.ktor.test","thread_name":"DefaultDispatcher-worker-8 @call-context#497","level":"INFO","level_value":20000}
{"@timestamp":"2026-10-09T11:44:56.572002525-03:00","@version":"1","message":"Responding at http://localhost:80","logger_name":"io.ktor.test","thread_name":"DefaultDispatcher-worker-11 @coroutine#582","level":"INFO","level_value":20000}
{"@timestamp":"2026-10-09T11:44:56.572177807-03:00","@version":"1","message":"Responding at https://localhost:443","logger_name":"io.ktor.test","thread_name":"DefaultDispatcher-worker-11 @coroutine#582","level":"INFO","level_value":20000}
{"@timestamp":"2026-10-09T11:44:56.583565627-03:00","@version":"1","message":"200 OK POST /workflows/run","logger_name":"io.ktor.test","thread_name":"DefaultDispatcher-worker-8 @request#497","level":"INFO","level_value":20000,"traceId":"00000000000000000000000000000000","spanId":"0000000000000000"}
{"@timestamp":"2026-10-09T11:44:56.598879992-03:00","@version":"1","message":"200 OK GET /workflows/c4941cb9-f4cf-42cb-9572-46e78f606e9d","logger_name":"io.ktor.test","thread_name":"DefaultDispatcher-worker-6 @request#589","level":"INFO","level_value":20000,"traceId":"00000000000000000000000000000000","spanId":"0000000000000000"}
{"@timestamp":"2026-10-09T11:44:56.617133694-03:00","@version":"1","message":"saga finished","logger_name":"run.trama.saga.workflow.WorkflowExecutor","thread_name":"DefaultDispatcher-worker-9 @coroutine#571","level":"INFO","level_value":20000,"traceId":"00000000000000000000000000000000","spanId":"0000000000000000","sagaId":"c4941cb9-f4cf-42cb-9572-46e78f606e9d","sagaName":"query-fdd6daba","status":"SUCCEEDED","durationMs":42}
{"@timestamp":"2026-10-09T11:44:56.804773863-03:00","@version":"1","message":"200 OK GET /workflows/c4941cb9-f4cf-42cb-9572-46e78f606e9d","logger_name":"io.ktor.test","thread_name":"DefaultDispatcher-worker-9 @request#599","level":"INFO","level_value":20000,"traceId":"00000000000000000000000000000000","spanId":"0000000000000000"}
{"@timestamp":"2026-10-09T11:44:56.810034218-03:00","@version":"1","message":"200 OK POST /workflows/run","logger_name":"io.ktor.test","thread_name":"DefaultDispatcher-worker-7 @request#603","level":"INFO","level_value":20000,"traceId":"00000000000000000000000000000000","spanId":"0000000000000000"}
{"@timestamp":"2026-10-09T11:44:56.815862578-03:00","@version":"1","message":"200 OK GET /workflows/c1e777ec-2cac-45b8-a99c-7752aed03adc","logger_name":"io.ktor.test","thread_name":"DefaultDispatcher-worker-9 @request#607","level":"INFO","level_value":20000,"traceId":"00000000000000000000000000000000","spanId":"0000000000000000"}
{"@timestamp":"2026-10-09T11:44:56.84999952-03:00","@version":"1","message":"node completed","logger_name":"run.trama.saga.workflow.TaskNodeHandler","thread_name":"DefaultDispatcher-worker-6 @coroutine#572","level":"INFO","level_value":20000,"traceId":"00000000000000000000000000000000","spanId":"0000000000000000","sagaId":"c1e777ec-2cac-45b8-a99c-7752aed03adc","nodeId":"b","phase":"UP","status":500}
{"@timestamp":"2026-10-09T11:44:56.851106443-03:00","@version":"1","message":"compensation scheduled","logger_name":"run.trama.saga.workflow.WorkflowExecutor","thread_name":"DefaultDispatcher-worker-7 @coroutine#572","level":"INFO","level_value":20000,"traceId":"00000000000000000000000000000000","spanId":"0000000000000000","sagaId":"c1e777ec-2cac-45b8-a99c-7752aed03adc","failedNodeId":"b"}
{"@timestamp":"2026-10-09T11:44:56.904682268-03:00","@version":"1","message":"saga finished","logger_name":"run.trama.saga.workflow.WorkflowExecutor","thread_name":"DefaultDispatcher-worker-6 @coroutine#571","level":"INFO","level_value":20000,"traceId":"00000000000000000000000000000000","spanId":"0000000000000000","sagaId":"c1e777ec-2cac-45b8-a99c-7752aed03adc","sagaName":"query-fdd6daba","status":"FAILED","durationMs":97}
{"@timestamp":"2026-10-09T11:44:57.020506191-03:00","@version":"1","message":"200 OK GET /workflows/c1e777ec-2cac-45b8-a99c-7752aed03adc","logger_name":"io.ktor.test","thread_name":"DefaultDispatcher-worker-3 @request#620","level":"INFO","level_value":20000,"traceId":"00000000000000000000000000000000","spanId":"0000000000000000"}
{"@timestamp":"2026-10-09T11:44:57.025797936-03:00","@version":"1","message":"200 OK POST /workflows/run","logger_name":"io.ktor.test","thread_name":"DefaultDispatcher-worker-7 @request#624","level":"INFO","level_value":20000,"traceId":"00000000000000000000000000000000","spanId":"0000000000000000"}
{"@timestamp":"2026-10-09T11:44:57.030397101-03:00","@version":"1","message":"200 OK GET /workflows/3f522128-664e-4aa0-8ed6-48cbcc941ff8","logger_name":"io.ktor.test","thread_name":"DefaultDispatcher-worker-9 @request#628","level":"INFO","level_value":20000,"traceId":"00000000000000000000000000000000","spanId":"0000000000000000"}
{"@timestamp":"2026-10-09T11:44:57.072948154-03:00","@version":"1","message":"saga finished","logger_name":"run.trama.saga.workflow.WorkflowExecutor","thread_name":"DefaultDispatcher-worker-3 @coroutine#572","level":"INFO","level_value":20000,"traceId":"00000000000000000000000000000000","spanId":"0000000000000000","sagaId":"3f522128-664e-4aa0-8ed6-48cbcc941ff8","sagaName":"query-fdd6daba","status":"SUCCEEDED","durationMs":49}
{"@timestamp":"2026-10-09T11:44:57.235152235-03:00","@version":"1","message":"200 OK GET /workflows/3f522128-664e-4aa0-8ed6-48cbcc941ff8","logger_name":"io.ktor.test","thread_name":"DefaultDispatcher-worker-3 @request#638","level":"INFO","level_value":20000,"traceId":"00000000000000000000000000000000","spanId":"0000000000000000"}
{"@timestamp":"2026-10-09T11:44:57.245501761-03:00","@version":"1","message":"200 OK GET /workflows?name=query-fdd6daba","logger_name":"io.ktor.test","thread_name":"DefaultDispatcher-worker-3 @request#642","level":"INFO","level_value":20000,"traceId":"00000000000000000000000000000000","spanId":"0000000000000000"}
{"@timestamp":"2026-10-09T11:44:57.250824574-03:00","@version":"1","message":"200 OK GET /workflows?name=query-fdd6daba&status=FAILED","logger_name":"io.ktor.test","thread_name":"DefaultDispatcher-worker-3 @request#646","level":"INFO","level_value":20000,"traceId":"00000000000000000000000000000000","spanId":"0000000000000000"}
{"@timestamp":"2026-10-09T11:44:57.254960864-03:00","@version":"1","message":"200 OK GET /workflows?name=query-fdd6daba&limit=1&offset=1","logger_name":"io.ktor.test","thread_name":"DefaultDispatcher-worker-3 @request#650","level":"INFO","level_value":20000,"traceId":"00000000000000000000000000000000","spanId":"0000000000000000"}
{"@timestamp":"2026-10-09T11:44:57.259352195-03:00","@version":"1","message":"200 OK GET /workflows?name=query-fdd6daba&limit=0","logger_name":"io.ktor.test","thread_name":"DefaultDispatcher-worker-3 @request#654","level":"INFO","level_value":20000,"traceId":"00000000000000000000000000000000","spanId":"0000000000000000"}
{"@timestamp":"2026-10-09T11:44:57.263981567-03:00","@version":"1","message":"200 OK GET /workflows?name=query-fdd6daba&offset=-5","logger_name":"io.ktor.test","thread_name":"DefaultDispatcher-worker-3 @request#658","level":"INFO","level_value":20000,"traceId":"00000000000000000000000000000000","spanId":"0000000000000000"}
{"@timestamp":"2026-10-09T11:44:57.310036886-03:00","@version":"1","message":"saga-db-pool - Shutdown initiated...","logger_name":"com.zaxxer.hikari.HikariDataSource","thread_name":"DefaultDispatcher-worker-3","level":"INFO","level_value":20000}
{"@timestamp":"2026-10-09T11:44:57.310682497-03:00","@version":"1","message":"saga-db-pool - Shutdown completed.","logger_name":"com.zaxxer.hikari.HikariDataSource","thread_name":"DefaultDispatcher-worker-3","level":"INFO","level_value":20000}
{"@timestamp":"2026-10-09T11:44:57.428749856-03:00","@version":"1","message":"Application started in 0.109 seconds.","logger_name":"io.ktor.test","thread_name":"DefaultDispatcher-worker-3 @call-context#666","level":"INFO","level_value":20000}
{"@timestamp":"2026-10-09T11:44:57.42902712-03:00","@version":"1","message":"Responding at http://localhost:80","logger_name":"io.ktor.test","thread_name":"DefaultDispatcher-worker-12 @coroutine#751","level":"INFO","level_value":20000}
{"@timestamp":"2026-10-09T11:44:57.42958763-03:00","@version":"1","message":"Responding at https://localhost:443","logger_name":"io.ktor.test","thread_name":"DefaultDispatcher-worker-12 @coroutine#751","level":"INFO","level_value":20000}
{"@timestamp":"2026-10-09T11:44:57.434778683-03:00","@version":"1","message":"400 Bad Request GET /workflows/nope","logger_name":"io.ktor.test","thread_name":"DefaultDispatcher-worker-3 @request#666","level":"INFO","level_value":20000,"traceId":"00000000000000000000000000000000","spanId":"0000000000000000"}
{"@timestamp":"2026-10-09T11:44:57.437783304-03:00","@version":"1","message":"400 Bad Request GET /workflows/nope/steps","logger_name":"io.ktor.test","thread_name":"DefaultDispatcher-worker-6 @request#758","level":"INFO","level_value":20000,"traceId":"00000000000000000000000000000000","spanId":"0000000000000000"}
{"@timestamp":"2026-10-09T11:44:57.440660192-03:00","@version":"1","message":"400 Bad Request GET /workflows/nope/steps/calls","logger_name":"io.ktor.test","thread_name":"DefaultDispatcher-worker-6 @request#762","level":"INFO","level_value":20000,"traceId":"00000000000000000000000000000000","spanId":"0000000000000000"}
{"@timestamp":"2026-10-09T11:44:57.451307812-03:00","@version":"1","message":"204 No Content GET /workflows/2d3b664f-96f9-4cec-915a-6e1bde43cede","logger_name":"io.ktor.test","thread_name":"DefaultDispatcher-worker-6 @request#766","level":"INFO","level_value":20000,"traceId":"00000000000000000000000000000000","spanId":"0000000000000000"}
{"@timestamp":"2026-10-09T11:44:57.459085456-03:00","@version":"1","message":"200 OK GET /workflows/2d3b664f-96f9-4cec-915a-6e1bde43cede/steps","logger_name":"io.ktor.test","thread_name":"DefaultDispatcher-worker-6 @request#767","level":"INFO","level_value":20000,"traceId":"00000000000000000000000000000000","spanId":"0000000000000000"}
{"@timestamp":"2026-10-09T11:44:57.472916484-03:00","@version":"1","message":"200 OK GET /workflows/2d3b664f-96f9-4cec-915a-6e1bde43cede/steps/calls","logger_name":"io.ktor.test","thread_name":"DefaultDispatcher-worker-6 @request#771","level":"INFO","level_value":20000,"traceId":"00000000000000000000000000000000","spanId":"0000000000000000"}
{"@timestamp":"2026-10-09T11:44:57.492568867-03:00","@version":"1","message":"saga-db-pool - Shutdown initiated...","logger_name":"com.zaxxer.hikari.HikariDataSource","thread_name":"DefaultDispatcher-worker-1","level":"INFO","level_value":20000}
{"@timestamp":"2026-10-09T11:44:57.493124067-03:00","@version":"1","message":"saga-db-pool - Shutdown completed.","logger_name":"com.zaxxer.hikari.HikariDataSource","thread_name":"DefaultDispatcher-worker-1","level":"INFO","level_value":20000}
{"@timestamp":"2026-10-09T11:44:57.624493333-03:00","@version":"1","message":"Application started in 0.121 seconds.","logger_name":"io.ktor.test","thread_name":"DefaultDispatcher-worker-1 @call-context#779","level":"INFO","level_value":20000}
{"@timestamp":"2026-10-09T11:44:57.624756751-03:00","@version":"1","message":"Responding at http://localhost:80","logger_name":"io.ktor.test","thread_name":"DefaultDispatcher-worker-12 @coroutine#864","level":"INFO","level_value":20000}
{"@timestamp":"2026-10-09T11:44:57.624820993-03:00","@version":"1","message":"Responding at https://localhost:443","logger_name":"io.ktor.test","thread_name":"DefaultDispatcher-worker-12 @coroutine#864","level":"INFO","level_value":20000}
{"@timestamp":"2026-10-09T11:44:57.635654914-03:00","@version":"1","message":"200 OK POST /workflows/run","logger_name":"io.ktor.test","thread_name":"DefaultDispatcher-worker-6 @request#779","level":"INFO","level_value":20000,"traceId":"00000000000000000000000000000000","spanId":"0000000000000000"}
{"@timestamp":"2026-10-09T11:44:57.647084362-03:00","@version":"1","message":"200 OK GET /workflows/14393b84-d9fa-40fe-9e03-641d7fcf8c4b","logger_name":"io.ktor.test","thread_name":"DefaultDispatcher-worker-12 @request#871","level":"INFO","level_value":20000,"traceId":"00000000000000000000000000000000","spanId":"0000000000000000"}
{"@timestamp":"2026-10-09T11:44:57.696666869-03:00","@version":"1","message":"node completed","logger_name":"run.trama.saga.workflow.TaskNodeHandler","thread_name":"DefaultDispatcher-worker-8 @coroutine#853","level":"INFO","level_value":20000,"traceId":"00000000000000000000000000000000","spanId":"0000000000000000","sagaId":"14393b84-d9fa-40fe-9e03-641d7fcf8c4b","nodeId":"b","phase":"UP","status":500}
{"@timestamp":"2026-10-09T11:44:57.699088106-03:00","@version":"1","message":"retry scheduled","logger_name":"run.trama.saga.workflow.WorkflowExecutor","thread_name":"DefaultDispatcher-worker-8 @coroutine#853","level":"INFO","level_value":20000,"traceId":"00000000000000000000000000000000","spanId":"0000000000000000","sagaId":"14393b84-d9fa-40fe-9e03-641d7fcf8c4b","delayMillis":10,"attempt":1}
{"@timestamp":"2026-10-09T11:44:57.743556024-03:00","@version":"1","message":"node completed","logger_name":"run.trama.saga.workflow.TaskNodeHandler","thread_name":"DefaultDispatcher-worker-8 @coroutine#854","level":"INFO","level_value":20000,"traceId":"00000000000000000000000000000000","spanId":"0000000000000000","sagaId":"14393b84-d9fa-40fe-9e03-641d7fcf8c4b","nodeId":"b","phase":"UP","status":500}
{"@timestamp":"2026-10-09T11:44:57.744706429-03:00","@version":"1","message":"compensation scheduled","logger_name":"run.trama.saga.workflow.WorkflowExecutor","thread_name":"DefaultDispatcher-worker-8 @coroutine#854","level":"INFO","level_value":20000,"traceId":"00000000000000000000000000000000","spanId":"0000000000000000","sagaId":"14393b84-d9fa-40fe-9e03-641d7fcf8c4b","failedNodeId":"b"}
{"@timestamp":"2026-10-09T11:44:57.794837192-03:00","@version":"1","message":"saga finished","logger_name":"run.trama.saga.workflow.WorkflowExecutor","thread_name":"DefaultDispatcher-worker-5 @coroutine#853","level":"INFO","level_value":20000,"traceId":"00000000000000000000000000000000","spanId":"0000000000000000","sagaId":"14393b84-d9fa-40fe-9e03-641d7fcf8c4b","sagaName":"calls-ea80ec74","status":"FAILED","durationMs":167}
{"@timestamp":"2026-10-09T11:44:57.852441675-03:00","@version":"1","message":"200 OK GET /workflows/14393b84-d9fa-40fe-9e03-641d7fcf8c4b","logger_name":"io.ktor.test","thread_name":"DefaultDispatcher-worker-5 @request#887","level":"INFO","level_value":20000,"traceId":"00000000000000000000000000000000","spanId":"0000000000000000"}
{"@timestamp":"2026-10-09T11:44:57.861397105-03:00","@version":"1","message":"200 OK GET /workflows/14393b84-d9fa-40fe-9e03-641d7fcf8c4b/steps/calls","logger_name":"io.ktor.test","thread_name":"DefaultDispatcher-worker-5 @request#891","level":"INFO","level_value":20000,"traceId":"00000000000000000000000000000000","spanId":"0000000000000000"}
{"@timestamp":"2026-10-09T11:44:57.889809109-03:00","@version":"1","message":"saga-db-pool - Shutdown initiated...","logger_name":"com.zaxxer.hikari.HikariDataSource","thread_name":"DefaultDispatcher-worker-5","level":"INFO","level_value":20000}
{"@timestamp":"2026-10-09T11:44:57.890498141-03:00","@version":"1","message":"saga-db-pool - Shutdown completed.","logger_name":"com.zaxxer.hikari.HikariDataSource","thread_name":"DefaultDispatcher-worker-5","level":"INFO","level_value":20000}
{"@timestamp":"2026-10-09T11:44:57.982881033-03:00","@version":"1","message":"Application started in 0.085 seconds.","logger_name":"io.ktor.test","thread_name":"DefaultDispatcher-worker-5 @call-context#899","level":"INFO","level_value":20000}
{"@timestamp":"2026-10-09T11:44:57.983148649-03:00","@version":"1","message":"Responding at http://localhost:80","logger_name":"io.ktor.test","thread_name":"DefaultDispatcher-worker-12 @coroutine#967","level":"INFO","level_value":20000}
{"@timestamp":"2026-10-09T11:44:57.983227328-03:00","@version":"1","message":"Responding at https://localhost:443","logger_name":"io.ktor.test","thread_name":"DefaultDispatcher-worker-12 @coroutine#967","level":"INFO","level_value":20000}
{"@timestamp":"2026-10-09T11:44:57.987929327-03:00","@version":"1","message":"200 OK GET /healthz","logger_name":"io.ktor.test","thread_name":"DefaultDispatcher-worker-5 @request#899","level":"INFO","level_value":20000,"traceId":"00000000000000000000000000000000","spanId":"0000000000000000"}
{"@timestamp":"2026-10-09T11:44:57.991806718-03:00","@version":"1","message":"200 OK GET /readyz","logger_name":"io.ktor.test","thread_name":"DefaultDispatcher-worker-5 @request#974","level":"INFO","level_value":20000,"traceId":"00000000000000000000000000000000","spanId":"0000000000000000"}
{"@timestamp":"2026-10-09T11:44:57.994357109-03:00","@version":"1","message":"saga-db-pool - Shutdown initiated...","logger_name":"com.zaxxer.hikari.HikariDataSource","thread_name":"DefaultDispatcher-worker-9","level":"INFO","level_value":20000}
{"@timestamp":"2026-10-09T11:44:57.995007609-03:00","@version":"1","message":"saga-db-pool - Shutdown completed.","logger_name":"com.zaxxer.hikari.HikariDataSource","thread_name":"DefaultDispatcher-worker-9","level":"INFO","level_value":20000}
{"@timestamp":"2026-10-09T11:44:58.080625288-03:00","@version":"1","message":"Application started in 0.08 seconds.","logger_name":"io.ktor.test","thread_name":"DefaultDispatcher-worker-8 @call-context#982","level":"INFO","level_value":20000}
{"@timestamp":"2026-10-09T11:44:58.080881763-03:00","@version":"1","message":"Responding at http://localhost:80","logger_name":"io.ktor.test","thread_name":"DefaultDispatcher-worker-9 @coroutine#1050","level":"INFO","level_value":20000}
{"@timestamp":"2026-10-09T11:44:58.080983165-03:00","@version":"1","message":"Responding at https://localhost:443","logger_name":"io.ktor.test","thread_name":"DefaultDispatcher-worker-9 @coroutine#1050","level":"INFO","level_value":20000}
{"@timestamp":"2026-10-09T11:44:58.087060673-03:00","@version":"1","message":"200 OK POST /workflows/run","logger_name":"io.ktor.test","thread_name":"DefaultDispatcher-worker-8 @request#982","level":"INFO","level_value":20000,"traceId":"00000000000000000000000000000000","spanId":"0000000000000000"}
{"@timestamp":"2026-10-09T11:44:58.089473525-03:00","@version":"1","message":"saga-db-pool - Starting...","logger_name":"com.zaxxer.hikari.HikariDataSource","thread_name":"DefaultDispatcher-worker-5 @coroutine#1057","level":"INFO","level_value":20000}
{"@timestamp":"2026-10-09T11:44:58.097692151-03:00","@version":"1","message":"saga-db-pool - Added connection org.postgresql.jdbc.PgConnection@3eb911ea","logger_name":"com.zaxxer.hikari.pool.HikariPool","thread_name":"DefaultDispatcher-worker-5 @coroutine#1057","level":"INFO","level_value":20000}
{"@timestamp":"2026-10-09T11:44:58.098240968-03:00","@version":"1","message":"saga-db-pool - Start completed.","logger_name":"com.zaxxer.hikari.HikariDataSource","thread_name":"DefaultDispatcher-worker-5 @coroutine#1057","level":"INFO","level_value":20000}

UPDATE SUMMARY
Run:                          2
Previously run:               9
Filtered out:                 0
-------------------------------
Total change sets:           11

{"@timestamp":"2026-10-09T11:44:58.170553896-03:00","@version":"1","message":"saga-db-pool - Shutdown initiated...","logger_name":"com.zaxxer.hikari.HikariDataSource","thread_name":"DefaultDispatcher-worker-5","level":"INFO","level_value":20000}
{"@timestamp":"2026-10-09T11:44:58.171128241-03:00","@version":"1","message":"saga-db-pool - Shutdown completed.","logger_name":"com.zaxxer.hikari.HikariDataSource","thread_name":"DefaultDispatcher-worker-5","level":"INFO","level_value":20000}
{"@timestamp":"2026-10-09T11:44:58.403450685-03:00","@version":"1","message":"Application started in 0.079 seconds.","logger_name":"io.ktor.test","thread_name":"DefaultDispatcher-worker-5 @call-context#1590","level":"INFO","level_value":20000}
{"@timestamp":"2026-10-09T11:44:58.403749049-03:00","@version":"1","message":"Responding at http://localhost:80","logger_name":"io.ktor.test","thread_name":"DefaultDispatcher-worker-12 @coroutine#1675","level":"INFO","level_value":20000}
{"@timestamp":"2026-10-09T11:44:58.403949428-03:00","@version":"1","message":"Responding at https://localhost:443","logger_name":"io.ktor.test","thread_name":"DefaultDispatcher-worker-12 @coroutine#1675","level":"INFO","level_value":20000}
{"@timestamp":"2026-10-09T11:44:58.416623246-03:00","@version":"1","message":"200 OK POST /workflows/run","logger_name":"io.ktor.test","thread_name":"DefaultDispatcher-worker-5 @request#1590","level":"INFO","level_value":20000,"traceId":"00000000000000000000000000000000","spanId":"0000000000000000"}
{"@timestamp":"2026-10-09T11:44:58.42311102-03:00","@version":"1","message":"200 OK GET /workflows/1d1f6de1-ff43-49df-ad6f-3922479753b8","logger_name":"io.ktor.test","thread_name":"DefaultDispatcher-worker-12 @request#1684","level":"INFO","level_value":20000,"traceId":"00000000000000000000000000000000","spanId":"0000000000000000"}
{"@timestamp":"2026-10-09T11:44:58.425527899-03:00","@version":"1","message":"node failed","logger_name":"run.trama.saga.workflow.TaskNodeHandler","thread_name":"DefaultDispatcher-worker-3 @coroutine#1664","level":"WARN","level_value":30000,"traceId":"00000000000000000000000000000000","spanId":"0000000000000000","sagaId":"802e330a-5e42-4149-a957-58ea0c8398fb","nodeId":"t1","phase":"UP","error":"Failed to connect to localhost/[0:0:0:0:0:0:0:1]:1"}
{"@timestamp":"2026-10-09T11:44:58.42765009-03:00","@version":"1","message":"compensation scheduled","logger_name":"run.trama.saga.workflow.WorkflowExecutor","thread_name":"DefaultDispatcher-worker-3 @coroutine#1664","level":"INFO","level_value":20000,"traceId":"00000000000000000000000000000000","spanId":"0000000000000000","sagaId":"802e330a-5e42-4149-a957-58ea0c8398fb","failedNodeId":"t1"}
{"@timestamp":"2026-10-09T11:44:58.470386618-03:00","@version":"1","message":"saga finished","logger_name":"run.trama.saga.workflow.WorkflowExecutor","thread_name":"DefaultDispatcher-worker-3 @coroutine#1665","level":"INFO","level_value":20000,"traceId":"00000000000000000000000000000000","spanId":"0000000000000000","sagaId":"802e330a-5e42-4149-a957-58ea0c8398fb","sagaName":"api-only-a92a9761-b21b-4405-ac02-59d762b9dedb","status":"FAILED","durationMs":387}
{"@timestamp":"2026-10-09T11:44:58.498520271-03:00","@version":"1","message":"saga finished","logger_name":"run.trama.saga.workflow.WorkflowExecutor","thread_name":"DefaultDispatcher-worker-12 @coroutine#1664","level":"INFO","level_value":20000,"traceId":"00000000000000000000000000000000","spanId":"0000000000000000","sagaId":"1d1f6de1-ff43-49df-ad6f-3922479753b8","sagaName":"tmpl-c0f1f75d","status":"SUCCEEDED","durationMs":92}
{"@timestamp":"2026-10-09T11:44:58.629004022-03:00","@version":"1","message":"200 OK GET /workflows/1d1f6de1-ff43-49df-ad6f-3922479753b8","logger_name":"io.ktor.test","thread_name":"DefaultDispatcher-worker-12 @request#1694","level":"INFO","level_value":20000,"traceId":"00000000000000000000000000000000","spanId":"0000000000000000"}
{"@timestamp":"2026-10-09T11:44:58.670505625-03:00","@version":"1","message":"saga-db-pool - Shutdown initiated...","logger_name":"com.zaxxer.hikari.HikariDataSource","thread_name":"DefaultDispatcher-worker-12","level":"INFO","level_value":20000}
{"@timestamp":"2026-10-09T11:44:58.671170402-03:00","@version":"1","message":"saga-db-pool - Shutdown completed.","logger_name":"com.zaxxer.hikari.HikariDataSource","thread_name":"DefaultDispatcher-worker-12","level":"INFO","level_value":20000}
{"@timestamp":"2026-10-09T11:44:58.756721494-03:00","@version":"1","message":"Application started in 0.076 seconds.","logger_name":"io.ktor.test","thread_name":"DefaultDispatcher-worker-12 @call-context#1702","level":"INFO","level_value":20000}
{"@timestamp":"2026-10-09T11:44:58.756966958-03:00","@version":"1","message":"Responding at http://localhost:80","logger_name":"io.ktor.test","thread_name":"DefaultDispatcher-worker-1 @coroutine#1787","level":"INFO","level_value":20000,"traceId":"00000000000000000000000000000000","spanId":"0000000000000000"}
{"@timestamp":"2026-10-09T11:44:58.757104087-03:00","@version":"1","message":"Responding at https://localhost:443","logger_name":"io.ktor.test","thread_name":"DefaultDispatcher-worker-1 @coroutine#1787","level":"INFO","level_value":20000,"traceId":"00000000000000000000000000000000","spanId":"0000000000000000"}
{"@timestamp":"2026-10-09T11:44:58.767313687-03:00","@version":"1","message":"200 OK POST /workflows/run","logger_name":"io.ktor.test","thread_name":"DefaultDispatcher-worker-8 @request#1702","level":"INFO","level_value":20000,"traceId":"00000000000000000000000000000000","spanId":"0000000000000000"}
{"@timestamp":"2026-10-09T11:44:58.777396397-03:00","@version":"1","message":"200 OK GET /workflows/75c58b2b-80bc-43c5-801f-e772ea017635","logger_name":"io.ktor.test","thread_name":"DefaultDispatcher-worker-8 @request#1794","level":"INFO","level_value":20000,"traceId":"00000000000000000000000000000000","spanId":"0000000000000000"}
{"@timestamp":"2026-10-09T11:44:58.826064638-03:00","@version":"1","message":"saga finished","logger_name":"run.trama.saga.workflow.WorkflowExecutor","thread_name":"DefaultDispatcher-worker-9 @coroutine#1776","level":"INFO","level_value":20000,"traceId":"00000000000000000000000000000000","spanId":"0000000000000000","sagaId":"75c58b2b-80bc-43c5-801f-e772ea017635","sagaName":"escape-f61b9563","status":"SUCCEEDED","durationMs":67}
{"@timestamp":"2026-10-09T11:44:58.983057912-03:00","@version":"1","message":"200 OK GET /workflows/75c58b2b-80bc-43c5-801f-e772ea017635","logger_name":"io.ktor.test","thread_name":"DefaultDispatcher-worker-9 @request#1801","level":"INFO","level_value":20000,"traceId":"00000000000000000000000000000000","spanId":"0000000000000000"}
{"@timestamp":"2026-10-09T11:44:59.020283278-03:00","@version":"1","message":"saga-db-pool - Shutdown initiated...","logger_name":"com.zaxxer.hikari.HikariDataSource","thread_name":"DefaultDispatcher-worker-8","level":"INFO","level_value":20000}
{"@timestamp":"2026-10-09T11:44:59.020820043-03:00","@version":"1","message":"saga-db-pool - Shutdown completed.","logger_name":"com.zaxxer.hikari.HikariDataSource","thread_name":"DefaultDispatcher-worker-8","level":"INFO","level_value":20000}
{"@timestamp":"2026-10-09T11:44:59.104070653-03:00","@version":"1","message":"Application started in 0.076 seconds.","logger_name":"io.ktor.test","thread_name":"DefaultDispatcher-worker-8 @call-context#1809","level":"INFO","level_value":20000}
{"@timestamp":"2026-10-09T11:44:59.104336816-03:00","@version":"1","message":"Responding at http://localhost:80","logger_name":"io.ktor.test","thread_name":"DefaultDispatcher-worker-2 @coroutine#1894","level":"INFO","level_value":20000}
{"@timestamp":"2026-10-09T11:44:59.104432327-03:00","@version":"1","message":"Responding at https://localhost:443","logger_name":"io.ktor.test","thread_name":"DefaultDispatcher-worker-2 @coroutine#1894","level":"INFO","level_value":20000}
{"@timestamp":"2026-10-09T11:44:59.123041241-03:00","@version":"1","message":"200 OK POST /workflows/run","logger_name":"io.ktor.test","thread_name":"DefaultDispatcher-worker-9 @request#1809","level":"INFO","level_value":20000,"traceId":"00000000000000000000000000000000","spanId":"0000000000000000"}
{"@timestamp":"2026-10-09T11:44:59.156340864-03:00","@version":"1","message":"async node waiting for callback","logger_name":"run.trama.saga.workflow.WorkflowExecutor","thread_name":"DefaultDispatcher-worker-9 @coroutine#1883","level":"INFO","level_value":20000,"traceId":"00000000000000000000000000000000","spanId":"0000000000000000","sagaId":"7c9fa5ed-4b27-44cb-8bc5-12345e572504","nodeId":"auth","deadlineAt":"2026-10-09T14:45:29.137837940Z"}
{"@timestamp":"2026-10-09T11:44:59.486307517-03:00","@version":"1","message":"callback received","logger_name":"run.trama.saga.callback.CallbackReceiver","thread_name":"DefaultDispatcher-worker-9 @request#1904","level":"INFO","level_value":20000,"traceId":"00000000000000000000000000000000","spanId":"0000000000000000","executionId":"7c9fa5ed-4b27-44cb-8bc5-12345e572504","nodeId":"auth","attempt":0,"isSuccess":false}
{"@timestamp":"2026-10-09T11:44:59.492140703-03:00","@version":"1","message":"async callback failure — compensation scheduled","logger_name":"run.trama.saga.callback.CallbackReceiver","thread_name":"DefaultDispatcher-worker-9 @request#1904","level":"INFO","level_value":20000,"traceId":"00000000000000000000000000000000","spanId":"0000000000000000","executionId":"7c9fa5ed-4b27-44cb-8bc5-12345e572504","nodeId":"auth"}
{"@timestamp":"2026-10-09T11:44:59.493019334-03:00","@version":"1","message":"202 Accepted POST /workflows/7c9fa5ed-4b27-44cb-8bc5-12345e572504/node/auth/callback","logger_name":"io.ktor.test","thread_name":"DefaultDispatcher-worker-9 @request#1904","level":"INFO","level_value":20000,"traceId":"00000000000000000000000000000000","spanId":"0000000000000000"}
{"@timestamp":"2026-10-09T11:44:59.499079519-03:00","@version":"1","message":"200 OK GET /workflows/7c9fa5ed-4b27-44cb-8bc5-12345e572504","logger_name":"io.ktor.test","thread_name":"DefaultDispatcher-worker-3 @request#1905","level":"INFO","level_value":20000,"traceId":"00000000000000000000000000000000","spanId":"0000000000000000"}
{"@timestamp":"2026-10-09T11:44:59.545214393-03:00","@version":"1","message":"saga finished","logger_name":"run.trama.saga.workflow.WorkflowExecutor","thread_name":"DefaultDispatcher-worker-4 @coroutine#1884","level":"INFO","level_value":20000,"traceId":"00000000000000000000000000000000","spanId":"0000000000000000","sagaId":"7c9fa5ed-4b27-44cb-8bc5-12345e572504","sagaName":"sw-no-d3e613a1","status":"FAILED","durationMs":437}
{"@timestamp":"2026-10-09T11:44:59.704669434-03:00","@version":"1","message":"200 OK GET /workflows/7c9fa5ed-4b27-44cb-8bc5-12345e572504","logger_name":"io.ktor.test","thread_name":"DefaultDispatcher-worker-4 @request#1909","level":"INFO","level_value":20000,"traceId":"00000000000000000000000000000000","spanId":"0000000000000000"}
{"@timestamp":"2026-10-09T11:44:59.740716491-03:00","@version":"1","message":"saga-db-pool - Shutdown initiated...","logger_name":"com.zaxxer.hikari.HikariDataSource","thread_name":"DefaultDispatcher-worker-1","level":"INFO","level_value":20000,"traceId":"00000000000000000000000000000000","spanId":"0000000000000000"}
{"@timestamp":"2026-10-09T11:44:59.741235472-03:00","@version":"1","message":"saga-db-pool - Shutdown completed.","logger_name":"com.zaxxer.hikari.HikariDataSource","thread_name":"DefaultDispatcher-worker-1","level":"INFO","level_value":20000,"traceId":"00000000000000000000000000000000","spanId":"0000000000000000"}
{"@timestamp":"2026-10-09T11:44:59.835664632-03:00","@version":"1","message":"Application started in 0.085 seconds.","logger_name":"io.ktor.test","thread_name":"DefaultDispatcher-worker-1 @call-context#1917","level":"INFO","level_value":20000,"traceId":"00000000000000000000000000000000","spanId":"0000000000000000"}
{"@timestamp":"2026-10-09T11:44:59.835937487-03:00","@version":"1","message":"Responding at http://localhost:80","logger_name":"io.ktor.test","thread_name":"DefaultDispatcher-worker-7 @coroutine#2002","level":"INFO","level_value":20000}
{"@timestamp":"2026-10-09T11:44:59.836015595-03:00","@version":"1","message":"Responding at https://localhost:443","logger_name":"io.ktor.test","thread_name":"DefaultDispatcher-worker-7 @coroutine#2002","level":"INFO","level_value":20000}
{"@timestamp":"2026-10-09T11:44:59.845556129-03:00","@version":"1","message":"200 OK POST /workflows/run","logger_name":"io.ktor.test","thread_name":"DefaultDispatcher-worker-3 @request#1917","level":"INFO","level_value":20000,"traceId":"00000000000000000000000000000000","spanId":"0000000000000000"}
{"@timestamp":"2026-10-09T11:44:59.855152077-03:00","@version":"1","message":"200 OK GET /workflows/1a437f12-e852-4412-8da7-71a3dda2ec07","logger_name":"io.ktor.test","thread_name":"DefaultDispatcher-worker-5 @request#2009","level":"INFO","level_value":20000,"traceId":"00000000000000000000000000000000","spanId":"0000000000000000"}
{"@timestamp":"2026-10-09T11:44:59.906202603-03:00","@version":"1","message":"saga split","logger_name":"run.trama.saga.workflow.WorkflowExecutor","thread_name":"DefaultDispatcher-worker-5 @coroutine#1991","level":"INFO","level_value":20000,"traceId":"00000000000000000000000000000000","spanId":"0000000000000000","sagaId":"1a437f12-e852-4412-8da7-71a3dda2ec07","nodeId":"fan","branchCount":2}
{"@timestamp":"2026-10-09T11:44:59.945062465-03:00","@version":"1","message":"saga sleeping","logger_name":"run.trama.saga.workflow.WorkflowExecutor","thread_name":"DefaultDispatcher-worker-3 @coroutine#1992","level":"INFO","level_value":20000,"traceId":"00000000000000000000000000000000","spanId":"0000000000000000","sagaId":"dc1e641f-ac55-3548-9c55-f1645be631ba","nodeId":"slow","wakeAt":"2026-10-09T14:45:01.442156563Z","delayMillis":1500}
{"@timestamp":"2026-10-09T11:44:59.956141086-03:00","@version":"1","message":"saga finished","logger_name":"run.trama.saga.workflow.WorkflowExecutor","thread_name":"DefaultDispatcher-worker-5 @coroutine#1991","level":"INFO","level_value":20000,"traceId":"00000000000000000000000000000000","spanId":"0000000000000000","sagaId":"5c6d042b-eebc-356c-9969-978b360fbe44","sagaName":"split-sleep-95ef6dd7","status":"SUCCEEDED","durationMs":117}
{"@timestamp":"2026-10-09T11:45:00.060387363-03:00","@version":"1","message":"200 OK GET /workflows/1a437f12-e852-4412-8da7-71a3dda2ec07","logger_name":"io.ktor.test","thread_name":"DefaultDispatcher-worker-5 @request#2016","level":"INFO","level_value":20000,"traceId":"00000000000000000000000000000000","spanId":"0000000000000000"}
{"@timestamp":"2026-10-09T11:45:00.266908957-03:00","@version":"1","message":"200 OK GET /workflows/1a437f12-e852-4412-8da7-71a3dda2ec07","logger_name":"io.ktor.test","thread_name":"DefaultDispatcher-worker-5 @request#2020","level":"INFO","level_value":20000,"traceId":"00000000000000000000000000000000","spanId":"0000000000000000"}
{"@timestamp":"2026-10-09T11:45:00.472200075-03:00","@version":"1","message":"200 OK GET /workflows/1a437f12-e852-4412-8da7-71a3dda2ec07","logger_name":"io.ktor.test","thread_name":"DefaultDispatcher-worker-3 @request#2024","level":"INFO","level_value":20000,"traceId":"00000000000000000000000000000000","spanId":"0000000000000000"}
{"@timestamp":"2026-10-09T11:45:00.67787573-03:00","@version":"1","message":"200 OK GET /workflows/1a437f12-e852-4412-8da7-71a3dda2ec07","logger_name":"io.ktor.test","thread_name":"DefaultDispatcher-worker-8 @request#2028","level":"INFO","level_value":20000,"traceId":"00000000000000000000000000000000","spanId":"0000000000000000"}
{"@timestamp":"2026-10-09T11:45:00.884041561-03:00","@version":"1","message":"200 OK GET /workflows/1a437f12-e852-4412-8da7-71a3dda2ec07","logger_name":"io.ktor.test","thread_name":"DefaultDispatcher-worker-8 @request#2032","level":"INFO","level_value":20000,"traceId":"00000000000000000000000000000000","spanId":"0000000000000000"}
{"@timestamp":"2026-10-09T11:45:01.089585884-03:00","@version":"1","message":"200 OK GET /workflows/1a437f12-e852-4412-8da7-71a3dda2ec07","logger_name":"io.ktor.test","thread_name":"DefaultDispatcher-worker-3 @request#2036","level":"INFO","level_value":20000,"traceId":"00000000000000000000000000000000","spanId":"0000000000000000"}
{"@timestamp":"2026-10-09T11:45:01.295913838-03:00","@version":"1","message":"200 OK GET /workflows/1a437f12-e852-4412-8da7-71a3dda2ec07","logger_name":"io.ktor.test","thread_name":"DefaultDispatcher-worker-11 @request#2040","level":"INFO","level_value":20000,"traceId":"00000000000000000000000000000000","spanId":"0000000000000000"}
{"@timestamp":"2026-10-09T11:45:01.469257106-03:00","@version":"1","message":"saga waking up","logger_name":"run.trama.saga.workflow.WorkflowExecutor","thread_name":"DefaultDispatcher-worker-8 @coroutine#1992","level":"INFO","level_value":20000,"traceId":"00000000000000000000000000000000","spanId":"0000000000000000","sagaId":"dc1e641f-ac55-3548-9c55-f1645be631ba","nextNodeId":"slow-task"}
{"@timestamp":"2026-10-09T11:45:01.478230334-03:00","@version":"1","message":"saga finished","logger_name":"run.trama.saga.workflow.WorkflowExecutor","thread_name":"DefaultDispatcher-worker-11 @coroutine#1992","level":"INFO","level_value":20000,"traceId":"00000000000000000000000000000000","spanId":"0000000000000000","sagaId":"dc1e641f-ac55-3548-9c55-f1645be631ba","sagaName":"split-sleep-95ef6dd7","status":"SUCCEEDED","durationMs":1639}
{"@timestamp":"2026-10-09T11:45:01.49836658-03:00","@version":"1","message":"join barrier satisfied","logger_name":"run.trama.saga.workflow.WorkflowExecutor","thread_name":"DefaultDispatcher-worker-11 @coroutine#1992","level":"INFO","level_value":20000,"traceId":"00000000000000000000000000000000","spanId":"0000000000000000","sagaId":"1a437f12-e852-4412-8da7-71a3dda2ec07","splitNodeId":"fan","joinNodeId":"fan-in","allSucceeded":true}
{"@timestamp":"2026-10-09T11:45:01.506185857-03:00","@version":"1","message":"200 OK GET /workflows/1a437f12-e852-4412-8da7-71a3dda2ec07","logger_name":"io.ktor.test","thread_name":"DefaultDispatcher-worker-7 @request#2047","level":"INFO","level_value":20000,"traceId":"00000000000000000000000000000000","spanId":"0000000000000000"}
{"@timestamp":"2026-10-09T11:45:01.524915674-03:00","@version":"1","message":"saga finished","logger_name":"run.trama.saga.workflow.WorkflowExecutor","thread_name":"DefaultDispatcher-worker-11 @coroutine#1991","level":"INFO","level_value":20000,"traceId":"00000000000000000000000000000000","spanId":"0000000000000000","sagaId":"1a437f12-e852-4412-8da7-71a3dda2ec07","sagaName":"split-sleep-95ef6dd7","status":"SUCCEEDED","durationMs":1686}
{"@timestamp":"2026-10-09T11:45:01.710894381-03:00","@version":"1","message":"200 OK GET /workflows/1a437f12-e852-4412-8da7-71a3dda2ec07","logger_name":"io.ktor.test","thread_name":"DefaultDispatcher-worker-7 @request#2054","level":"INFO","level_value":20000,"traceId":"00000000000000000000000000000000","spanId":"0000000000000000"}
{"@timestamp":"2026-10-09T11:45:01.717271363-03:00","@version":"1","message":"saga-db-pool - Shutdown initiated...","logger_name":"com.zaxxer.hikari.HikariDataSource","thread_name":"DefaultDispatcher-worker-7","level":"INFO","level_value":20000}
{"@timestamp":"2026-10-09T11:45:01.717725732-03:00","@version":"1","message":"saga-db-pool - Shutdown completed.","logger_name":"com.zaxxer.hikari.HikariDataSource","thread_name":"DefaultDispatcher-worker-7","level":"INFO","level_value":20000}
{"@timestamp":"2026-10-09T11:45:01.797398924-03:00","@version":"1","message":"Application started in 0.072 seconds.","logger_name":"io.ktor.test","thread_name":"DefaultDispatcher-worker-7 @call-context#2062","level":"INFO","level_value":20000}
{"@timestamp":"2026-10-09T11:45:01.797731132-03:00","@version":"1","message":"Responding at http://localhost:80","logger_name":"io.ktor.test","thread_name":"DefaultDispatcher-worker-11 @coroutine#2147","level":"INFO","level_value":20000}
{"@timestamp":"2026-10-09T11:45:01.797835029-03:00","@version":"1","message":"Responding at https://localhost:443","logger_name":"io.ktor.test","thread_name":"DefaultDispatcher-worker-11 @coroutine#2147","level":"INFO","level_value":20000}
{"@timestamp":"2026-10-09T11:45:01.808420955-03:00","@version":"1","message":"200 OK POST /workflows/run","logger_name":"io.ktor.test","thread_name":"DefaultDispatcher-worker-5 @request#2062","level":"INFO","level_value":20000,"traceId":"00000000000000000000000000000000","spanId":"0000000000000000"}
{"@timestamp":"2026-10-09T11:45:01.8182021-03:00","@version":"1","message":"200 OK GET /workflows/59f6e808-4ca2-47d5-9d47-03be64abac59","logger_name":"io.ktor.test","thread_name":"DefaultDispatcher-worker-2 @request#2154","level":"INFO","level_value":20000,"traceId":"00000000000000000000000000000000","spanId":"0000000000000000"}
{"@timestamp":"2026-10-09T11:45:01.862447398-03:00","@version":"1","message":"saga finished","logger_name":"run.trama.saga.workflow.WorkflowExecutor","thread_name":"DefaultDispatcher-worker-7 @coroutine#2137","level":"INFO","level_value":20000,"traceId":"00000000000000000000000000000000","spanId":"0000000000000000","sagaId":"59f6e808-4ca2-47d5-9d47-03be64abac59","sagaName":"typed-b615b962","status":"SUCCEEDED","durationMs":62}
{"@timestamp":"2026-10-09T11:45:02.022753664-03:00","@version":"1","message":"200 OK GET /workflows/59f6e808-4ca2-47d5-9d47-03be64abac59","logger_name":"io.ktor.test","thread_name":"DefaultDispatcher-worker-7 @request#2161","level":"INFO","level_value":20000,"traceId":"00000000000000000000000000000000","spanId":"0000000000000000"}
{"@timestamp":"2026-10-09T11:45:02.060923124-03:00","@version":"1","message":"saga-db-pool - Shutdown initiated...","logger_name":"com.zaxxer.hikari.HikariDataSource","thread_name":"DefaultDispatcher-worker-4","level":"INFO","level_value":20000}
{"@timestamp":"2026-10-09T11:45:02.061397991-03:00","@version":"1","message":"saga-db-pool - Shutdown completed.","logger_name":"com.zaxxer.hikari.HikariDataSource","thread_name":"DefaultDispatcher-worker-4","level":"INFO","level_value":20000}
{"@timestamp":"2026-10-09T11:45:02.129576499-03:00","@version":"1","message":"Application started in 0.06 seconds.","logger_name":"io.ktor.test","thread_name":"DefaultDispatcher-worker-4 @call-context#2169","level":"INFO","level_value":20000}
{"@timestamp":"2026-10-09T11:45:02.129833495-03:00","@version":"1","message":"Responding at http://localhost:80","logger_name":"io.ktor.test","thread_name":"DefaultDispatcher-worker-6 @coroutine#2254","level":"INFO","level_value":20000}
{"@timestamp":"2026-10-09T11:45:02.129894059-03:00","@version":"1","message":"Responding at https://localhost:443","logger_name":"io.ktor.test","thread_name":"DefaultDispatcher-worker-6 @coroutine#2254","level":"INFO","level_value":20000}
{"@timestamp":"2026-10-09T11:45:02.14014472-03:00","@version":"1","message":"200 OK POST /workflows/run","logger_name":"io.ktor.test","thread_name":"DefaultDispatcher-worker-8 @request#2169","level":"INFO","level_value":20000,"traceId":"00000000000000000000000000000000","spanId":"0000000000000000"}
{"@timestamp":"2026-10-09T11:45:02.151167781-03:00","@version":"1","message":"200 OK GET /workflows/dc2c3f75-15e8-44f7-9136-6fedbeba4a01","logger_name":"io.ktor.test","thread_name":"DefaultDispatcher-worker-5 @request#2261","level":"INFO","level_value":20000,"traceId":"00000000000000000000000000000000","spanId":"0000000000000000"}
{"@timestamp":"2026-10-09T11:45:02.193287585-03:00","@version":"1","message":"retry scheduled","logger_name":"run.trama.saga.workflow.WorkflowExecutor","thread_name":"DefaultDispatcher-worker-8 @coroutine#2243","level":"INFO","level_value":20000,"traceId":"00000000000000000000000000000000","spanId":"0000000000000000","sagaId":"dc2c3f75-15e8-44f7-9136-6fedbeba4a01","delayMillis":10,"attempt":1}
{"@timestamp":"2026-10-09T11:45:02.244049982-03:00","@version":"1","message":"retry scheduled","logger_name":"run.trama.saga.workflow.WorkflowExecutor","thread_name":"DefaultDispatcher-worker-8 @coroutine#2244","level":"INFO","level_value":20000,"traceId":"00000000000000000000000000000000","spanId":"0000000000000000","sagaId":"dc2c3f75-15e8-44f7-9136-6fedbeba4a01","delayMillis":10,"attempt":2}
{"@timestamp":"2026-10-09T11:45:02.295341649-03:00","@version":"1","message":"compensation scheduled","logger_name":"run.trama.saga.workflow.WorkflowExecutor","thread_name":"DefaultDispatcher-worker-5 @coroutine#2243","level":"INFO","level_value":20000,"traceId":"00000000000000000000000000000000","spanId":"0000000000000000","sagaId":"dc2c3f75-15e8-44f7-9136-6fedbeba4a01","failedNodeId":"a"}
{"@timestamp":"2026-10-09T11:45:02.350860444-03:00","@version":"1","message":"saga finished","logger_name":"run.trama.saga.workflow.WorkflowExecutor","thread_name":"DefaultDispatcher-worker-8 @coroutine#2244","level":"INFO","level_value":20000,"traceId":"00000000000000000000000000000000","spanId":"0000000000000000","sagaId":"dc2c3f75-15e8-44f7-9136-6fedbeba4a01","sagaName":"missing-json-4c07453a","status":"FAILED","durationMs":219}
{"@timestamp":"2026-10-09T11:45:02.355415391-03:00","@version":"1","message":"200 OK GET /workflows/dc2c3f75-15e8-44f7-9136-6fedbeba4a01","logger_name":"io.ktor.test","thread_name":"DefaultDispatcher-worker-8 @request#2265","level":"INFO","level_value":20000,"traceId":"00000000000000000000000000000000","spanId":"0000000000000000"}
{"@timestamp":"2026-10-09T11:45:02.397361217-03:00","@version":"1","message":"saga-db-pool - Shutdown initiated...","logger_name":"com.zaxxer.hikari.HikariDataSource","thread_name":"DefaultDispatcher-worker-8","level":"INFO","level_value":20000}
{"@timestamp":"2026-10-09T11:45:02.398016966-03:00","@version":"1","message":"saga-db-pool - Shutdown completed.","logger_name":"com.zaxxer.hikari.HikariDataSource","thread_name":"DefaultDispatcher-worker-8","level":"INFO","level_value":20000}
{"@timestamp":"2026-10-09T11:45:02.476475641-03:00","@version":"1","message":"Application started in 0.07 seconds.","logger_name":"io.ktor.test","thread_name":"DefaultDispatcher-worker-8 @call-context#2273","level":"INFO","level_value":20000}
{"@timestamp":"2026-10-09T11:45:02.47670799-03:00","@version":"1","message":"Responding at http://localhost:80","logger_name":"io.ktor.test","thread_name":"DefaultDispatcher-worker-1 @coroutine#2358","level":"INFO","level_value":20000,"traceId":"00000000000000000000000000000000","spanId":"0000000000000000"}
{"@timestamp":"2026-10-09T11:45:02.476810825-03:00","@version":"1","message":"Responding at https://localhost:443","logger_name":"io.ktor.test","thread_name":"DefaultDispatcher-worker-1 @coroutine#2358","level":"INFO","level_value":20000,"traceId":"00000000000000000000000000000000","spanId":"0000000000000000"}
{"@timestamp":"2026-10-09T11:45:02.484487942-03:00","@version":"1","message":"200 OK POST /workflows/run","logger_name":"io.ktor.test","thread_name":"DefaultDispatcher-worker-8 @request#2273","level":"INFO","level_value":20000,"traceId":"00000000000000000000000000000000","spanId":"0000000000000000"}
{"@timestamp":"2026-10-09T11:45:02.494741428-03:00","@version":"1","message":"200 OK GET /workflows/b6ecf723-d101-41d4-9f5d-84907f3802ed","logger_name":"io.ktor.test","thread_name":"DefaultDispatcher-worker-3 @request#2365","level":"INFO","level_value":20000,"traceId":"00000000000000000000000000000000","spanId":"0000000000000000"}
{"@timestamp":"2026-10-09T11:45:02.536487527-03:00","@version":"1","message":"node completed","logger_name":"run.trama.saga.workflow.TaskNodeHandler","thread_name":"DefaultDispatcher-worker-3 @coroutine#2347","level":"INFO","level_value":20000,"traceId":"00000000000000000000000000000000","spanId":"0000000000000000","sagaId":"b6ecf723-d101-41d4-9f5d-84907f3802ed","nodeId":"x","phase":"UP","status":500}
{"@timestamp":"2026-10-09T11:45:02.538691572-03:00","@version":"1","message":"retry scheduled","logger_name":"run.trama.saga.workflow.WorkflowExecutor","thread_name":"DefaultDispatcher-worker-3 @coroutine#2347","level":"INFO","level_value":20000,"traceId":"00000000000000000000000000000000","spanId":"0000000000000000","sagaId":"b6ecf723-d101-41d4-9f5d-84907f3802ed","delayMillis":300,"attempt":1}
{"@timestamp":"2026-10-09T11:45:02.700252937-03:00","@version":"1","message":"200 OK GET /workflows/b6ecf723-d101-41d4-9f5d-84907f3802ed","logger_name":"io.ktor.test","thread_name":"DefaultDispatcher-worker-3 @request#2372","level":"INFO","level_value":20000,"traceId":"00000000000000000000000000000000","spanId":"0000000000000000"}
{"@timestamp":"2026-10-09T11:45:02.891965811-03:00","@version":"1","message":"node completed","logger_name":"run.trama.saga.workflow.TaskNodeHandler","thread_name":"DefaultDispatcher-worker-10 @coroutine#2348","level":"INFO","level_value":20000,"traceId":"00000000000000000000000000000000","spanId":"0000000000000000","sagaId":"b6ecf723-d101-41d4-9f5d-84907f3802ed","nodeId":"x","phase":"UP","status":500}
{"@timestamp":"2026-10-09T11:45:02.892939411-03:00","@version":"1","message":"retry scheduled","logger_name":"run.trama.saga.workflow.WorkflowExecutor","thread_name":"DefaultDispatcher-worker-10 @coroutine#2348","level":"INFO","level_value":20000,"traceId":"00000000000000000000000000000000","spanId":"0000000000000000","sagaId":"b6ecf723-d101-41d4-9f5d-84907f3802ed","delayMillis":600,"attempt":2}
{"@timestamp":"2026-10-09T11:45:02.905229075-03:00","@version":"1","message":"200 OK GET /workflows/b6ecf723-d101-41d4-9f5d-84907f3802ed","logger_name":"io.ktor.test","thread_name":"DefaultDispatcher-worker-10 @request#2379","level":"INFO","level_value":20000,"traceId":"00000000000000000000000000000000","spanId":"0000000000000000"}
{"@timestamp":"2026-10-09T11:45:03.110449155-03:00","@version":"1","message":"200 OK GET /workflows/b6ecf723-d101-41d4-9f5d-84907f3802ed","logger_name":"io.ktor.test","thread_name":"DefaultDispatcher-worker-3 @request#2383","level":"INFO","level_value":20000,"traceId":"00000000000000000000000000000000","spanId":"0000000000000000"}
{"@timestamp":"2026-10-09T11:45:03.31591754-03:00","@version":"1","message":"200 OK GET /workflows/b6ecf723-d101-41d4-9f5d-84907f3802ed","logger_name":"io.ktor.test","thread_name":"DefaultDispatcher-worker-9 @request#2387","level":"INFO","level_value":20000,"traceId":"00000000000000000000000000000000","spanId":"0000000000000000"}
{"@timestamp":"2026-10-09T11:45:03.521687595-03:00","@version":"1","message":"200 OK GET /workflows/b6ecf723-d101-41d4-9f5d-84907f3802ed","logger_name":"io.ktor.test","thread_name":"DefaultDispatcher-worker-3 @request#2391","level":"INFO","level_value":20000,"traceId":"00000000000000000000000000000000","spanId":"0000000000000000"}
{"@timestamp":"2026-10-09T11:45:03.55101979-03:00","@version":"1","message":"node completed","logger_name":"run.trama.saga.workflow.TaskNodeHandler","thread_name":"DefaultDispatcher-worker-1 @coroutine#2347","level":"INFO","level_value":20000,"traceId":"00000000000000000000000000000000","spanId":"0000000000000000","sagaId":"b6ecf723-d101-41d4-9f5d-84907f3802ed","nodeId":"x","phase":"UP","status":500}
{"@timestamp":"2026-10-09T11:45:03.552029318-03:00","@version":"1","message":"compensation scheduled","logger_name":"run.trama.saga.workflow.WorkflowExecutor","thread_name":"DefaultDispatcher-worker-3 @coroutine#2347","level":"INFO","level_value":20000,"traceId":"00000000000000000000000000000000","spanId":"0000000000000000","sagaId":"b6ecf723-d101-41d4-9f5d-84907f3802ed","failedNodeId":"x"}
{"@timestamp":"2026-10-09T11:45:03.604581378-03:00","@version":"1","message":"saga finished","logger_name":"run.trama.saga.workflow.WorkflowExecutor","thread_name":"DefaultDispatcher-worker-3 @coroutine#2348","level":"INFO","level_value":20000,"traceId":"00000000000000000000000000000000","spanId":"0000000000000000","sagaId":"b6ecf723-d101-41d4-9f5d-84907f3802ed","sagaName":"backoff-4271d004","status":"FAILED","durationMs":1125}
{"@timestamp":"2026-10-09T11:45:03.726792884-03:00","@version":"1","message":"200 OK GET /workflows/b6ecf723-d101-41d4-9f5d-84907f3802ed","logger_name":"io.ktor.test","thread_name":"DefaultDispatcher-worker-11 @request#2398","level":"INFO","level_value":20000,"traceId":"00000000000000000000000000000000","spanId":"0000000000000000"}
{"@timestamp":"2026-10-09T11:45:03.749521541-03:00","@version":"1","message":"saga-db-pool - Shutdown initiated...","logger_name":"com.zaxxer.hikari.HikariDataSource","thread_name":"DefaultDispatcher-worker-11","level":"INFO","level_value":20000}
{"@timestamp":"2026-10-09T11:45:03.75008185-03:00","@version":"1","message":"saga-db-pool - Shutdown completed.","logger_name":"com.zaxxer.hikari.HikariDataSource","thread_name":"DefaultDispatcher-worker-11","level":"INFO","level_value":20000}
{"@timestamp":"2026-10-09T11:45:03.842356589-03:00","@version":"1","message":"Application started in 0.084 seconds.","logger_name":"io.ktor.test","thread_name":"DefaultDispatcher-worker-11 @call-context#2406","level":"INFO","level_value":20000}
{"@timestamp":"2026-10-09T11:45:03.842644082-03:00","@version":"1","message":"Responding at http://localhost:80","logger_name":"io.ktor.test","thread_name":"DefaultDispatcher-worker-6 @coroutine#2491","level":"INFO","level_value":20000}
{"@timestamp":"2026-10-09T11:45:03.842719805-03:00","@version":"1","message":"Responding at https://localhost:443","logger_name":"io.ktor.test","thread_name":"DefaultDispatcher-worker-6 @coroutine#2491","level":"INFO","level_value":20000}
{"@timestamp":"2026-10-09T11:45:03.853175962-03:00","@version":"1","message":"200 OK POST /workflows/run","logger_name":"io.ktor.test","thread_name":"DefaultDispatcher-worker-11 @request#2406","level":"INFO","level_value":20000,"traceId":"00000000000000000000000000000000","spanId":"0000000000000000"}
{"@timestamp":"2026-10-09T11:45:03.862792984-03:00","@version":"1","message":"200 OK GET /workflows/8a593eb3-2d86-4c30-a8eb-3bcd2e3fe4eb","logger_name":"io.ktor.test","thread_name":"DefaultDispatcher-worker-12 @request#2498","level":"INFO","level_value":20000,"traceId":"00000000000000000000000000000000","spanId":"0000000000000000"}
{"@timestamp":"2026-10-09T11:45:03.903128541-03:00","@version":"1","message":"switch evaluated","logger_name":"run.trama.saga.workflow.WorkflowExecutor","thread_name":"DefaultDispatcher-worker-8 @coroutine#2480","level":"INFO","level_value":20000,"traceId":"00000000000000000000000000000000","spanId":"0000000000000000","sagaId":"8a593eb3-2d86-4c30-a8eb-3bcd2e3fe4eb","nodeId":"route","target":"pix","matchedCase":"pix","usedDefault":false}
{"@timestamp":"2026-10-09T11:45:03.915613572-03:00","@version":"1","message":"saga finished","logger_name":"run.trama.saga.workflow.WorkflowExecutor","thread_name":"DefaultDispatcher-worker-4 @coroutine#2480","level":"INFO","level_value":20000,"traceId":"00000000000000000000000000000000","spanId":"0000000000000000","sagaId":"8a593eb3-2d86-4c30-a8eb-3bcd2e3fe4eb","sagaName":"switch-input-64b3e3ae","status":"SUCCEEDED","durationMs":69}
{"@timestamp":"2026-10-09T11:45:04.068188832-03:00","@version":"1","message":"200 OK GET /workflows/8a593eb3-2d86-4c30-a8eb-3bcd2e3fe4eb","logger_name":"io.ktor.test","thread_name":"DefaultDispatcher-worker-8 @request#2505","level":"INFO","level_value":20000,"traceId":"00000000000000000000000000000000","spanId":"0000000000000000"}
{"@timestamp":"2026-10-09T11:45:04.10384492-03:00","@version":"1","message":"saga-db-pool - Shutdown initiated...","logger_name":"com.zaxxer.hikari.HikariDataSource","thread_name":"DefaultDispatcher-worker-8","level":"INFO","level_value":20000}
{"@timestamp":"2026-10-09T11:45:04.104833688-03:00","@version":"1","message":"saga-db-pool - Shutdown completed.","logger_name":"com.zaxxer.hikari.HikariDataSource","thread_name":"DefaultDispatcher-worker-8","level":"INFO","level_value":20000}
{"@timestamp":"2026-10-09T11:45:04.180078656-03:00","@version":"1","message":"Application started in 0.066 seconds.","logger_name":"io.ktor.test","thread_name":"DefaultDispatcher-worker-8 @call-context#2513","level":"INFO","level_value":20000}
{"@timestamp":"2026-10-09T11:45:04.180272733-03:00","@version":"1","message":"Responding at http://localhost:80","logger_name":"io.ktor.test","thread_name":"DefaultDispatcher-worker-2 @coroutine#2598","level":"INFO","level_value":20000}
{"@timestamp":"2026-10-09T11:45:04.180330753-03:00","@version":"1","message":"Responding at https://localhost:443","logger_name":"io.ktor.test","thread_name":"DefaultDispatcher-worker-2 @coroutine#2598","level":"INFO","level_value":20000}
{"@timestamp":"2026-10-09T11:45:04.188590459-03:00","@version":"1","message":"200 OK POST /workflows/run","logger_name":"io.ktor.test","thread_name":"DefaultDispatcher-worker-8 @request#2513","level":"INFO","level_value":20000,"traceId":"00000000000000000000000000000000","spanId":"0000000000000000"}
{"@timestamp":"2026-10-09T11:45:04.251375294-03:00","@version":"1","message":"saga split","logger_name":"run.trama.saga.workflow.WorkflowExecutor","thread_name":"DefaultDispatcher-worker-2 @coroutine#2587","level":"INFO","level_value":20000,"traceId":"00000000000000000000000000000000","spanId":"0000000000000000","sagaId":"76bfbbdd-7dba-4f78-a8f1-0b54fb196189","nodeId":"fan","branchCount":2}
{"@timestamp":"2026-10-09T11:45:04.315443835-03:00","@version":"1","message":"async node waiting for callback","logger_name":"run.trama.saga.workflow.WorkflowExecutor","thread_name":"DefaultDispatcher-worker-2 @coroutine#2588","level":"INFO","level_value":20000,"traceId":"00000000000000000000000000000000","spanId":"0000000000000000","sagaId":"545ca031-98c1-3ca0-89ee-73086d52bdc4","nodeId":"ext","deadlineAt":"2026-10-09T14:45:34.291943584Z"}
{"@timestamp":"2026-10-09T11:45:04.32267092-03:00","@version":"1","message":"saga finished","logger_name":"run.trama.saga.workflow.WorkflowExecutor","thread_name":"DefaultDispatcher-worker-10 @coroutine#2587","level":"INFO","level_value":20000,"traceId":"00000000000000000000000000000000","spanId":"0000000000000000","sagaId":"d448e194-f914-3620-a0e4-dc7365559bd3","sagaName":"split-async-last-a4f175be","status":"SUCCEEDED","durationMs":140}
{"@timestamp":"2026-10-09T11:45:05.34668513-03:00","@version":"1","message":"callback received","logger_name":"run.trama.saga.callback.CallbackReceiver","thread_name":"DefaultDispatcher-worker-3 @request#2611","level":"INFO","level_value":20000,"traceId":"00000000000000000000000000000000","spanId":"0000000000000000","executionId":"545ca031-98c1-3ca0-89ee-73086d52bdc4","nodeId":"ext","attempt":0,"isSuccess":true}
{"@timestamp":"2026-10-09T11:45:05.349595018-03:00","@version":"1","message":"saga succeeded via async callback","logger_name":"run.trama.saga.callback.CallbackReceiver","thread_name":"DefaultDispatcher-worker-3 @request#2611","level":"INFO","level_value":20000,"traceId":"00000000000000000000000000000000","spanId":"0000000000000000","executionId":"545ca031-98c1-3ca0-89ee-73086d52bdc4","nodeId":"ext"}
{"@timestamp":"2026-10-09T11:45:05.349995424-03:00","@version":"1","message":"202 Accepted POST /workflows/545ca031-98c1-3ca0-89ee-73086d52bdc4/node/ext/callback","logger_name":"io.ktor.test","thread_name":"DefaultDispatcher-worker-3 @request#2611","level":"INFO","level_value":20000,"traceId":"00000000000000000000000000000000","spanId":"0000000000000000"}
{"@timestamp":"2026-10-09T11:45:05.354415986-03:00","@version":"1","message":"200 OK GET /workflows/76bfbbdd-7dba-4f78-a8f1-0b54fb196189","logger_name":"io.ktor.test","thread_name":"DefaultDispatcher-worker-3 @request#2612","level":"INFO","level_value":20000,"traceId":"00000000000000000000000000000000","spanId":"0000000000000000"}
{"@timestamp":"2026-10-09T11:45:05.407665657-03:00","@version":"1","message":"saga finished","logger_name":"run.trama.saga.workflow.WorkflowExecutor","thread_name":"DefaultDispatcher-worker-6 @coroutine#2588","level":"INFO","level_value":20000,"traceId":"00000000000000000000000000000000","spanId":"0000000000000000","sagaId":"545ca031-98c1-3ca0-89ee-73086d52bdc4","sagaName":"split-async-last-a4f175be","status":"SUCCEEDED","durationMs":1225}
{"@timestamp":"2026-10-09T11:45:05.413478089-03:00","@version":"1","message":"join barrier satisfied","logger_name":"run.trama.saga.workflow.WorkflowExecutor","thread_name":"DefaultDispatcher-worker-3 @coroutine#2588","level":"INFO","level_value":20000,"traceId":"00000000000000000000000000000000","spanId":"0000000000000000","sagaId":"76bfbbdd-7dba-4f78-a8f1-0b54fb196189","splitNodeId":"fan","joinNodeId":"fan-in","allSucceeded":true}
{"@timestamp":"2026-10-09T11:45:05.46126504-03:00","@version":"1","message":"saga finished","logger_name":"run.trama.saga.workflow.WorkflowExecutor","thread_name":"DefaultDispatcher-worker-2 @coroutine#2587","level":"INFO","level_value":20000,"traceId":"00000000000000000000000000000000","spanId":"0000000000000000","sagaId":"76bfbbdd-7dba-4f78-a8f1-0b54fb196189","sagaName":"split-async-last-a4f175be","status":"SUCCEEDED","durationMs":1279}
{"@timestamp":"2026-10-09T11:45:05.559106476-03:00","@version":"1","message":"200 OK GET /workflows/76bfbbdd-7dba-4f78-a8f1-0b54fb196189","logger_name":"io.ktor.test","thread_name":"DefaultDispatcher-worker-10 @request#2619","level":"INFO","level_value":20000,"traceId":"00000000000000000000000000000000","spanId":"0000000000000000"}
{"@timestamp":"2026-10-09T11:45:05.603990463-03:00","@version":"1","message":"saga-db-pool - Shutdown initiated...","logger_name":"com.zaxxer.hikari.HikariDataSource","thread_name":"DefaultDispatcher-worker-10","level":"INFO","level_value":20000}
{"@timestamp":"2026-10-09T11:45:05.604490858-03:00","@version":"1","message":"saga-db-pool - Shutdown completed.","logger_name":"com.zaxxer.hikari.HikariDataSource","thread_name":"DefaultDispatcher-worker-10","level":"INFO","level_value":20000}
{"@timestamp":"2026-10-09T11:45:05.673625751-03:00","@version":"1","message":"Application started in 0.061 seconds.","logger_name":"io.ktor.test","thread_name":"DefaultDispatcher-worker-10 @call-context#2627","level":"INFO","level_value":20000}
{"@timestamp":"2026-10-09T11:45:05.673842891-03:00","@version":"1","message":"Responding at http://localhost:80","logger_name":"io.ktor.test","thread_name":"DefaultDispatcher-worker-12 @coroutine#2712","level":"INFO","level_value":20000}
{"@timestamp":"2026-10-09T11:45:05.67390591-03:00","@version":"1","message":"Responding at https://localhost:443","logger_name":"io.ktor.test","thread_name":"DefaultDispatcher-worker-12 @coroutine#2712","level":"INFO","level_value":20000}
{"@timestamp":"2026-10-09T11:45:05.68356065-03:00","@version":"1","message":"200 OK POST /workflows/run","logger_name":"io.ktor.test","thread_name":"DefaultDispatcher-worker-10 @request#2627","level":"INFO","level_value":20000,"traceId":"00000000000000000000000000000000","spanId":"0000000000000000"}
{"@timestamp":"2026-10-09T11:45:05.693898581-03:00","@version":"1","message":"200 OK GET /workflows/873bf026-c225-459a-b0ff-faa3d89a7bea","logger_name":"io.ktor.test","thread_name":"DefaultDispatcher-worker-11 @request#2719","level":"INFO","level_value":20000,"traceId":"00000000000000000000000000000000","spanId":"0000000000000000"}
{"@timestamp":"2026-10-09T11:45:05.743173574-03:00","@version":"1","message":"saga split","logger_name":"run.trama.saga.workflow.WorkflowExecutor","thread_name":"DefaultDispatcher-worker-11 @coroutine#2701","level":"INFO","level_value":20000,"traceId":"00000000000000000000000000000000","spanId":"0000000000000000","sagaId":"873bf026-c225-459a-b0ff-faa3d89a7bea","nodeId":"outer","branchCount":2}
{"@timestamp":"2026-10-09T11:45:05.791739196-03:00","@version":"1","message":"saga split","logger_name":"run.trama.saga.workflow.WorkflowExecutor","thread_name":"DefaultDispatcher-worker-4 @coroutine#2702","level":"INFO","level_value":20000,"traceId":"00000000000000000000000000000000","spanId":"0000000000000000","sagaId":"17e2c4b8-548b-37fc-8258-ce6d2c888fbf","nodeId":"inner","branchCount":2}
{"@timestamp":"2026-10-09T11:45:05.803250313-03:00","@version":"1","message":"saga finished","logger_name":"run.trama.saga.workflow.WorkflowExecutor","thread_name":"DefaultDispatcher-worker-10 @coroutine#2701","level":"INFO","level_value":20000,"traceId":"00000000000000000000000000000000","spanId":"0000000000000000","sagaId":"158b575d-8489-3377-9944-f441fb03aeb8","sagaName":"nested-split-1ef8ba50","status":"SUCCEEDED","durationMs":127}
{"@timestamp":"2026-10-09T11:45:05.839708071-03:00","@version":"1","message":"saga finished","logger_name":"run.trama.saga.workflow.WorkflowExecutor","thread_name":"DefaultDispatcher-worker-10 @coroutine#2702","level":"INFO","level_value":20000,"traceId":"00000000000000000000000000000000","spanId":"0000000000000000","sagaId":"9f927d84-8fe4-3329-a486-e768d9dacc5f","sagaName":"nested-split-1ef8ba50","status":"SUCCEEDED","durationMs":163}
{"@timestamp":"2026-10-09T11:45:05.845866606-03:00","@version":"1","message":"saga finished","logger_name":"run.trama.saga.workflow.WorkflowExecutor","thread_name":"DefaultDispatcher-worker-4 @coroutine#2701","level":"INFO","level_value":20000,"traceId":"00000000000000000000000000000000","spanId":"0000000000000000","sagaId":"33ee8648-7b8d-33a3-b311-fd0e0b919b4a","sagaName":"nested-split-1ef8ba50","status":"SUCCEEDED","durationMs":170}
{"@timestamp":"2026-10-09T11:45:05.855575979-03:00","@version":"1","message":"join barrier satisfied","logger_name":"run.trama.saga.workflow.WorkflowExecutor","thread_name":"DefaultDispatcher-worker-10 @coroutine#2701","level":"INFO","level_value":20000,"traceId":"00000000000000000000000000000000","spanId":"0000000000000000","sagaId":"17e2c4b8-548b-37fc-8258-ce6d2c888fbf","splitNodeId":"inner","joinNodeId":"inner-join","allSucceeded":true}
{"@timestamp":"2026-10-09T11:45:05.896705593-03:00","@version":"1","message":"saga finished","logger_name":"run.trama.saga.workflow.WorkflowExecutor","thread_name":"DefaultDispatcher-worker-4 @coroutine#2702","level":"INFO","level_value":20000,"traceId":"00000000000000000000000000000000","spanId":"0000000000000000","sagaId":"17e2c4b8-548b-37fc-8258-ce6d2c888fbf","sagaName":"nested-split-1ef8ba50","status":"SUCCEEDED","durationMs":220}
{"@timestamp":"2026-10-09T11:45:05.898505203-03:00","@version":"1","message":"200 OK GET /workflows/873bf026-c225-459a-b0ff-faa3d89a7bea","logger_name":"io.ktor.test","thread_name":"DefaultDispatcher-worker-11 @request#2735","level":"INFO","level_value":20000,"traceId":"00000000000000000000000000000000","spanId":"0000000000000000"}
{"@timestamp":"2026-10-09T11:45:05.903666163-03:00","@version":"1","message":"join barrier satisfied","logger_name":"run.trama.saga.workflow.WorkflowExecutor","thread_name":"DefaultDispatcher-worker-4 @coroutine#2702","level":"INFO","level_value":20000,"traceId":"00000000000000000000000000000000","spanId":"0000000000000000","sagaId":"873bf026-c225-459a-b0ff-faa3d89a7bea","splitNodeId":"outer","joinNodeId":"outer-join","allSucceeded":true}
{"@timestamp":"2026-10-09T11:45:05.948431907-03:00","@version":"1","message":"saga finished","logger_name":"run.trama.saga.workflow.WorkflowExecutor","thread_name":"DefaultDispatcher-worker-11 @coroutine#2701","level":"INFO","level_value":20000,"traceId":"00000000000000000000000000000000","spanId":"0000000000000000","sagaId":"873bf026-c225-459a-b0ff-faa3d89a7bea","sagaName":"nested-split-1ef8ba50","status":"SUCCEEDED","durationMs":272}
{"@timestamp":"2026-10-09T11:45:06.103466238-03:00","@version":"1","message":"200 OK GET /workflows/873bf026-c225-459a-b0ff-faa3d89a7bea","logger_name":"io.ktor.test","thread_name":"DefaultDispatcher-worker-4 @request#2742","level":"INFO","level_value":20000,"traceId":"00000000000000000000000000000000","spanId":"0000000000000000"}
{"@timestamp":"2026-10-09T11:45:06.141387886-03:00","@version":"1","message":"saga-db-pool - Shutdown initiated...","logger_name":"com.zaxxer.hikari.HikariDataSource","thread_name":"DefaultDispatcher-worker-4","level":"INFO","level_value":20000}
{"@timestamp":"2026-10-09T11:45:06.141909761-03:00","@version":"1","message":"saga-db-pool - Shutdown completed.","logger_name":"com.zaxxer.hikari.HikariDataSource","thread_name":"DefaultDispatcher-worker-4","level":"INFO","level_value":20000}
{"@timestamp":"2026-10-09T11:45:06.215122006-03:00","@version":"1","message":"Application started in 0.066 seconds.","logger_name":"io.ktor.test","thread_name":"DefaultDispatcher-worker-4 @call-context#2750","level":"INFO","level_value":20000}
{"@timestamp":"2026-10-09T11:45:06.215368351-03:00","@version":"1","message":"Responding at http://localhost:80","logger_name":"io.ktor.test","thread_name":"DefaultDispatcher-worker-2 @coroutine#2835","level":"INFO","level_value":20000}
{"@timestamp":"2026-10-09T11:45:06.215482797-03:00","@version":"1","message":"Responding at https://localhost:443","logger_name":"io.ktor.test","thread_name":"DefaultDispatcher-worker-2 @coroutine#2835","level":"INFO","level_value":20000}
{"@timestamp":"2026-10-09T11:45:06.224380055-03:00","@version":"1","message":"200 OK POST /workflows/run","logger_name":"io.ktor.test","thread_name":"DefaultDispatcher-worker-4 @request#2750","level":"INFO","level_value":20000,"traceId":"00000000000000000000000000000000","spanId":"0000000000000000"}
{"@timestamp":"2026-10-09T11:45:06.282923488-03:00","@version":"1","message":"saga split","logger_name":"run.trama.saga.workflow.WorkflowExecutor","thread_name":"DefaultDispatcher-worker-4 @coroutine#2825","level":"INFO","level_value":20000,"traceId":"00000000000000000000000000000000","spanId":"0000000000000000","sagaId":"dbcdda5b-05ed-4724-92f3-84fa5a2dd1f1","nodeId":"fan","branchCount":2}
{"@timestamp":"2026-10-09T11:45:06.333949972-03:00","@version":"1","message":"saga finished","logger_name":"run.trama.saga.workflow.WorkflowExecutor","thread_name":"DefaultDispatcher-worker-3 @coroutine#2824","level":"INFO","level_value":20000,"traceId":"00000000000000000000000000000000","spanId":"0000000000000000","sagaId":"9218c6e7-1d49-3995-ab66-89c99c9f6c23","sagaName":"split-async-0f04a0af","status":"SUCCEEDED","durationMs":116}
{"@timestamp":"2026-10-09T11:45:06.340223864-03:00","@version":"1","message":"async node waiting for callback","logger_name":"run.trama.saga.workflow.WorkflowExecutor","thread_name":"DefaultDispatcher-worker-3 @coroutine#2825","level":"INFO","level_value":20000,"traceId":"00000000000000000000000000000000","spanId":"0000000000000000","sagaId":"466df63d-38f7-32c8-a215-c917c0f0b16a","nodeId":"ext","deadlineAt":"2026-10-09T14:45:36.326516099Z"}
{"@timestamp":"2026-10-09T11:45:07.382702607-03:00","@version":"1","message":"callback received","logger_name":"run.trama.saga.callback.CallbackReceiver","thread_name":"DefaultDispatcher-worker-3 @request#2848","level":"INFO","level_value":20000,"traceId":"00000000000000000000000000000000","spanId":"0000000000000000","executionId":"466df63d-38f7-32c8-a215-c917c0f0b16a","nodeId":"ext","attempt":0,"isSuccess":true}
{"@timestamp":"2026-10-09T11:45:07.385707313-03:00","@version":"1","message":"execution resumed after async callback","logger_name":"run.trama.saga.callback.CallbackReceiver","thread_name":"DefaultDispatcher-worker-3 @request#2848","level":"INFO","level_value":20000,"traceId":"00000000000000000000000000000000","spanId":"0000000000000000","executionId":"466df63d-38f7-32c8-a215-c917c0f0b16a","nodeId":"ext","nextNodeId":"ext-after"}
{"@timestamp":"2026-10-09T11:45:07.386150871-03:00","@version":"1","message":"202 Accepted POST /workflows/466df63d-38f7-32c8-a215-c917c0f0b16a/node/ext/callback","logger_name":"io.ktor.test","thread_name":"DefaultDispatcher-worker-3 @request#2848","level":"INFO","level_value":20000,"traceId":"00000000000000000000000000000000","spanId":"0000000000000000"}
{"@timestamp":"2026-10-09T11:45:07.390227912-03:00","@version":"1","message":"200 OK GET /workflows/dbcdda5b-05ed-4724-92f3-84fa5a2dd1f1","logger_name":"io.ktor.test","thread_name":"DefaultDispatcher-worker-4 @request#2849","level":"INFO","level_value":20000,"traceId":"00000000000000000000000000000000","spanId":"0000000000000000"}
{"@timestamp":"2026-10-09T11:45:07.448511826-03:00","@version":"1","message":"saga finished","logger_name":"run.trama.saga.workflow.WorkflowExecutor","thread_name":"DefaultDispatcher-worker-7 @coroutine#2824","level":"INFO","level_value":20000,"traceId":"00000000000000000000000000000000","spanId":"0000000000000000","sagaId":"466df63d-38f7-32c8-a215-c917c0f0b16a","sagaName":"split-async-0f04a0af","status":"SUCCEEDED","durationMs":1231}
{"@timestamp":"2026-10-09T11:45:07.459441401-03:00","@version":"1","message":"join barrier satisfied","logger_name":"run.trama.saga.workflow.WorkflowExecutor","thread_name":"DefaultDispatcher-worker-5 @coroutine#2824","level":"INFO","level_value":20000,"traceId":"00000000000000000000000000000000","spanId":"0000000000000000","sagaId":"dbcdda5b-05ed-4724-92f3-84fa5a2dd1f1","splitNodeId":"fan","joinNodeId":"fan-in","allSucceeded":true}
{"@timestamp":"2026-10-09T11:45:07.498279514-03:00","@version":"1","message":"saga finished","logger_name":"run.trama.saga.workflow.WorkflowExecutor","thread_name":"DefaultDispatcher-worker-7 @coroutine#2825","level":"INFO","level_value":20000,"traceId":"00000000000000000000000000000000","spanId":"0000000000000000","sagaId":"dbcdda5b-05ed-4724-92f3-84fa5a2dd1f1","sagaName":"split-async-0f04a0af","status":"SUCCEEDED","durationMs":1280}
{"@timestamp":"2026-10-09T11:45:07.595056509-03:00","@version":"1","message":"200 OK GET /workflows/dbcdda5b-05ed-4724-92f3-84fa5a2dd1f1","logger_name":"io.ktor.test","thread_name":"DefaultDispatcher-worker-7 @request#2859","level":"INFO","level_value":20000,"traceId":"00000000000000000000000000000000","spanId":"0000000000000000"}
{"@timestamp":"2026-10-09T11:45:07.639890417-03:00","@version":"1","message":"saga-db-pool - Shutdown initiated...","logger_name":"com.zaxxer.hikari.HikariDataSource","thread_name":"DefaultDispatcher-worker-10","level":"INFO","level_value":20000}
{"@timestamp":"2026-10-09T11:45:07.640347801-03:00","@version":"1","message":"saga-db-pool - Shutdown completed.","logger_name":"com.zaxxer.hikari.HikariDataSource","thread_name":"DefaultDispatcher-worker-10","level":"INFO","level_value":20000}
{"@timestamp":"2026-10-09T11:45:07.728277665-03:00","@version":"1","message":"Application started in 0.081 seconds.","logger_name":"io.ktor.test","thread_name":"DefaultDispatcher-worker-10 @call-context#2867","level":"INFO","level_value":20000}
{"@timestamp":"2026-10-09T11:45:07.728596857-03:00","@version":"1","message":"Responding at http://localhost:80","logger_name":"io.ktor.test","thread_name":"DefaultDispatcher-worker-1 @coroutine#2952","level":"INFO","level_value":20000}
{"@timestamp":"2026-10-09T11:45:07.728691005-03:00","@version":"1","message":"Responding at https://localhost:443","logger_name":"io.ktor.test","thread_name":"DefaultDispatcher-worker-1 @coroutine#2952","level":"INFO","level_value":20000}
{"@timestamp":"2026-10-09T11:45:07.738462964-03:00","@version":"1","message":"200 OK POST /workflows/run","logger_name":"io.ktor.test","thread_name":"DefaultDispatcher-worker-10 @request#2867","level":"INFO","level_value":20000,"traceId":"00000000000000000000000000000000","spanId":"0000000000000000"}
{"@timestamp":"2026-10-09T11:45:07.803315897-03:00","@version":"1","message":"async node waiting for callback","logger_name":"run.trama.saga.workflow.WorkflowExecutor","thread_name":"DefaultDispatcher-worker-6 @coroutine#2941","level":"INFO","level_value":20000,"traceId":"00000000000000000000000000000000","spanId":"0000000000000000","sagaId":"a97e8981-b59f-4d55-bea3-8072332a332d","nodeId":"auth","deadlineAt":"2026-10-09T14:45:37.792043324Z"}
{"@timestamp":"2026-10-09T11:45:08.145848304-03:00","@version":"1","message":"callback received","logger_name":"run.trama.saga.callback.CallbackReceiver","thread_name":"DefaultDispatcher-worker-6 @request#2962","level":"INFO","level_value":20000,"traceId":"00000000000000000000000000000000","spanId":"0000000000000000","executionId":"a97e8981-b59f-4d55-bea3-8072332a332d","nodeId":"auth","attempt":0,"isSuccess":true}
{"@timestamp":"2026-10-09T11:45:08.148435561-03:00","@version":"1","message":"execution resumed after async callback","logger_name":"run.trama.saga.callback.CallbackReceiver","thread_name":"DefaultDispatcher-worker-6 @request#2962","level":"INFO","level_value":20000,"traceId":"00000000000000000000000000000000","spanId":"0000000000000000","executionId":"a97e8981-b59f-4d55-bea3-8072332a332d","nodeId":"auth","nextNodeId":"done"}
{"@timestamp":"2026-10-09T11:45:08.148739505-03:00","@version":"1","message":"202 Accepted POST /workflows/a97e8981-b59f-4d55-bea3-8072332a332d/node/auth/callback","logger_name":"io.ktor.test","thread_name":"DefaultDispatcher-worker-6 @request#2962","level":"INFO","level_value":20000,"traceId":"00000000000000000000000000000000","spanId":"0000000000000000"}
{"@timestamp":"2026-10-09T11:45:08.15296688-03:00","@version":"1","message":"200 OK GET /workflows/a97e8981-b59f-4d55-bea3-8072332a332d","logger_name":"io.ktor.test","thread_name":"DefaultDispatcher-worker-6 @request#2963","level":"INFO","level_value":20000,"traceId":"00000000000000000000000000000000","spanId":"0000000000000000"}
{"@timestamp":"2026-10-09T11:45:08.199746426-03:00","@version":"1","message":"saga finished","logger_name":"run.trama.saga.workflow.WorkflowExecutor","thread_name":"DefaultDispatcher-worker-7 @coroutine#2942","level":"INFO","level_value":20000,"traceId":"00000000000000000000000000000000","spanId":"0000000000000000","sagaId":"a97e8981-b59f-4d55-bea3-8072332a332d","sagaName":"sw-ok-ab644127","status":"SUCCEEDED","durationMs":468}
{"@timestamp":"2026-10-09T11:45:08.35781427-03:00","@version":"1","message":"200 OK GET /workflows/a97e8981-b59f-4d55-bea3-8072332a332d","logger_name":"io.ktor.test","thread_name":"DefaultDispatcher-worker-7 @request#2970","level":"INFO","level_value":20000,"traceId":"00000000000000000000000000000000","spanId":"0000000000000000"}
{"@timestamp":"2026-10-09T11:45:08.391895121-03:00","@version":"1","message":"saga-db-pool - Shutdown initiated...","logger_name":"com.zaxxer.hikari.HikariDataSource","thread_name":"DefaultDispatcher-worker-7","level":"INFO","level_value":20000}
{"@timestamp":"2026-10-09T11:45:08.392360631-03:00","@version":"1","message":"saga-db-pool - Shutdown completed.","logger_name":"com.zaxxer.hikari.HikariDataSource","thread_name":"DefaultDispatcher-worker-7","level":"INFO","level_value":20000}
{"@timestamp":"2026-10-09T11:45:08.462963934-03:00","@version":"1","message":"Application started in 0.061 seconds.","logger_name":"io.ktor.test","thread_name":"DefaultDispatcher-worker-7 @call-context#2978","level":"INFO","level_value":20000}
{"@timestamp":"2026-10-09T11:45:08.463132302-03:00","@version":"1","message":"Responding at http://localhost:80","logger_name":"io.ktor.test","thread_name":"DefaultDispatcher-worker-3 @coroutine#3063","level":"INFO","level_value":20000}
{"@timestamp":"2026-10-09T11:45:08.463176065-03:00","@version":"1","message":"Responding at https://localhost:443","logger_name":"io.ktor.test","thread_name":"DefaultDispatcher-worker-3 @coroutine#3063","level":"INFO","level_value":20000}
{"@timestamp":"2026-10-09T11:45:08.472050797-03:00","@version":"1","message":"200 OK POST /workflows/run","logger_name":"io.ktor.test","thread_name":"DefaultDispatcher-worker-9 @request#2978","level":"INFO","level_value":20000,"traceId":"00000000000000000000000000000000","spanId":"0000000000000000"}
{"@timestamp":"2026-10-09T11:45:08.481978398-03:00","@version":"1","message":"200 OK GET /workflows/4060923f-0f49-436b-ac7c-bf2205192e24","logger_name":"io.ktor.test","thread_name":"DefaultDispatcher-worker-8 @request#3070","level":"INFO","level_value":20000,"traceId":"00000000000000000000000000000000","spanId":"0000000000000000"}
{"@timestamp":"2026-10-09T11:45:08.530344731-03:00","@version":"1","message":"async node waiting for callback","logger_name":"run.trama.saga.workflow.WorkflowExecutor","thread_name":"DefaultDispatcher-worker-9 @coroutine#3052","level":"INFO","level_value":20000,"traceId":"00000000000000000000000000000000","spanId":"0000000000000000","sagaId":"4060923f-0f49-436b-ac7c-bf2205192e24","nodeId":"authorize","deadlineAt":"2026-10-09T14:45:09.320194790Z"}
{"@timestamp":"2026-10-09T11:45:08.687239651-03:00","@version":"1","message":"200 OK GET /workflows/4060923f-0f49-436b-ac7c-bf2205192e24","logger_name":"io.ktor.test","thread_name":"DefaultDispatcher-worker-9 @request#3077","level":"INFO","level_value":20000,"traceId":"00000000000000000000000000000000","spanId":"0000000000000000"}
{"@timestamp":"2026-10-09T11:45:08.691404216-03:00","@version":"1","message":"200 OK GET /workflows/4060923f-0f49-436b-ac7c-bf2205192e24","logger_name":"io.ktor.test","thread_name":"DefaultDispatcher-worker-9 @request#3081","level":"INFO","level_value":20000,"traceId":"00000000000000000000000000000000","spanId":"0000000000000000"}
{"@timestamp":"2026-10-09T11:45:08.896145006-03:00","@version":"1","message":"200 OK GET /workflows/4060923f-0f49-436b-ac7c-bf2205192e24","logger_name":"io.ktor.test","thread_name":"DefaultDispatcher-worker-8 @request#3085","level":"INFO","level_value":20000,"traceId":"00000000000000000000000000000000","spanId":"0000000000000000"}
{"@timestamp":"2026-10-09T11:45:09.100937717-03:00","@version":"1","message":"200 OK GET /workflows/4060923f-0f49-436b-ac7c-bf2205192e24","logger_name":"io.ktor.test","thread_name":"DefaultDispatcher-worker-9 @request#3089","level":"INFO","level_value":20000,"traceId":"00000000000000000000000000000000","spanId":"0000000000000000"}
{"@timestamp":"2026-10-09T11:45:09.306009901-03:00","@version":"1","message":"200 OK GET /workflows/4060923f-0f49-436b-ac7c-bf2205192e24","logger_name":"io.ktor.test","thread_name":"DefaultDispatcher-worker-3 @request#3093","level":"INFO","level_value":20000,"traceId":"00000000000000000000000000000000","spanId":"0000000000000000"}
{"@timestamp":"2026-10-09T11:45:09.331856475-03:00","@version":"1","message":"retry scheduled","logger_name":"run.trama.saga.workflow.WorkflowExecutor","thread_name":"DefaultDispatcher-worker-4 @coroutine#3053","level":"INFO","level_value":20000,"traceId":"00000000000000000000000000000000","spanId":"0000000000000000","sagaId":"4060923f-0f49-436b-ac7c-bf2205192e24","delayMillis":10,"attempt":1}
{"@timestamp":"2026-10-09T11:45:09.342442348-03:00","@version":"1","message":"callback timeout","logger_name":"run.trama.saga.workflow.WorkflowExecutor","thread_name":"DefaultDispatcher-worker-8 @coroutine#3053","level":"WARN","level_value":30000,"traceId":"00000000000000000000000000000000","spanId":"0000000000000000","sagaId":"4060923f-0f49-436b-ac7c-bf2205192e24","nodeId":"authorize","attempt":0}
{"@timestamp":"2026-10-09T11:45:09.385743487-03:00","@version":"1","message":"async node waiting for callback","logger_name":"run.trama.saga.workflow.WorkflowExecutor","thread_name":"DefaultDispatcher-worker-8 @coroutine#3052","level":"INFO","level_value":20000,"traceId":"00000000000000000000000000000000","spanId":"0000000000000000","sagaId":"4060923f-0f49-436b-ac7c-bf2205192e24","nodeId":"authorize","deadlineAt":"2026-10-09T14:45:10.178937032Z"}
{"@timestamp":"2026-10-09T11:45:09.510976404-03:00","@version":"1","message":"200 OK GET /workflows/4060923f-0f49-436b-ac7c-bf2205192e24","logger_name":"io.ktor.test","thread_name":"DefaultDispatcher-worker-4 @request#3100","level":"INFO","level_value":20000,"traceId":"00000000000000000000000000000000","spanId":"0000000000000000"}
{"@timestamp":"2026-10-09T11:45:09.71564202-03:00","@version":"1","message":"200 OK GET /workflows/4060923f-0f49-436b-ac7c-bf2205192e24","logger_name":"io.ktor.test","thread_name":"DefaultDispatcher-worker-4 @request#3104","level":"INFO","level_value":20000,"traceId":"00000000000000000000000000000000","spanId":"0000000000000000"}
{"@timestamp":"2026-10-09T11:45:09.920524845-03:00","@version":"1","message":"200 OK GET /workflows/4060923f-0f49-436b-ac7c-bf2205192e24","logger_name":"io.ktor.test","thread_name":"DefaultDispatcher-worker-4 @request#3108","level":"INFO","level_value":20000,"traceId":"00000000000000000000000000000000","spanId":"0000000000000000"}
{"@timestamp":"2026-10-09T11:45:10.125821453-03:00","@version":"1","message":"200 OK GET /workflows/4060923f-0f49-436b-ac7c-bf2205192e24","logger_name":"io.ktor.test","thread_name":"DefaultDispatcher-worker-9 @request#3112","level":"INFO","level_value":20000,"traceId":"00000000000000000000000000000000","spanId":"0000000000000000"}
{"@timestamp":"2026-10-09T11:45:10.191117743-03:00","@version":"1","message":"compensation scheduled","logger_name":"run.trama.saga.workflow.WorkflowExecutor","thread_name":"DefaultDispatcher-worker-10 @coroutine#3053","level":"INFO","level_value":20000,"traceId":"00000000000000000000000000000000","spanId":"0000000000000000","sagaId":"4060923f-0f49-436b-ac7c-bf2205192e24","failedNodeId":"authorize"}
{"@timestamp":"2026-10-09T11:45:10.197109067-03:00","@version":"1","message":"callback timeout","logger_name":"run.trama.saga.workflow.WorkflowExecutor","thread_name":"DefaultDispatcher-worker-4 @coroutine#3053","level":"WARN","level_value":30000,"traceId":"00000000000000000000000000000000","spanId":"0000000000000000","sagaId":"4060923f-0f49-436b-ac7c-bf2205192e24","nodeId":"authorize","attempt":1}
{"@timestamp":"2026-10-09T11:45:10.25008455-03:00","@version":"1","message":"saga finished","logger_name":"run.trama.saga.workflow.WorkflowExecutor","thread_name":"DefaultDispatcher-worker-4 @coroutine#3052","level":"INFO","level_value":20000,"traceId":"00000000000000000000000000000000","spanId":"0000000000000000","sagaId":"4060923f-0f49-436b-ac7c-bf2205192e24","sagaName":"async-timeout-08d3892d","status":"FAILED","durationMs":1785}
{"@timestamp":"2026-10-09T11:45:10.330796782-03:00","@version":"1","message":"200 OK GET /workflows/4060923f-0f49-436b-ac7c-bf2205192e24","logger_name":"io.ktor.test","thread_name":"DefaultDispatcher-worker-10 @request#3119","level":"INFO","level_value":20000,"traceId":"00000000000000000000000000000000","spanId":"0000000000000000"}
{"@timestamp":"2026-10-09T11:45:10.340289469-03:00","@version":"1","message":"saga-db-pool - Shutdown initiated...","logger_name":"com.zaxxer.hikari.HikariDataSource","thread_name":"DefaultDispatcher-worker-7","level":"INFO","level_value":20000,"traceId":"00000000000000000000000000000000","spanId":"0000000000000000"}
{"@timestamp":"2026-10-09T11:45:10.341110219-03:00","@version":"1","message":"saga-db-pool - Shutdown completed.","logger_name":"com.zaxxer.hikari.HikariDataSource","thread_name":"DefaultDispatcher-worker-7","level":"INFO","level_value":20000,"traceId":"00000000000000000000000000000000","spanId":"0000000000000000"}
{"@timestamp":"2026-10-09T11:45:10.407167625-03:00","@version":"1","message":"Application started in 0.058 seconds.","logger_name":"io.ktor.test","thread_name":"DefaultDispatcher-worker-7 @call-context#3127","level":"INFO","level_value":20000,"traceId":"00000000000000000000000000000000","spanId":"0000000000000000"}
{"@timestamp":"2026-10-09T11:45:10.407566799-03:00","@version":"1","message":"Responding at http://localhost:80","logger_name":"io.ktor.test","thread_name":"DefaultDispatcher-worker-8 @coroutine#3212","level":"INFO","level_value":20000}
{"@timestamp":"2026-10-09T11:45:10.407684221-03:00","@version":"1","message":"Responding at https://localhost:443","logger_name":"io.ktor.test","thread_name":"DefaultDispatcher-worker-8 @coroutine#3212","level":"INFO","level_value":20000}
{"@timestamp":"2026-10-09T11:45:10.415389703-03:00","@version":"1","message":"200 OK POST /workflows/run","logger_name":"io.ktor.test","thread_name":"DefaultDispatcher-worker-1 @request#3127","level":"INFO","level_value":20000,"traceId":"00000000000000000000000000000000","spanId":"0000000000000000"}
{"@timestamp":"2026-10-09T11:45:10.42749348-03:00","@version":"1","message":"200 OK GET /workflows/410029f9-a1d6-4f41-b25f-abed112f7abb","logger_name":"io.ktor.test","thread_name":"DefaultDispatcher-worker-10 @request#3219","level":"INFO","level_value":20000,"traceId":"00000000000000000000000000000000","spanId":"0000000000000000"}
{"@timestamp":"2026-10-09T11:45:10.429477567-03:00","@version":"1","message":"node completed","logger_name":"run.trama.saga.workflow.TaskNodeHandler","thread_name":"DefaultDispatcher-worker-10 @coroutine#3201","level":"INFO","level_value":20000,"traceId":"00000000000000000000000000000000","spanId":"0000000000000000","sagaId":"410029f9-a1d6-4f41-b25f-abed112f7abb","nodeId":"authorize","phase":"UP","status":200}
{"@timestamp":"2026-10-09T11:45:10.431111773-03:00","@version":"1","message":"retry scheduled","logger_name":"run.trama.saga.workflow.WorkflowExecutor","thread_name":"DefaultDispatcher-worker-10 @coroutine#3201","level":"INFO","level_value":20000,"traceId":"00000000000000000000000000000000","spanId":"0000000000000000","sagaId":"410029f9-a1d6-4f41-b25f-abed112f7abb","delayMillis":10,"attempt":1}
{"@timestamp":"2026-10-09T11:45:10.47685628-03:00","@version":"1","message":"node completed","logger_name":"run.trama.saga.workflow.TaskNodeHandler","thread_name":"DefaultDispatcher-worker-6 @coroutine#3202","level":"INFO","level_value":20000,"traceId":"00000000000000000000000000000000","spanId":"0000000000000000","sagaId":"410029f9-a1d6-4f41-b25f-abed112f7abb","nodeId":"authorize","phase":"UP","status":200}
{"@timestamp":"2026-10-09T11:45:10.478193515-03:00","@version":"1","message":"compensation scheduled","logger_name":"run.trama.saga.workflow.WorkflowExecutor","thread_name":"DefaultDispatcher-worker-6 @coroutine#3202","level":"INFO","level_value":20000,"traceId":"00000000000000000000000000000000","spanId":"0000000000000000","sagaId":"410029f9-a1d6-4f41-b25f-abed112f7abb","failedNodeId":"authorize"}
{"@timestamp":"2026-10-09T11:45:10.533126875-03:00","@version":"1","message":"saga finished","logger_name":"run.trama.saga.workflow.WorkflowExecutor","thread_name":"DefaultDispatcher-worker-2 @coroutine#3201","level":"INFO","level_value":20000,"traceId":"00000000000000000000000000000000","spanId":"0000000000000000","sagaId":"410029f9-a1d6-4f41-b25f-abed112f7abb","sagaName":"async-wrong-status-4c8e0f24","status":"FAILED","durationMs":123}
{"@timestamp":"2026-10-09T11:45:10.632330518-03:00","@version":"1","message":"200 OK GET /workflows/410029f9-a1d6-4f41-b25f-abed112f7abb","logger_name":"io.ktor.test","thread_name":"DefaultDispatcher-worker-2 @request#3232","level":"INFO","level_value":20000,"traceId":"00000000000000000000000000000000","spanId":"0000000000000000"}
{"@timestamp":"2026-10-09T11:45:10.677788874-03:00","@version":"1","message":"saga-db-pool - Shutdown initiated...","logger_name":"com.zaxxer.hikari.HikariDataSource","thread_name":"DefaultDispatcher-worker-4","level":"INFO","level_value":20000}
{"@timestamp":"2026-10-09T11:45:10.678318394-03:00","@version":"1","message":"saga-db-pool - Shutdown completed.","logger_name":"com.zaxxer.hikari.HikariDataSource","thread_name":"DefaultDispatcher-worker-4","level":"INFO","level_value":20000}
{"@timestamp":"2026-10-09T11:45:10.740439468-03:00","@version":"1","message":"Application started in 0.055 seconds.","logger_name":"io.ktor.test","thread_name":"DefaultDispatcher-worker-4 @call-context#3240","level":"INFO","level_value":20000}
{"@timestamp":"2026-10-09T11:45:10.740650185-03:00","@version":"1","message":"Responding at http://localhost:80","logger_name":"io.ktor.test","thread_name":"DefaultDispatcher-worker-7 @coroutine#3325","level":"INFO","level_value":20000,"traceId":"00000000000000000000000000000000","spanId":"0000000000000000"}
{"@timestamp":"2026-10-09T11:45:10.740748451-03:00","@version":"1","message":"Responding at https://localhost:443","logger_name":"io.ktor.test","thread_name":"DefaultDispatcher-worker-7 @coroutine#3325","level":"INFO","level_value":20000,"traceId":"00000000000000000000000000000000","spanId":"0000000000000000"}
{"@timestamp":"2026-10-09T11:45:10.748820425-03:00","@version":"1","message":"200 OK POST /workflows/run","logger_name":"io.ktor.test","thread_name":"DefaultDispatcher-worker-4 @request#3240","level":"INFO","level_value":20000,"traceId":"00000000000000000000000000000000","spanId":"0000000000000000"}
{"@timestamp":"2026-10-09T11:45:10.758898407-03:00","@version":"1","message":"200 OK GET /workflows/5f8f6617-3b36-4c05-97e1-f40bd93ebb88","logger_name":"io.ktor.test","thread_name":"DefaultDispatcher-worker-7 @request#3332","level":"INFO","level_value":20000,"traceId":"00000000000000000000000000000000","spanId":"0000000000000000"}
{"@timestamp":"2026-10-09T11:45:10.806799005-03:00","@version":"1","message":"async node waiting for callback","logger_name":"run.trama.saga.workflow.WorkflowExecutor","thread_name":"DefaultDispatcher-worker-4 @coroutine#3314","level":"INFO","level_value":20000,"traceId":"00000000000000000000000000000000","spanId":"0000000000000000","sagaId":"5f8f6617-3b36-4c05-97e1-f40bd93ebb88","nodeId":"authorize","deadlineAt":"2026-10-09T14:45:40.796043534Z"}
{"@timestamp":"2026-10-09T11:45:10.963410571-03:00","@version":"1","message":"200 OK GET /workflows/5f8f6617-3b36-4c05-97e1-f40bd93ebb88","logger_name":"io.ktor.test","thread_name":"DefaultDispatcher-worker-4 @request#3339","level":"INFO","level_value":20000,"traceId":"00000000000000000000000000000000","spanId":"0000000000000000"}
{"@timestamp":"2026-10-09T11:45:10.968049862-03:00","@version":"1","message":"callback received","logger_name":"run.trama.saga.callback.CallbackReceiver","thread_name":"DefaultDispatcher-worker-9 @request#3343","level":"INFO","level_value":20000,"traceId":"00000000000000000000000000000000","spanId":"0000000000000000","executionId":"5f8f6617-3b36-4c05-97e1-f40bd93ebb88","nodeId":"authorize","attempt":0,"isSuccess":true}
{"@timestamp":"2026-10-09T11:45:10.970179313-03:00","@version":"1","message":"execution resumed after async callback","logger_name":"run.trama.saga.callback.CallbackReceiver","thread_name":"DefaultDispatcher-worker-9 @request#3343","level":"INFO","level_value":20000,"traceId":"00000000000000000000000000000000","spanId":"0000000000000000","executionId":"5f8f6617-3b36-4c05-97e1-f40bd93ebb88","nodeId":"authorize","nextNodeId":"capture"}
{"@timestamp":"2026-10-09T11:45:10.970485331-03:00","@version":"1","message":"202 Accepted POST /workflows/5f8f6617-3b36-4c05-97e1-f40bd93ebb88/node/authorize/callback","logger_name":"io.ktor.test","thread_name":"DefaultDispatcher-worker-9 @request#3343","level":"INFO","level_value":20000,"traceId":"00000000000000000000000000000000","spanId":"0000000000000000"}
{"@timestamp":"2026-10-09T11:45:10.974160141-03:00","@version":"1","message":"200 OK GET /workflows/5f8f6617-3b36-4c05-97e1-f40bd93ebb88","logger_name":"io.ktor.test","thread_name":"DefaultDispatcher-worker-9 @request#3344","level":"INFO","level_value":20000,"traceId":"00000000000000000000000000000000","spanId":"0000000000000000"}
{"@timestamp":"2026-10-09T11:45:11.023264069-03:00","@version":"1","message":"saga finished","logger_name":"run.trama.saga.workflow.WorkflowExecutor","thread_name":"DefaultDispatcher-worker-9 @coroutine#3315","level":"INFO","level_value":20000,"traceId":"00000000000000000000000000000000","spanId":"0000000000000000","sagaId":"5f8f6617-3b36-4c05-97e1-f40bd93ebb88","sagaName":"async-resume-446ca514","status":"SUCCEEDED","durationMs":280}
{"@timestamp":"2026-10-09T11:45:11.17911829-03:00","@version":"1","message":"200 OK GET /workflows/5f8f6617-3b36-4c05-97e1-f40bd93ebb88","logger_name":"io.ktor.test","thread_name":"DefaultDispatcher-worker-9 @request#3357","level":"INFO","level_value":20000,"traceId":"00000000000000000000000000000000","spanId":"0000000000000000"}
{"@timestamp":"2026-10-09T11:45:11.201419522-03:00","@version":"1","message":"saga-db-pool - Shutdown initiated...","logger_name":"com.zaxxer.hikari.HikariDataSource","thread_name":"DefaultDispatcher-worker-4","level":"INFO","level_value":20000}
{"@timestamp":"2026-10-09T11:45:11.201888858-03:00","@version":"1","message":"saga-db-pool - Shutdown completed.","logger_name":"com.zaxxer.hikari.HikariDataSource","thread_name":"DefaultDispatcher-worker-4","level":"INFO","level_value":20000}
{"@timestamp":"2026-10-09T11:45:11.288352077-03:00","@version":"1","message":"Application started in 0.078 seconds.","logger_name":"io.ktor.test","thread_name":"DefaultDispatcher-worker-4 @call-context#3365","level":"INFO","level_value":20000}
{"@timestamp":"2026-10-09T11:45:11.28862889-03:00","@version":"1","message":"Responding at http://localhost:80","logger_name":"io.ktor.test","thread_name":"DefaultDispatcher-worker-5 @coroutine#3450","level":"INFO","level_value":20000}
{"@timestamp":"2026-10-09T11:45:11.288705885-03:00","@version":"1","message":"Responding at https://localhost:443","logger_name":"io.ktor.test","thread_name":"DefaultDispatcher-worker-5 @coroutine#3450","level":"INFO","level_value":20000}
{"@timestamp":"2026-10-09T11:45:11.296217911-03:00","@version":"1","message":"200 OK POST /workflows/run","logger_name":"io.ktor.test","thread_name":"DefaultDispatcher-worker-4 @request#3365","level":"INFO","level_value":20000,"traceId":"00000000000000000000000000000000","spanId":"0000000000000000"}
{"@timestamp":"2026-10-09T11:45:11.30428835-03:00","@version":"1","message":"200 OK GET /workflows/983e3f19-ca86-4759-906a-266deb9c7b87","logger_name":"io.ktor.test","thread_name":"DefaultDispatcher-worker-5 @request#3457","level":"INFO","level_value":20000,"traceId":"00000000000000000000000000000000","spanId":"0000000000000000"}
{"@timestamp":"2026-10-09T11:45:11.353827816-03:00","@version":"1","message":"async node waiting for callback","logger_name":"run.trama.saga.workflow.WorkflowExecutor","thread_name":"DefaultDispatcher-worker-12 @coroutine#3439","level":"INFO","level_value":20000,"traceId":"00000000000000000000000000000000","spanId":"0000000000000000","sagaId":"983e3f19-ca86-4759-906a-266deb9c7b87","nodeId":"authorize","deadlineAt":"2026-10-09T14:45:41.343781375Z"}
{"@timestamp":"2026-10-09T11:45:11.509599842-03:00","@version":"1","message":"200 OK GET /workflows/983e3f19-ca86-4759-906a-266deb9c7b87","logger_name":"io.ktor.test","thread_name":"DefaultDispatcher-worker-3 @request#3464","level":"INFO","level_value":20000,"traceId":"00000000000000000000000000000000","spanId":"0000000000000000"}
{"@timestamp":"2026-10-09T11:45:11.548226461-03:00","@version":"1","message":"saga-db-pool - Shutdown initiated...","logger_name":"com.zaxxer.hikari.HikariDataSource","thread_name":"DefaultDispatcher-worker-3","level":"INFO","level_value":20000}
{"@timestamp":"2026-10-09T11:45:11.548667955-03:00","@version":"1","message":"saga-db-pool - Shutdown completed.","logger_name":"com.zaxxer.hikari.HikariDataSource","thread_name":"DefaultDispatcher-worker-3","level":"INFO","level_value":20000}
{"@timestamp":"2026-10-09T11:45:11.610883928-03:00","@version":"1","message":"Application started in 0.054 seconds.","logger_name":"io.ktor.test","thread_name":"DefaultDispatcher-worker-3 @call-context#3472","level":"INFO","level_value":20000}
{"@timestamp":"2026-10-09T11:45:11.611111738-03:00","@version":"1","message":"Responding at http://localhost:80","logger_name":"io.ktor.test","thread_name":"DefaultDispatcher-worker-10 @coroutine#3557","level":"INFO","level_value":20000}
{"@timestamp":"2026-10-09T11:45:11.611207338-03:00","@version":"1","message":"Responding at https://localhost:443","logger_name":"io.ktor.test","thread_name":"DefaultDispatcher-worker-10 @coroutine#3557","level":"INFO","level_value":20000}
{"@timestamp":"2026-10-09T11:45:11.618355737-03:00","@version":"1","message":"200 OK POST /workflows/run","logger_name":"io.ktor.test","thread_name":"DefaultDispatcher-worker-3 @request#3472","level":"INFO","level_value":20000,"traceId":"00000000000000000000000000000000","spanId":"0000000000000000"}
{"@timestamp":"2026-10-09T11:45:11.626236077-03:00","@version":"1","message":"200 OK GET /workflows/279644a0-875a-4366-8866-e035d0f8b9ee","logger_name":"io.ktor.test","thread_name":"DefaultDispatcher-worker-11 @request#3564","level":"INFO","level_value":20000,"traceId":"00000000000000000000000000000000","spanId":"0000000000000000"}
{"@timestamp":"2026-10-09T11:45:11.676285777-03:00","@version":"1","message":"async node waiting for callback","logger_name":"run.trama.saga.workflow.WorkflowExecutor","thread_name":"DefaultDispatcher-worker-3 @coroutine#3546","level":"INFO","level_value":20000,"traceId":"00000000000000000000000000000000","spanId":"0000000000000000","sagaId":"279644a0-875a-4366-8866-e035d0f8b9ee","nodeId":"authorize","deadlineAt":"2026-10-09T14:45:41.666007448Z"}
{"@timestamp":"2026-10-09T11:45:11.83044134-03:00","@version":"1","message":"200 OK GET /workflows/279644a0-875a-4366-8866-e035d0f8b9ee","logger_name":"io.ktor.test","thread_name":"DefaultDispatcher-worker-10 @request#3571","level":"INFO","level_value":20000,"traceId":"00000000000000000000000000000000","spanId":"0000000000000000"}
{"@timestamp":"2026-10-09T11:45:11.832921423-03:00","@version":"1","message":"401 invalid callback token POST /workflows/279644a0-875a-4366-8866-e035d0f8b9ee/node/authorize/callback","logger_name":"io.ktor.test","thread_name":"DefaultDispatcher-worker-10 @request#3575","level":"INFO","level_value":20000,"traceId":"00000000000000000000000000000000","spanId":"0000000000000000"}
{"@timestamp":"2026-10-09T11:45:11.870671287-03:00","@version":"1","message":"saga-db-pool - Shutdown initiated...","logger_name":"com.zaxxer.hikari.HikariDataSource","thread_name":"DefaultDispatcher-worker-7","level":"INFO","level_value":20000}
{"@timestamp":"2026-10-09T11:45:11.87118103-03:00","@version":"1","message":"saga-db-pool - Shutdown completed.","logger_name":"com.zaxxer.hikari.HikariDataSource","thread_name":"DefaultDispatcher-worker-7","level":"INFO","level_value":20000}
{"@timestamp":"2026-10-09T11:45:11.958409283-03:00","@version":"1","message":"Application started in 0.079 seconds.","logger_name":"io.ktor.test","thread_name":"DefaultDispatcher-worker-7 @call-context#3583","level":"INFO","level_value":20000}
{"@timestamp":"2026-10-09T11:45:11.958607017-03:00","@version":"1","message":"Responding at http://localhost:80","logger_name":"io.ktor.test","thread_name":"DefaultDispatcher-worker-3 @coroutine#3668","level":"INFO","level_value":20000}
{"@timestamp":"2026-10-09T11:45:11.958675877-03:00","@version":"1","message":"Responding at https://localhost:443","logger_name":"io.ktor.test","thread_name":"DefaultDispatcher-worker-3 @coroutine#3668","level":"INFO","level_value":20000}
{"@timestamp":"2026-10-09T11:45:11.966968125-03:00","@version":"1","message":"200 OK POST /workflows/run","logger_name":"io.ktor.test","thread_name":"DefaultDispatcher-worker-7 @request#3583","level":"INFO","level_value":20000,"traceId":"00000000000000000000000000000000","spanId":"0000000000000000"}
{"@timestamp":"2026-10-09T11:45:11.975834839-03:00","@version":"1","message":"200 OK GET /workflows/56de2fe5-41ca-47ad-bc3a-d76eaa2eefee","logger_name":"io.ktor.test","thread_name":"DefaultDispatcher-worker-2 @request#3675","level":"INFO","level_value":20000,"traceId":"00000000000000000000000000000000","spanId":"0000000000000000"}
{"@timestamp":"2026-10-09T11:45:12.02325574-03:00","@version":"1","message":"async node waiting for callback","logger_name":"run.trama.saga.workflow.WorkflowExecutor","thread_name":"DefaultDispatcher-worker-3 @coroutine#3657","level":"INFO","level_value":20000,"traceId":"00000000000000000000000000000000","spanId":"0000000000000000","sagaId":"56de2fe5-41ca-47ad-bc3a-d76eaa2eefee","nodeId":"authorize","deadlineAt":"2026-10-09T14:45:42.013745103Z"}
{"@timestamp":"2026-10-09T11:45:12.180421053-03:00","@version":"1","message":"200 OK GET /workflows/56de2fe5-41ca-47ad-bc3a-d76eaa2eefee","logger_name":"io.ktor.test","thread_name":"DefaultDispatcher-worker-3 @request#3682","level":"INFO","level_value":20000,"traceId":"00000000000000000000000000000000","spanId":"0000000000000000"}
{"@timestamp":"2026-10-09T11:45:12.185866485-03:00","@version":"1","message":"callback received","logger_name":"run.trama.saga.callback.CallbackReceiver","thread_name":"DefaultDispatcher-worker-3 @request#3686","level":"INFO","level_value":20000,"traceId":"00000000000000000000000000000000","spanId":"0000000000000000","executionId":"56de2fe5-41ca-47ad-bc3a-d76eaa2eefee","nodeId":"authorize","attempt":0,"isSuccess":true}
{"@timestamp":"2026-10-09T11:45:12.188653297-03:00","@version":"1","message":"execution resumed after async callback","logger_name":"run.trama.saga.callback.CallbackReceiver","thread_name":"DefaultDispatcher-worker-3 @request#3686","level":"INFO","level_value":20000,"traceId":"00000000000000000000000000000000","spanId":"0000000000000000","executionId":"56de2fe5-41ca-47ad-bc3a-d76eaa2eefee","nodeId":"authorize","nextNodeId":"capture"}
{"@timestamp":"2026-10-09T11:45:12.189009249-03:00","@version":"1","message":"202 Accepted POST /workflows/56de2fe5-41ca-47ad-bc3a-d76eaa2eefee/node/authorize/callback","logger_name":"io.ktor.test","thread_name":"DefaultDispatcher-worker-3 @request#3686","level":"INFO","level_value":20000,"traceId":"00000000000000000000000000000000","spanId":"0000000000000000"}
{"@timestamp":"2026-10-09T11:45:12.191086421-03:00","@version":"1","message":"callback replay detected","logger_name":"run.trama.saga.callback.CallbackReceiver","thread_name":"DefaultDispatcher-worker-3 @request#3687","level":"WARN","level_value":30000,"traceId":"00000000000000000000000000000000","spanId":"0000000000000000","executionId":"56de2fe5-41ca-47ad-bc3a-d76eaa2eefee","nodeId":"authorize","nonce":"876824c8-4f3f-477c-bbeb-a121c9db9c94"}
{"@timestamp":"2026-10-09T11:45:12.191648192-03:00","@version":"1","message":"409 duplicate callback (nonce already used) POST /workflows/56de2fe5-41ca-47ad-bc3a-d76eaa2eefee/node/authorize/callback","logger_name":"io.ktor.test","thread_name":"DefaultDispatcher-worker-3 @request#3687","level":"INFO","level_value":20000,"traceId":"00000000000000000000000000000000","spanId":"0000000000000000"}
{"@timestamp":"2026-10-09T11:45:12.219349827-03:00","@version":"1","message":"saga-db-pool - Shutdown initiated...","logger_name":"com.zaxxer.hikari.HikariDataSource","thread_name":"DefaultDispatcher-worker-7","level":"INFO","level_value":20000}
{"@timestamp":"2026-10-09T11:45:12.219949238-03:00","@version":"1","message":"saga-db-pool - Shutdown completed.","logger_name":"com.zaxxer.hikari.HikariDataSource","thread_name":"DefaultDispatcher-worker-7","level":"INFO","level_value":20000}
{"@timestamp":"2026-10-09T11:45:12.282136338-03:00","@version":"1","message":"Application started in 0.054 seconds.","logger_name":"io.ktor.test","thread_name":"DefaultDispatcher-worker-7 @call-context#3695","level":"INFO","level_value":20000}
{"@timestamp":"2026-10-09T11:45:12.282452565-03:00","@version":"1","message":"Responding at http://localhost:80","logger_name":"io.ktor.test","thread_name":"DefaultDispatcher-worker-5 @coroutine#3780","level":"INFO","level_value":20000}
{"@timestamp":"2026-10-09T11:45:12.282619109-03:00","@version":"1","message":"Responding at https://localhost:443","logger_name":"io.ktor.test","thread_name":"DefaultDispatcher-worker-5 @coroutine#3780","level":"INFO","level_value":20000}
{"@timestamp":"2026-10-09T11:45:12.290868946-03:00","@version":"1","message":"200 OK POST /workflows/run","logger_name":"io.ktor.test","thread_name":"DefaultDispatcher-worker-7 @request#3695","level":"INFO","level_value":20000,"traceId":"00000000000000000000000000000000","spanId":"0000000000000000"}
{"@timestamp":"2026-10-09T11:45:12.301280244-03:00","@version":"1","message":"200 OK GET /workflows/40133a16-1d21-4e41-867f-52238ae1098d","logger_name":"io.ktor.test","thread_name":"DefaultDispatcher-worker-9 @request#3787","level":"INFO","level_value":20000,"traceId":"00000000000000000000000000000000","spanId":"0000000000000000"}
{"@timestamp":"2026-10-09T11:45:12.302693803-03:00","@version":"1","message":"node failed","logger_name":"run.trama.saga.workflow.TaskNodeHandler","thread_name":"DefaultDispatcher-worker-2 @coroutine#3769","level":"WARN","level_value":30000,"traceId":"00000000000000000000000000000000","spanId":"0000000000000000","sagaId":"56de2fe5-41ca-47ad-bc3a-d76eaa2eefee","nodeId":"capture","phase":"UP","error":"Failed to connect to localhost/[0:0:0:0:0:0:0:1]:44715"}
{"@timestamp":"2026-10-09T11:45:12.303959203-03:00","@version":"1","message":"retry scheduled","logger_name":"run.trama.saga.workflow.WorkflowExecutor","thread_name":"DefaultDispatcher-worker-10 @coroutine#3769","level":"INFO","level_value":20000,"traceId":"00000000000000000000000000000000","spanId":"0000000000000000","sagaId":"56de2fe5-41ca-47ad-bc3a-d76eaa2eefee","delayMillis":10,"attempt":1}
{"@timestamp":"2026-10-09T11:45:12.345772753-03:00","@version":"1","message":"node failed","logger_name":"run.trama.saga.workflow.TaskNodeHandler","thread_name":"DefaultDispatcher-worker-5 @coroutine#3769","level":"WARN","level_value":30000,"traceId":"00000000000000000000000000000000","spanId":"0000000000000000","sagaId":"56de2fe5-41ca-47ad-bc3a-d76eaa2eefee","nodeId":"capture","phase":"UP","error":"Failed to connect to localhost/[0:0:0:0:0:0:0:1]:44715"}
{"@timestamp":"2026-10-09T11:45:12.346958602-03:00","@version":"1","message":"compensation scheduled","logger_name":"run.trama.saga.workflow.WorkflowExecutor","thread_name":"DefaultDispatcher-worker-5 @coroutine#3769","level":"INFO","level_value":20000,"traceId":"00000000000000000000000000000000","spanId":"0000000000000000","sagaId":"56de2fe5-41ca-47ad-bc3a-d76eaa2eefee","failedNodeId":"capture"}
{"@timestamp":"2026-10-09T11:45:12.354564704-03:00","@version":"1","message":"success callback failed","logger_name":"run.trama.saga.workflow.WorkflowExecutor","thread_name":"DefaultDispatcher-worker-2 @coroutine#3770","level":"WARN","level_value":30000,"traceId":"00000000000000000000000000000000","spanId":"0000000000000000","sagaId":"40133a16-1d21-4e41-867f-52238ae1098d","warning":"success callback failed: node=onSuccessCallback status=503"}
{"@timestamp":"2026-10-09T11:45:12.35577576-03:00","@version":"1","message":"saga finished","logger_name":"run.trama.saga.workflow.WorkflowExecutor","thread_name":"DefaultDispatcher-worker-2 @coroutine#3770","level":"INFO","level_value":20000,"traceId":"00000000000000000000000000000000","spanId":"0000000000000000","sagaId":"40133a16-1d21-4e41-867f-52238ae1098d","sagaName":"hook-warn-453238a0","status":"SUCCEEDED","durationMs":71}
{"@timestamp":"2026-10-09T11:45:12.398899515-03:00","@version":"1","message":"node failed","logger_name":"run.trama.saga.workflow.TaskNodeHandler","thread_name":"DefaultDispatcher-worker-9 @coroutine#3769","level":"WARN","level_value":30000,"traceId":"00000000000000000000000000000000","spanId":"0000000000000000","sagaId":"56de2fe5-41ca-47ad-bc3a-d76eaa2eefee","nodeId":"authorize","phase":"DOWN","error":"Failed to connect to localhost/[0:0:0:0:0:0:0:1]:44715"}
{"@timestamp":"2026-10-09T11:45:12.39983947-03:00","@version":"1","message":"compensation retry scheduled","logger_name":"run.trama.saga.workflow.WorkflowExecutor","thread_name":"DefaultDispatcher-worker-9 @coroutine#3769","level":"INFO","level_value":20000,"traceId":"00000000000000000000000000000000","spanId":"0000000000000000","sagaId":"56de2fe5-41ca-47ad-bc3a-d76eaa2eefee","nodeId":"authorize"}
{"@timestamp":"2026-10-09T11:45:12.447965689-03:00","@version":"1","message":"node failed","logger_name":"run.trama.saga.workflow.TaskNodeHandler","thread_name":"DefaultDispatcher-worker-10 @coroutine#3770","level":"WARN","level_value":30000,"traceId":"00000000000000000000000000000000","spanId":"0000000000000000","sagaId":"56de2fe5-41ca-47ad-bc3a-d76eaa2eefee","nodeId":"authorize","phase":"DOWN","error":"Failed to connect to localhost/[0:0:0:0:0:0:0:1]:44715"}
{"@timestamp":"2026-10-09T11:45:12.451305506-03:00","@version":"1","message":"saga finished","logger_name":"run.trama.saga.workflow.WorkflowExecutor","thread_name":"DefaultDispatcher-worker-9 @coroutine#3770","level":"INFO","level_value":20000,"traceId":"00000000000000000000000000000000","spanId":"0000000000000000","sagaId":"56de2fe5-41ca-47ad-bc3a-d76eaa2eefee","sagaName":"async-replay-6cbb8107","status":"CORRUPTED","durationMs":490}
{"@timestamp":"2026-10-09T11:45:12.506568511-03:00","@version":"1","message":"200 OK GET /workflows/40133a16-1d21-4e41-867f-52238ae1098d","logger_name":"io.ktor.test","thread_name":"DefaultDispatcher-worker-9 @request#3805","level":"INFO","level_value":20000,"traceId":"00000000000000000000000000000000","spanId":"0000000000000000"}
{"@timestamp":"2026-10-09T11:45:12.510820549-03:00","@version":"1","message":"200 OK GET /workflows/40133a16-1d21-4e41-867f-52238ae1098d","logger_name":"io.ktor.test","thread_name":"DefaultDispatcher-worker-3 @request#3809","level":"INFO","level_value":20000,"traceId":"00000000000000000000000000000000","spanId":"0000000000000000"}
{"@timestamp":"2026-10-09T11:45:12.51477199-03:00","@version":"1","message":"200 OK GET /workflows/40133a16-1d21-4e41-867f-52238ae1098d","logger_name":"io.ktor.test","thread_name":"DefaultDispatcher-worker-5 @request#3813","level":"INFO","level_value":20000,"traceId":"00000000000000000000000000000000","spanId":"0000000000000000"}
{"@timestamp":"2026-10-09T11:45:12.544903063-03:00","@version":"1","message":"saga-db-pool - Shutdown initiated...","logger_name":"com.zaxxer.hikari.HikariDataSource","thread_name":"DefaultDispatcher-worker-9","level":"INFO","level_value":20000}
{"@timestamp":"2026-10-09T11:45:12.545303959-03:00","@version":"1","message":"saga-db-pool - Shutdown completed.","logger_name":"com.zaxxer.hikari.HikariDataSource","thread_name":"DefaultDispatcher-worker-9","level":"INFO","level_value":20000}
{"@timestamp":"2026-10-09T11:45:12.625951254-03:00","@version":"1","message":"Application started in 0.073 seconds.","logger_name":"io.ktor.test","thread_name":"DefaultDispatcher-worker-9 @call-context#3821","level":"INFO","level_value":20000}
{"@timestamp":"2026-10-09T11:45:12.626323597-03:00","@version":"1","message":"Responding at http://localhost:80","logger_name":"io.ktor.test","thread_name":"DefaultDispatcher-worker-10 @coroutine#3906","level":"INFO","level_value":20000}
{"@timestamp":"2026-10-09T11:45:12.626417575-03:00","@version":"1","message":"Responding at https://localhost:443","logger_name":"io.ktor.test","thread_name":"DefaultDispatcher-worker-10 @coroutine#3906","level":"INFO","level_value":20000}
{"@timestamp":"2026-10-09T11:45:12.63465616-03:00","@version":"1","message":"200 OK POST /workflows/run","logger_name":"io.ktor.test","thread_name":"DefaultDispatcher-worker-9 @request#3821","level":"INFO","level_value":20000,"traceId":"00000000000000000000000000000000","spanId":"0000000000000000"}
{"@timestamp":"2026-10-09T11:45:12.644290582-03:00","@version":"1","message":"200 OK GET /workflows/0e966030-c4f1-4d01-a425-8c9609179288","logger_name":"io.ktor.test","thread_name":"DefaultDispatcher-worker-4 @request#3913","level":"INFO","level_value":20000,"traceId":"00000000000000000000000000000000","spanId":"0000000000000000"}
{"@timestamp":"2026-10-09T11:45:12.69220929-03:00","@version":"1","message":"success callback failed","logger_name":"run.trama.saga.workflow.WorkflowExecutor","thread_name":"DefaultDispatcher-worker-12 @coroutine#3895","level":"WARN","level_value":30000,"traceId":"00000000000000000000000000000000","spanId":"0000000000000000","sagaId":"0e966030-c4f1-4d01-a425-8c9609179288","warning":"success callback failed: node=onSuccessCallback status=JSON body $.required: reference 'payload.missing' is missing key 'missing'"}
{"@timestamp":"2026-10-09T11:45:12.693400128-03:00","@version":"1","message":"saga finished","logger_name":"run.trama.saga.workflow.WorkflowExecutor","thread_name":"DefaultDispatcher-worker-4 @coroutine#3895","level":"INFO","level_value":20000,"traceId":"00000000000000000000000000000000","spanId":"0000000000000000","sagaId":"0e966030-c4f1-4d01-a425-8c9609179288","sagaName":"hook-missing-c779d4c3","status":"SUCCEEDED","durationMs":64}
{"@timestamp":"2026-10-09T11:45:12.848508447-03:00","@version":"1","message":"200 OK GET /workflows/0e966030-c4f1-4d01-a425-8c9609179288","logger_name":"io.ktor.test","thread_name":"DefaultDispatcher-worker-12 @request#3920","level":"INFO","level_value":20000,"traceId":"00000000000000000000000000000000","spanId":"0000000000000000"}
{"@timestamp":"2026-10-09T11:45:12.85292146-03:00","@version":"1","message":"200 OK GET /workflows/0e966030-c4f1-4d01-a425-8c9609179288","logger_name":"io.ktor.test","thread_name":"DefaultDispatcher-worker-12 @request#3924","level":"INFO","level_value":20000,"traceId":"00000000000000000000000000000000","spanId":"0000000000000000"}
{"@timestamp":"2026-10-09T11:45:12.885982725-03:00","@version":"1","message":"saga-db-pool - Shutdown initiated...","logger_name":"com.zaxxer.hikari.HikariDataSource","thread_name":"DefaultDispatcher-worker-4","level":"INFO","level_value":20000}
{"@timestamp":"2026-10-09T11:45:12.886518176-03:00","@version":"1","message":"saga-db-pool - Shutdown completed.","logger_name":"com.zaxxer.hikari.HikariDataSource","thread_name":"DefaultDispatcher-worker-4","level":"INFO","level_value":20000}
{"@timestamp":"2026-10-09T11:45:12.948964013-03:00","@version":"1","message":"Application started in 0.054 seconds.","logger_name":"io.ktor.test","thread_name":"DefaultDispatcher-worker-4 @call-context#3932","level":"INFO","level_value":20000}
{"@timestamp":"2026-10-09T11:45:12.949154463-03:00","@version":"1","message":"Responding at http://localhost:80","logger_name":"io.ktor.test","thread_name":"DefaultDispatcher-worker-6 @coroutine#4017","level":"INFO","level_value":20000}
{"@timestamp":"2026-10-09T11:45:12.949234413-03:00","@version":"1","message":"Responding at https://localhost:443","logger_name":"io.ktor.test","thread_name":"DefaultDispatcher-worker-6 @coroutine#4017","level":"INFO","level_value":20000}
{"@timestamp":"2026-10-09T11:45:12.957271509-03:00","@version":"1","message":"200 OK POST /workflows/run","logger_name":"io.ktor.test","thread_name":"DefaultDispatcher-worker-4 @request#3932","level":"INFO","level_value":20000,"traceId":"00000000000000000000000000000000","spanId":"0000000000000000"}
{"@timestamp":"2026-10-09T11:45:12.966724397-03:00","@version":"1","message":"200 OK GET /workflows/98a95689-f3d6-447b-bdd1-41ed82dd43c4","logger_name":"io.ktor.test","thread_name":"DefaultDispatcher-worker-6 @request#4024","level":"INFO","level_value":20000,"traceId":"00000000000000000000000000000000","spanId":"0000000000000000"}
{"@timestamp":"2026-10-09T11:45:13.016678897-03:00","@version":"1","message":"node completed","logger_name":"run.trama.saga.workflow.TaskNodeHandler","thread_name":"DefaultDispatcher-worker-2 @coroutine#4006","level":"INFO","level_value":20000,"traceId":"00000000000000000000000000000000","spanId":"0000000000000000","sagaId":"98a95689-f3d6-447b-bdd1-41ed82dd43c4","nodeId":"b","phase":"UP","status":500}
{"@timestamp":"2026-10-09T11:45:13.017848224-03:00","@version":"1","message":"compensation scheduled","logger_name":"run.trama.saga.workflow.WorkflowExecutor","thread_name":"DefaultDispatcher-worker-2 @coroutine#4006","level":"INFO","level_value":20000,"traceId":"00000000000000000000000000000000","spanId":"0000000000000000","sagaId":"98a95689-f3d6-447b-bdd1-41ed82dd43c4","failedNodeId":"b"}
{"@timestamp":"2026-10-09T11:45:13.074948921-03:00","@version":"1","message":"saga finished","logger_name":"run.trama.saga.workflow.WorkflowExecutor","thread_name":"DefaultDispatcher-worker-6 @coroutine#4007","level":"INFO","level_value":20000,"traceId":"00000000000000000000000000000000","spanId":"0000000000000000","sagaId":"98a95689-f3d6-447b-bdd1-41ed82dd43c4","sagaName":"hook-fail-18f7b984","status":"FAILED","durationMs":124}
{"@timestamp":"2026-10-09T11:45:13.171756113-03:00","@version":"1","message":"200 OK GET /workflows/98a95689-f3d6-447b-bdd1-41ed82dd43c4","logger_name":"io.ktor.test","thread_name":"DefaultDispatcher-worker-12 @request#4040","level":"INFO","level_value":20000,"traceId":"00000000000000000000000000000000","spanId":"0000000000000000"}
{"@timestamp":"2026-10-09T11:45:13.208286804-03:00","@version":"1","message":"saga-db-pool - Shutdown initiated...","logger_name":"com.zaxxer.hikari.HikariDataSource","thread_name":"DefaultDispatcher-worker-12","level":"INFO","level_value":20000}
{"@timestamp":"2026-10-09T11:45:13.208814921-03:00","@version":"1","message":"saga-db-pool - Shutdown completed.","logger_name":"com.zaxxer.hikari.HikariDataSource","thread_name":"DefaultDispatcher-worker-12","level":"INFO","level_value":20000}
{"@timestamp":"2026-10-09T11:45:13.279145765-03:00","@version":"1","message":"Application started in 0.063 seconds.","logger_name":"io.ktor.test","thread_name":"DefaultDispatcher-worker-12 @call-context#4048","level":"INFO","level_value":20000}
{"@timestamp":"2026-10-09T11:45:13.279481249-03:00","@version":"1","message":"Responding at http://localhost:80","logger_name":"io.ktor.test","thread_name":"DefaultDispatcher-worker-1 @coroutine#4133","level":"INFO","level_value":20000}
{"@timestamp":"2026-10-09T11:45:13.27952411-03:00","@version":"1","message":"Responding at https://localhost:443","logger_name":"io.ktor.test","thread_name":"DefaultDispatcher-worker-1 @coroutine#4133","level":"INFO","level_value":20000}
{"@timestamp":"2026-10-09T11:45:13.286284564-03:00","@version":"1","message":"200 OK POST /workflows/run","logger_name":"io.ktor.test","thread_name":"DefaultDispatcher-worker-8 @request#4048","level":"INFO","level_value":20000,"traceId":"00000000000000000000000000000000","spanId":"0000000000000000"}
{"@timestamp":"2026-10-09T11:45:13.30760673-03:00","@version":"1","message":"200 OK GET /workflows/2ddebec5-b649-441e-9154-e660b82e069b","logger_name":"io.ktor.test","thread_name":"DefaultDispatcher-worker-7 @request#4140","level":"INFO","level_value":20000,"traceId":"00000000000000000000000000000000","spanId":"0000000000000000"}
{"@timestamp":"2026-10-09T11:45:13.316331683-03:00","@version":"1","message":"async node waiting for callback","logger_name":"run.trama.saga.workflow.WorkflowExecutor","thread_name":"DefaultDispatcher-worker-5 @coroutine#4122","level":"INFO","level_value":20000,"traceId":"00000000000000000000000000000000","spanId":"0000000000000000","sagaId":"2ddebec5-b649-441e-9154-e660b82e069b","nodeId":"last","deadlineAt":"2026-10-09T14:45:43.294647102Z"}
{"@timestamp":"2026-10-09T11:45:13.513657875-03:00","@version":"1","message":"200 OK GET /workflows/2ddebec5-b649-441e-9154-e660b82e069b","logger_name":"io.ktor.test","thread_name":"DefaultDispatcher-worker-5 @request#4147","level":"INFO","level_value":20000,"traceId":"00000000000000000000000000000000","spanId":"0000000000000000"}
{"@timestamp":"2026-10-09T11:45:13.519391531-03:00","@version":"1","message":"callback received","logger_name":"run.trama.saga.callback.CallbackReceiver","thread_name":"DefaultDispatcher-worker-5 @request#4151","level":"INFO","level_value":20000,"traceId":"00000000000000000000000000000000","spanId":"0000000000000000","executionId":"2ddebec5-b649-441e-9154-e660b82e069b","nodeId":"last","attempt":0,"isSuccess":true}
{"@timestamp":"2026-10-09T11:45:13.522036605-03:00","@version":"1","message":"saga succeeded via async callback","logger_name":"run.trama.saga.callback.CallbackReceiver","thread_name":"DefaultDispatcher-worker-5 @request#4151","level":"INFO","level_value":20000,"traceId":"00000000000000000000000000000000","spanId":"0000000000000000","executionId":"2ddebec5-b649-441e-9154-e660b82e069b","nodeId":"last"}
{"@timestamp":"2026-10-09T11:45:13.522466827-03:00","@version":"1","message":"202 Accepted POST /workflows/2ddebec5-b649-441e-9154-e660b82e069b/node/last/callback","logger_name":"io.ktor.test","thread_name":"DefaultDispatcher-worker-5 @request#4151","level":"INFO","level_value":20000,"traceId":"00000000000000000000000000000000","spanId":"0000000000000000"}
{"@timestamp":"2026-10-09T11:45:13.526831166-03:00","@version":"1","message":"200 OK GET /workflows/2ddebec5-b649-441e-9154-e660b82e069b","logger_name":"io.ktor.test","thread_name":"DefaultDispatcher-worker-5 @request#4152","level":"INFO","level_value":20000,"traceId":"00000000000000000000000000000000","spanId":"0000000000000000"}
{"@timestamp":"2026-10-09T11:45:13.551182612-03:00","@version":"1","message":"saga finished","logger_name":"run.trama.saga.workflow.WorkflowExecutor","thread_name":"DefaultDispatcher-worker-5 @coroutine#4123","level":"INFO","level_value":20000,"traceId":"00000000000000000000000000000000","spanId":"0000000000000000","sagaId":"2ddebec5-b649-441e-9154-e660b82e069b","sagaName":"hook-async-c4696236","status":"SUCCEEDED","durationMs":268}
{"@timestamp":"2026-10-09T11:45:13.731513087-03:00","@version":"1","message":"200 OK GET /workflows/2ddebec5-b649-441e-9154-e660b82e069b","logger_name":"io.ktor.test","thread_name":"DefaultDispatcher-worker-5 @request#4159","level":"INFO","level_value":20000,"traceId":"00000000000000000000000000000000","spanId":"0000000000000000"}
{"@timestamp":"2026-10-09T11:45:14.248187503-03:00","@version":"1","message":"saga-db-pool - Shutdown initiated...","logger_name":"com.zaxxer.hikari.HikariDataSource","thread_name":"DefaultDispatcher-worker-1","level":"INFO","level_value":20000}
{"@timestamp":"2026-10-09T11:45:14.248838482-03:00","@version":"1","message":"saga-db-pool - Shutdown completed.","logger_name":"com.zaxxer.hikari.HikariDataSource","thread_name":"DefaultDispatcher-worker-1","level":"INFO","level_value":20000}
{"@timestamp":"2026-10-09T11:45:14.321127022-03:00","@version":"1","message":"Application started in 0.063 seconds.","logger_name":"io.ktor.test","thread_name":"DefaultDispatcher-worker-1 @call-context#4167","level":"INFO","level_value":20000}
{"@timestamp":"2026-10-09T11:45:14.321287816-03:00","@version":"1","message":"Responding at http://localhost:80","logger_name":"io.ktor.test","thread_name":"DefaultDispatcher-worker-11 @coroutine#4252","level":"INFO","level_value":20000}
{"@timestamp":"2026-10-09T11:45:14.321346707-03:00","@version":"1","message":"Responding at https://localhost:443","logger_name":"io.ktor.test","thread_name":"DefaultDispatcher-worker-11 @coroutine#4252","level":"INFO","level_value":20000}
{"@timestamp":"2026-10-09T11:45:14.328956904-03:00","@version":"1","message":"200 OK POST /workflows/run","logger_name":"io.ktor.test","thread_name":"DefaultDispatcher-worker-1 @request#4167","level":"INFO","level_value":20000,"traceId":"00000000000000000000000000000000","spanId":"0000000000000000"}
{"@timestamp":"2026-10-09T11:45:14.336110218-03:00","@version":"1","message":"200 OK GET /workflows/7356e3e3-a597-4f58-be8e-5349f48dc9cd","logger_name":"io.ktor.test","thread_name":"DefaultDispatcher-worker-2 @request#4259","level":"INFO","level_value":20000,"traceId":"00000000000000000000000000000000","spanId":"0000000000000000"}
{"@timestamp":"2026-10-09T11:45:14.389158436-03:00","@version":"1","message":"saga finished","logger_name":"run.trama.saga.workflow.WorkflowExecutor","thread_name":"DefaultDispatcher-worker-2 @coroutine#4241","level":"INFO","level_value":20000,"traceId":"00000000000000000000000000000000","spanId":"0000000000000000","sagaId":"7356e3e3-a597-4f58-be8e-5349f48dc9cd","sagaName":"hook-ok-f1e81709","status":"SUCCEEDED","durationMs":66}
{"@timestamp":"2026-10-09T11:45:14.540585217-03:00","@version":"1","message":"200 OK GET /workflows/7356e3e3-a597-4f58-be8e-5349f48dc9cd","logger_name":"io.ktor.test","thread_name":"DefaultDispatcher-worker-2 @request#4269","level":"INFO","level_value":20000,"traceId":"00000000000000000000000000000000","spanId":"0000000000000000"}
{"@timestamp":"2026-10-09T11:45:14.58029342-03:00","@version":"1","message":"saga-db-pool - Shutdown initiated...","logger_name":"com.zaxxer.hikari.HikariDataSource","thread_name":"DefaultDispatcher-worker-2","level":"INFO","level_value":20000}
{"@timestamp":"2026-10-09T11:45:14.580796199-03:00","@version":"1","message":"saga-db-pool - Shutdown completed.","logger_name":"com.zaxxer.hikari.HikariDataSource","thread_name":"DefaultDispatcher-worker-2","level":"INFO","level_value":20000}
{"@timestamp":"2026-10-09T11:45:14.643558495-03:00","@version":"1","message":"Application started in 0.054 seconds.","logger_name":"io.ktor.test","thread_name":"DefaultDispatcher-worker-2 @call-context#4277","level":"INFO","level_value":20000}
{"@timestamp":"2026-10-09T11:45:14.643712446-03:00","@version":"1","message":"Responding at http://localhost:80","logger_name":"io.ktor.test","thread_name":"DefaultDispatcher-worker-11 @coroutine#4362","level":"INFO","level_value":20000}
{"@timestamp":"2026-10-09T11:45:14.643743615-03:00","@version":"1","message":"Responding at https://localhost:443","logger_name":"io.ktor.test","thread_name":"DefaultDispatcher-worker-11 @coroutine#4362","level":"INFO","level_value":20000}
{"@timestamp":"2026-10-09T11:45:14.667714438-03:00","@version":"1","message":"200 OK POST /workflows/definitions","logger_name":"io.ktor.test","thread_name":"DefaultDispatcher-worker-2 @request#4277","level":"INFO","level_value":20000,"traceId":"00000000000000000000000000000000","spanId":"0000000000000000"}
{"@timestamp":"2026-10-09T11:45:14.670456485-03:00","@version":"1","message":"409 Conflict POST /workflows/definitions","logger_name":"io.ktor.test","thread_name":"DefaultDispatcher-worker-2 @request#4369","level":"INFO","level_value":20000,"traceId":"00000000000000000000000000000000","spanId":"0000000000000000"}
{"@timestamp":"2026-10-09T11:45:14.700006461-03:00","@version":"1","message":"saga-db-pool - Shutdown initiated...","logger_name":"com.zaxxer.hikari.HikariDataSource","thread_name":"DefaultDispatcher-worker-9","level":"INFO","level_value":20000}
{"@timestamp":"2026-10-09T11:45:14.700485174-03:00","@version":"1","message":"saga-db-pool - Shutdown completed.","logger_name":"com.zaxxer.hikari.HikariDataSource","thread_name":"DefaultDispatcher-worker-9","level":"INFO","level_value":20000}
{"@timestamp":"2026-10-09T11:45:14.762735704-03:00","@version":"1","message":"Application started in 0.054 seconds.","logger_name":"io.ktor.test","thread_name":"DefaultDispatcher-worker-9 @call-context#4377","level":"INFO","level_value":20000}
{"@timestamp":"2026-10-09T11:45:14.762895526-03:00","@version":"1","message":"Responding at http://localhost:80","logger_name":"io.ktor.test","thread_name":"DefaultDispatcher-worker-6 @coroutine#4462","level":"INFO","level_value":20000}
{"@timestamp":"2026-10-09T11:45:14.762958996-03:00","@version":"1","message":"Responding at https://localhost:443","logger_name":"io.ktor.test","thread_name":"DefaultDispatcher-worker-6 @coroutine#4462","level":"INFO","level_value":20000}
{"@timestamp":"2026-10-09T11:45:14.770906489-03:00","@version":"1","message":"200 OK POST /workflows/definitions","logger_name":"io.ktor.test","thread_name":"DefaultDispatcher-worker-9 @request#4377","level":"INFO","level_value":20000,"traceId":"00000000000000000000000000000000","spanId":"0000000000000000"}
{"@timestamp":"2026-10-09T11:45:14.773312592-03:00","@version":"1","message":"200 OK GET /workflows/definitions/7b20424c-beb7-4338-ba35-39da2bf92b18","logger_name":"io.ktor.test","thread_name":"DefaultDispatcher-worker-8 @request#4469","level":"INFO","level_value":20000,"traceId":"00000000000000000000000000000000","spanId":"0000000000000000"}
{"@timestamp":"2026-10-09T11:45:14.820205569-03:00","@version":"1","message":"saga-db-pool - Shutdown initiated...","logger_name":"com.zaxxer.hikari.HikariDataSource","thread_name":"DefaultDispatcher-worker-8","level":"INFO","level_value":20000}
{"@timestamp":"2026-10-09T11:45:14.820659876-03:00","@version":"1","message":"saga-db-pool - Shutdown completed.","logger_name":"com.zaxxer.hikari.HikariDataSource","thread_name":"DefaultDispatcher-worker-8","level":"INFO","level_value":20000}
{"@timestamp":"2026-10-09T11:45:14.89524934-03:00","@version":"1","message":"Application started in 0.067 seconds.","logger_name":"io.ktor.test","thread_name":"DefaultDispatcher-worker-8 @call-context#4477","level":"INFO","level_value":20000}
{"@timestamp":"2026-10-09T11:45:14.895534669-03:00","@version":"1","message":"Responding at http://localhost:80","logger_name":"io.ktor.test","thread_name":"DefaultDispatcher-worker-11 @coroutine#4562","level":"INFO","level_value":20000}
{"@timestamp":"2026-10-09T11:45:14.89560429-03:00","@version":"1","message":"Responding at https://localhost:443","logger_name":"io.ktor.test","thread_name":"DefaultDispatcher-worker-11 @coroutine#4562","level":"INFO","level_value":20000}
{"@timestamp":"2026-10-09T11:45:14.911526349-03:00","@version":"1","message":"200 OK POST /workflows/run","logger_name":"io.ktor.test","thread_name":"DefaultDispatcher-worker-3 @request#4477","level":"INFO","level_value":20000,"traceId":"00000000000000000000000000000000","spanId":"0000000000000000"}
{"@timestamp":"2026-10-09T11:45:14.922128645-03:00","@version":"1","message":"200 OK GET /workflows/01a414d9-1bac-4d95-8a28-2672aa39ae06","logger_name":"io.ktor.test","thread_name":"DefaultDispatcher-worker-5 @request#4569","level":"INFO","level_value":20000,"traceId":"00000000000000000000000000000000","spanId":"0000000000000000"}
{"@timestamp":"2026-10-09T11:45:14.966815136-03:00","@version":"1","message":"saga finished","logger_name":"run.trama.saga.workflow.WorkflowExecutor","thread_name":"DefaultDispatcher-worker-2 @coroutine#4551","level":"INFO","level_value":20000,"traceId":"00000000000000000000000000000000","spanId":"0000000000000000","sagaId":"01a414d9-1bac-4d95-8a28-2672aa39ae06","sagaName":"def-status-34338d11","status":"SUCCEEDED","durationMs":66}
{"@timestamp":"2026-10-09T11:45:15.126936923-03:00","@version":"1","message":"200 OK GET /workflows/01a414d9-1bac-4d95-8a28-2672aa39ae06","logger_name":"io.ktor.test","thread_name":"DefaultDispatcher-worker-5 @request#4579","level":"INFO","level_value":20000,"traceId":"00000000000000000000000000000000","spanId":"0000000000000000"}
{"@timestamp":"2026-10-09T11:45:15.165290243-03:00","@version":"1","message":"saga-db-pool - Shutdown initiated...","logger_name":"com.zaxxer.hikari.HikariDataSource","thread_name":"DefaultDispatcher-worker-5","level":"INFO","level_value":20000}
{"@timestamp":"2026-10-09T11:45:15.165807158-03:00","@version":"1","message":"saga-db-pool - Shutdown completed.","logger_name":"com.zaxxer.hikari.HikariDataSource","thread_name":"DefaultDispatcher-worker-5","level":"INFO","level_value":20000}
{"@timestamp":"2026-10-09T11:45:15.228606405-03:00","@version":"1","message":"Application started in 0.055 seconds.","logger_name":"io.ktor.test","thread_name":"DefaultDispatcher-worker-5 @call-context#4587","level":"INFO","level_value":20000}
{"@timestamp":"2026-10-09T11:45:15.228784911-03:00","@version":"1","message":"Responding at http://localhost:80","logger_name":"io.ktor.test","thread_name":"DefaultDispatcher-worker-3 @coroutine#4672","level":"INFO","level_value":20000}
{"@timestamp":"2026-10-09T11:45:15.228819597-03:00","@version":"1","message":"Responding at https://localhost:443","logger_name":"io.ktor.test","thread_name":"DefaultDispatcher-worker-3 @coroutine#4672","level":"INFO","level_value":20000}
{"@timestamp":"2026-10-09T11:45:15.236300899-03:00","@version":"1","message":"200 OK POST /workflows/definitions","logger_name":"io.ktor.test","thread_name":"DefaultDispatcher-worker-5 @request#4587","level":"INFO","level_value":20000,"traceId":"00000000000000000000000000000000","spanId":"0000000000000000"}
{"@timestamp":"2026-10-09T11:45:15.244077559-03:00","@version":"1","message":"200 OK POST /workflows/definitions/def-run-38a5435c/v1/run","logger_name":"io.ktor.test","thread_name":"DefaultDispatcher-worker-11 @request#4679","level":"INFO","level_value":20000,"traceId":"00000000000000000000000000000000","spanId":"0000000000000000"}
{"@timestamp":"2026-10-09T11:45:15.251176711-03:00","@version":"1","message":"200 OK GET /workflows/fae4da52-242a-4947-837a-de2d95afa979","logger_name":"io.ktor.test","thread_name":"DefaultDispatcher-worker-7 @request#4683","level":"INFO","level_value":20000,"traceId":"00000000000000000000000000000000","spanId":"0000000000000000"}
{"@timestamp":"2026-10-09T11:45:15.294509159-03:00","@version":"1","message":"saga finished","logger_name":"run.trama.saga.workflow.WorkflowExecutor","thread_name":"DefaultDispatcher-worker-5 @coroutine#4661","level":"INFO","level_value":20000,"traceId":"00000000000000000000000000000000","spanId":"0000000000000000","sagaId":"fae4da52-242a-4947-837a-de2d95afa979","sagaName":"def-run-38a5435c","status":"SUCCEEDED","durationMs":53}
{"@timestamp":"2026-10-09T11:45:15.455386237-03:00","@version":"1","message":"200 OK GET /workflows/fae4da52-242a-4947-837a-de2d95afa979","logger_name":"io.ktor.test","thread_name":"DefaultDispatcher-worker-10 @request#4693","level":"INFO","level_value":20000,"traceId":"00000000000000000000000000000000","spanId":"0000000000000000"}
{"@timestamp":"2026-10-09T11:45:15.486357251-03:00","@version":"1","message":"saga-db-pool - Shutdown initiated...","logger_name":"com.zaxxer.hikari.HikariDataSource","thread_name":"DefaultDispatcher-worker-10","level":"INFO","level_value":20000}
{"@timestamp":"2026-10-09T11:45:15.486824974-03:00","@version":"1","message":"saga-db-pool - Shutdown completed.","logger_name":"com.zaxxer.hikari.HikariDataSource","thread_name":"DefaultDispatcher-worker-10","level":"INFO","level_value":20000}
{"@timestamp":"2026-10-09T11:45:15.549711675-03:00","@version":"1","message":"Application started in 0.054 seconds.","logger_name":"io.ktor.test","thread_name":"DefaultDispatcher-worker-10 @call-context#4701","level":"INFO","level_value":20000}
{"@timestamp":"2026-10-09T11:45:15.549881436-03:00","@version":"1","message":"Responding at http://localhost:80","logger_name":"io.ktor.test","thread_name":"DefaultDispatcher-worker-6 @coroutine#4786","level":"INFO","level_value":20000}
{"@timestamp":"2026-10-09T11:45:15.549922343-03:00","@version":"1","message":"Responding at https://localhost:443","logger_name":"io.ktor.test","thread_name":"DefaultDispatcher-worker-6 @coroutine#4786","level":"INFO","level_value":20000}
{"@timestamp":"2026-10-09T11:45:15.557401171-03:00","@version":"1","message":"200 OK POST /workflows/definitions","logger_name":"io.ktor.test","thread_name":"DefaultDispatcher-worker-10 @request#4701","level":"INFO","level_value":20000,"traceId":"00000000000000000000000000000000","spanId":"0000000000000000"}
{"@timestamp":"2026-10-09T11:45:15.559803165-03:00","@version":"1","message":"200 OK GET /workflows/definitions/def-del-d86bf0db/v1","logger_name":"io.ktor.test","thread_name":"DefaultDispatcher-worker-10 @request#4793","level":"INFO","level_value":20000,"traceId":"00000000000000000000000000000000","spanId":"0000000000000000"}
{"@timestamp":"2026-10-09T11:45:15.568556158-03:00","@version":"1","message":"204 No Content DELETE /workflows/definitions/b861135f-9ddd-47bb-8cea-9642b7fd24a8","logger_name":"io.ktor.test","thread_name":"DefaultDispatcher-worker-1 @request#4797","level":"INFO","level_value":20000,"traceId":"00000000000000000000000000000000","spanId":"0000000000000000"}
{"@timestamp":"2026-10-09T11:45:15.572692536-03:00","@version":"1","message":"204 No Content GET /workflows/definitions/b861135f-9ddd-47bb-8cea-9642b7fd24a8","logger_name":"io.ktor.test","thread_name":"DefaultDispatcher-worker-1 @request#4798","level":"INFO","level_value":20000,"traceId":"00000000000000000000000000000000","spanId":"0000000000000000"}
{"@timestamp":"2026-10-09T11:45:15.575485909-03:00","@version":"1","message":"204 No Content GET /workflows/definitions/def-del-d86bf0db/v1","logger_name":"io.ktor.test","thread_name":"DefaultDispatcher-worker-1 @request#4799","level":"INFO","level_value":20000,"traceId":"00000000000000000000000000000000","spanId":"0000000000000000"}
{"@timestamp":"2026-10-09T11:45:15.578655983-03:00","@version":"1","message":"204 No Content POST /workflows/definitions/def-del-d86bf0db/v1/run","logger_name":"io.ktor.test","thread_name":"DefaultDispatcher-worker-1 @request#4800","level":"INFO","level_value":20000,"traceId":"00000000000000000000000000000000","spanId":"0000000000000000"}
{"@timestamp":"2026-10-09T11:45:15.580792617-03:00","@version":"1","message":"204 No Content DELETE /workflows/definitions/b861135f-9ddd-47bb-8cea-9642b7fd24a8","logger_name":"io.ktor.test","thread_name":"DefaultDispatcher-worker-1 @request#4801","level":"INFO","level_value":20000,"traceId":"00000000000000000000000000000000","spanId":"0000000000000000"}
{"@timestamp":"2026-10-09T11:45:15.582482837-03:00","@version":"1","message":"400 Bad Request DELETE /workflows/definitions/nope","logger_name":"io.ktor.test","thread_name":"DefaultDispatcher-worker-1 @request#4802","level":"INFO","level_value":20000,"traceId":"00000000000000000000000000000000","spanId":"0000000000000000"}
{"@timestamp":"2026-10-09T11:45:15.606049815-03:00","@version":"1","message":"saga-db-pool - Shutdown initiated...","logger_name":"com.zaxxer.hikari.HikariDataSource","thread_name":"DefaultDispatcher-worker-5","level":"INFO","level_value":20000}
{"@timestamp":"2026-10-09T11:45:15.60646031-03:00","@version":"1","message":"saga-db-pool - Shutdown completed.","logger_name":"com.zaxxer.hikari.HikariDataSource","thread_name":"DefaultDispatcher-worker-5","level":"INFO","level_value":20000}
{"@timestamp":"2026-10-09T11:45:15.685788016-03:00","@version":"1","message":"Application started in 0.071 seconds.","logger_name":"io.ktor.test","thread_name":"DefaultDispatcher-worker-5 @call-context#4810","level":"INFO","level_value":20000}
{"@timestamp":"2026-10-09T11:45:15.68603913-03:00","@version":"1","message":"Responding at http://localhost:80","logger_name":"io.ktor.test","thread_name":"DefaultDispatcher-worker-12 @coroutine#4895","level":"INFO","level_value":20000,"traceId":"00000000000000000000000000000000","spanId":"0000000000000000"}
{"@timestamp":"2026-10-09T11:45:15.686122297-03:00","@version":"1","message":"Responding at https://localhost:443","logger_name":"io.ktor.test","thread_name":"DefaultDispatcher-worker-12 @coroutine#4895","level":"INFO","level_value":20000,"traceId":"00000000000000000000000000000000","spanId":"0000000000000000"}
{"@timestamp":"2026-10-09T11:45:15.692658636-03:00","@version":"1","message":"204 No Content GET /workflows/definitions/eae36756-956e-45d1-9404-f174fb96de2d","logger_name":"io.ktor.test","thread_name":"DefaultDispatcher-worker-5 @request#4810","level":"INFO","level_value":20000,"traceId":"00000000000000000000000000000000","spanId":"0000000000000000"}
{"@timestamp":"2026-10-09T11:45:15.696216322-03:00","@version":"1","message":"204 No Content GET /workflows/definitions/nope-6dd4e035-b814-4166-9e3f-a9a6f12eb473/v1","logger_name":"io.ktor.test","thread_name":"DefaultDispatcher-worker-5 @request#4899","level":"INFO","level_value":20000,"traceId":"00000000000000000000000000000000","spanId":"0000000000000000"}
{"@timestamp":"2026-10-09T11:45:15.69934603-03:00","@version":"1","message":"204 No Content POST /workflows/definitions/nope-53e52473-f9fa-4e6c-85c2-d91244877be8/v1/run","logger_name":"io.ktor.test","thread_name":"DefaultDispatcher-worker-5 @request#4900","level":"INFO","level_value":20000,"traceId":"00000000000000000000000000000000","spanId":"0000000000000000"}
{"@timestamp":"2026-10-09T11:45:15.743367069-03:00","@version":"1","message":"saga-db-pool - Shutdown initiated...","logger_name":"com.zaxxer.hikari.HikariDataSource","thread_name":"DefaultDispatcher-worker-5","level":"INFO","level_value":20000}
{"@timestamp":"2026-10-09T11:45:15.743944529-03:00","@version":"1","message":"saga-db-pool - Shutdown completed.","logger_name":"com.zaxxer.hikari.HikariDataSource","thread_name":"DefaultDispatcher-worker-5","level":"INFO","level_value":20000}
{"@timestamp":"2026-10-09T11:45:15.806309605-03:00","@version":"1","message":"Application started in 0.054 seconds.","logger_name":"io.ktor.test","thread_name":"DefaultDispatcher-worker-5 @call-context#4905","level":"INFO","level_value":20000}
{"@timestamp":"2026-10-09T11:45:15.806458526-03:00","@version":"1","message":"Responding at http://localhost:80","logger_name":"io.ktor.test","thread_name":"DefaultDispatcher-worker-8 @coroutine#4990","level":"INFO","level_value":20000,"traceId":"00000000000000000000000000000000","spanId":"0000000000000000"}
{"@timestamp":"2026-10-09T11:45:15.806511346-03:00","@version":"1","message":"Responding at https://localhost:443","logger_name":"io.ktor.test","thread_name":"DefaultDispatcher-worker-8 @coroutine#4990","level":"INFO","level_value":20000,"traceId":"00000000000000000000000000000000","spanId":"0000000000000000"}
{"@timestamp":"2026-10-09T11:45:15.814434603-03:00","@version":"1","message":"200 OK POST /workflows/definitions","logger_name":"io.ktor.test","thread_name":"DefaultDispatcher-worker-5 @request#4905","level":"INFO","level_value":20000,"traceId":"00000000000000000000000000000000","spanId":"0000000000000000"}
{"@timestamp":"2026-10-09T11:45:15.816554484-03:00","@version":"1","message":"200 OK GET /workflows/definitions/def-v2-60aa424c/v1","logger_name":"io.ktor.test","thread_name":"DefaultDispatcher-worker-5 @request#4997","level":"INFO","level_value":20000,"traceId":"00000000000000000000000000000000","spanId":"0000000000000000"}
{"@timestamp":"2026-10-09T11:45:15.823113346-03:00","@version":"1","message":"200 OK GET /workflows/definitions","logger_name":"io.ktor.test","thread_name":"DefaultDispatcher-worker-5 @request#5001","level":"INFO","level_value":20000,"traceId":"00000000000000000000000000000000","spanId":"0000000000000000"}
{"@timestamp":"2026-10-09T11:45:15.864368042-03:00","@version":"1","message":"saga-db-pool - Shutdown initiated...","logger_name":"com.zaxxer.hikari.HikariDataSource","thread_name":"DefaultDispatcher-worker-5","level":"INFO","level_value":20000}
{"@timestamp":"2026-10-09T11:45:15.864896951-03:00","@version":"1","message":"saga-db-pool - Shutdown completed.","logger_name":"com.zaxxer.hikari.HikariDataSource","thread_name":"DefaultDispatcher-worker-5","level":"INFO","level_value":20000}
{"@timestamp":"2026-10-09T11:45:15.92743855-03:00","@version":"1","message":"Application started in 0.053 seconds.","logger_name":"io.ktor.test","thread_name":"DefaultDispatcher-worker-5 @call-context#5009","level":"INFO","level_value":20000}
{"@timestamp":"2026-10-09T11:45:15.927602931-03:00","@version":"1","message":"Responding at http://localhost:80","logger_name":"io.ktor.test","thread_name":"DefaultDispatcher-worker-3 @coroutine#5094","level":"INFO","level_value":20000}
{"@timestamp":"2026-10-09T11:45:15.927677702-03:00","@version":"1","message":"Responding at https://localhost:443","logger_name":"io.ktor.test","thread_name":"DefaultDispatcher-worker-3 @coroutine#5094","level":"INFO","level_value":20000}
{"@timestamp":"2026-10-09T11:45:15.935374491-03:00","@version":"1","message":"200 OK PUT /workflows/definitions/287ffc64-af40-4794-9499-e4bd44770d78","logger_name":"io.ktor.test","thread_name":"DefaultDispatcher-worker-5 @request#5009","level":"INFO","level_value":20000,"traceId":"00000000000000000000000000000000","spanId":"0000000000000000"}
{"@timestamp":"2026-10-09T11:45:15.937139633-03:00","@version":"1","message":"200 OK GET /workflows/definitions/287ffc64-af40-4794-9499-e4bd44770d78","logger_name":"io.ktor.test","thread_name":"DefaultDispatcher-worker-1 @request#5101","level":"INFO","level_value":20000,"traceId":"00000000000000000000000000000000","spanId":"0000000000000000"}
{"@timestamp":"2026-10-09T11:45:15.940285772-03:00","@version":"1","message":"409 Conflict PUT /workflows/definitions/287ffc64-af40-4794-9499-e4bd44770d78","logger_name":"io.ktor.test","thread_name":"DefaultDispatcher-worker-1 @request#5105","level":"INFO","level_value":20000,"traceId":"00000000000000000000000000000000","spanId":"0000000000000000"}
{"@timestamp":"2026-10-09T11:45:15.943226022-03:00","@version":"1","message":"409 Conflict PUT /workflows/definitions/b5255277-65ff-4b43-bc3d-6b5df51a6838","logger_name":"io.ktor.test","thread_name":"DefaultDispatcher-worker-1 @request#5109","level":"INFO","level_value":20000,"traceId":"00000000000000000000000000000000","spanId":"0000000000000000"}
{"@timestamp":"2026-10-09T11:45:15.944711396-03:00","@version":"1","message":"400 Bad Request PUT /workflows/definitions/not-a-uuid","logger_name":"io.ktor.test","thread_name":"DefaultDispatcher-worker-2 @request#5113","level":"INFO","level_value":20000,"traceId":"00000000000000000000000000000000","spanId":"0000000000000000"}
{"@timestamp":"2026-10-09T11:45:15.985459527-03:00","@version":"1","message":"saga-db-pool - Shutdown initiated...","logger_name":"com.zaxxer.hikari.HikariDataSource","thread_name":"DefaultDispatcher-worker-3","level":"INFO","level_value":20000}
{"@timestamp":"2026-10-09T11:45:15.986045242-03:00","@version":"1","message":"saga-db-pool - Shutdown completed.","logger_name":"com.zaxxer.hikari.HikariDataSource","thread_name":"DefaultDispatcher-worker-3","level":"INFO","level_value":20000}
{"@timestamp":"2026-10-09T11:45:16.064904445-03:00","@version":"1","message":"Application started in 0.071 seconds.","logger_name":"io.ktor.test","thread_name":"DefaultDispatcher-worker-3 @call-context#5121","level":"INFO","level_value":20000}
{"@timestamp":"2026-10-09T11:45:16.065134539-03:00","@version":"1","message":"Responding at http://localhost:80","logger_name":"io.ktor.test","thread_name":"DefaultDispatcher-worker-2 @coroutine#5206","level":"INFO","level_value":20000}
{"@timestamp":"2026-10-09T11:45:16.065189313-03:00","@version":"1","message":"Responding at https://localhost:443","logger_name":"io.ktor.test","thread_name":"DefaultDispatcher-worker-2 @coroutine#5206","level":"INFO","level_value":20000}
{"@timestamp":"2026-10-09T11:45:16.073465214-03:00","@version":"1","message":"200 OK POST /workflows/definitions","logger_name":"io.ktor.test","thread_name":"DefaultDispatcher-worker-3 @request#5121","level":"INFO","level_value":20000,"traceId":"00000000000000000000000000000000","spanId":"0000000000000000"}
{"@timestamp":"2026-10-09T11:45:16.078309448-03:00","@version":"1","message":"200 OK POST /workflows/definitions/def-run-payload-f0478eb8/v1/run","logger_name":"io.ktor.test","thread_name":"DefaultDispatcher-worker-3 @request#5213","level":"INFO","level_value":20000,"traceId":"00000000000000000000000000000000","spanId":"0000000000000000"}
{"@timestamp":"2026-10-09T11:45:16.087154493-03:00","@version":"1","message":"200 OK GET /workflows/96aedde3-f275-4998-95a0-8edb0cfb6d5e","logger_name":"io.ktor.test","thread_name":"DefaultDispatcher-worker-2 @request#5217","level":"INFO","level_value":20000,"traceId":"00000000000000000000000000000000","spanId":"0000000000000000"}
{"@timestamp":"2026-10-09T11:45:16.132759074-03:00","@version":"1","message":"saga finished","logger_name":"run.trama.saga.workflow.WorkflowExecutor","thread_name":"DefaultDispatcher-worker-2 @coroutine#5196","level":"INFO","level_value":20000,"traceId":"00000000000000000000000000000000","spanId":"0000000000000000","sagaId":"96aedde3-f275-4998-95a0-8edb0cfb6d5e","sagaName":"def-run-payload-f0478eb8","status":"SUCCEEDED","durationMs":57}
{"@timestamp":"2026-10-09T11:45:16.291585146-03:00","@version":"1","message":"200 OK GET /workflows/96aedde3-f275-4998-95a0-8edb0cfb6d5e","logger_name":"io.ktor.test","thread_name":"DefaultDispatcher-worker-2 @request#5224","level":"INFO","level_value":20000,"traceId":"00000000000000000000000000000000","spanId":"0000000000000000"}
{"@timestamp":"2026-10-09T11:45:16.32474153-03:00","@version":"1","message":"saga-db-pool - Shutdown initiated...","logger_name":"com.zaxxer.hikari.HikariDataSource","thread_name":"DefaultDispatcher-worker-3","level":"INFO","level_value":20000}
{"@timestamp":"2026-10-09T11:45:16.325221106-03:00","@version":"1","message":"saga-db-pool - Shutdown completed.","logger_name":"com.zaxxer.hikari.HikariDataSource","thread_name":"DefaultDispatcher-worker-3","level":"INFO","level_value":20000}
{"@timestamp":"2026-10-09T11:45:16.38634514-03:00","@version":"1","message":"Application started in 0.053 seconds.","logger_name":"io.ktor.test","thread_name":"DefaultDispatcher-worker-3 @call-context#5232","level":"INFO","level_value":20000}
{"@timestamp":"2026-10-09T11:45:16.386536121-03:00","@version":"1","message":"Responding at http://localhost:80","logger_name":"io.ktor.test","thread_name":"DefaultDispatcher-worker-11 @coroutine#5317","level":"INFO","level_value":20000}
{"@timestamp":"2026-10-09T11:45:16.386583851-03:00","@version":"1","message":"Responding at https://localhost:443","logger_name":"io.ktor.test","thread_name":"DefaultDispatcher-worker-11 @coroutine#5317","level":"INFO","level_value":20000}
{"@timestamp":"2026-10-09T11:45:16.388630023-03:00","@version":"1","message":"400 Bad Request POST /workflows/definitions","logger_name":"io.ktor.test","thread_name":"DefaultDispatcher-worker-3 @request#5232","level":"INFO","level_value":20000,"traceId":"00000000000000000000000000000000","spanId":"0000000000000000"}
{"@timestamp":"2026-10-09T11:45:16.391357541-03:00","@version":"1","message":"400 Bad Request POST /workflows/run","logger_name":"io.ktor.test","thread_name":"DefaultDispatcher-worker-11 @request#5324","level":"INFO","level_value":20000,"traceId":"00000000000000000000000000000000","spanId":"0000000000000000"}
{"@timestamp":"2026-10-09T11:45:16.393010942-03:00","@version":"1","message":"partition maintenance failed","logger_name":"run.trama.runtime.PartitionMaintenance","thread_name":"DefaultDispatcher-worker-1 @coroutine#5308","level":"WARN","level_value":30000,"stack_trace":"kotlinx.coroutines.JobCancellationException: StandaloneCoroutine was cancelled; job=\"coroutine#5308\":StandaloneCoroutine{Cancelling}@4fd5a028\n\tat kotlinx.coroutines.JobSupport.cancel(JobSupport.kt:1682)\n\tat kotlinx.coroutines.Job.cancel$default(Job.kt:207)\n\tat run.trama.runtime.RuntimeBootstrap$stop$1.invokeSuspend(RuntimeBootstrap.kt:326)\n\tat _COROUTINE._BOUNDARY._(CoroutineDebugging.kt:42)\n\tat run.trama.runtime.PartitionMaintenance.runLoop(PartitionMaintenance.kt:25)\n\tat run.trama.runtime.RuntimeBootstrap$startWorkers$7.invokeSuspend(RuntimeBootstrap.kt:212)\nCaused by: kotlinx.coroutines.JobCancellationException: StandaloneCoroutine was cancelled; job=\"coroutine#5308\":StandaloneCoroutine{Cancelling}@4fd5a028\n\tat kotlinx.coroutines.JobSupport.cancel(JobSupport.kt:1682)\n\tat kotlinx.coroutines.Job.cancel$default(Job.kt:207)\n\tat run.trama.runtime.RuntimeBootstrap$stop$1.invokeSuspend(RuntimeBootstrap.kt:326)\n\tat kotlin.coroutines.jvm.internal.BaseContinuationImpl.resumeWith(ContinuationImpl.kt:34)\n\tat kotlinx.coroutines.DispatchedTask.run(DispatchedTask.kt:100)\n\tat kotlinx.coroutines.EventLoopImplBase.processNextEvent(EventLoop.common.kt:256)\n\tat kotlinx.coroutines.BlockingCoroutine.joinBlocking(Builders.kt:54)\n\tat kotlinx.coroutines.BuildersKt__BuildersKt.runBlockingImpl(Builders.kt:30)\n\tat kotlinx.coroutines.BuildersKt.runBlockingImpl(Unknown Source)\n\tat kotlinx.coroutines.BuildersKt__Builders_concurrentKt.runBlockingK(Builders.concurrent.kt:172)\n\tat kotlinx.coroutines.BuildersKt.runBlockingK(Unknown Source)\n\tat kotlinx.coroutines.BuildersKt__Builders_concurrentKt.runBlockingK$default(Builders.concurrent.kt:157)\n\tat kotlinx.coroutines.BuildersKt.runBlockingK$default(Unknown Source)\n\tat run.trama.runtime.RuntimeBootstrap.stop(RuntimeBootstrap.kt:322)\n\tat run.trama.app.ApplicationKt.module$lambda$2(Application.kt:134)\n\tat io.ktor.events.Events.raise(Events.kt:52)\n\tat io.ktor.server.engine.EmbeddedServer.safeRaiseEvent(EmbeddedServerJvm.kt:287)\n\tat io.ktor.server.engine.EmbeddedServer.destroyApplication(EmbeddedServerJvm.kt:300)\n\tat io.ktor.server.engine.EmbeddedServer.stop(EmbeddedServerJvm.kt:411)\n\tat io.ktor.server.engine.EmbeddedServer.stop(EmbeddedServerJvm.kt:419)\n\tat io.ktor.server.engine.EmbeddedServer$stopSuspend$2.invokeSuspend(EmbeddedServerJvm.kt:423)\n\tat kotlin.coroutines.jvm.internal.BaseContinuationImpl.resumeWith(ContinuationImpl.kt:34)\n\tat kotlinx.coroutines.DispatchedTask.run(DispatchedTask.kt:100)\n\tat kotlinx.coroutines.internal.LimitedDispatcher$Worker.run(LimitedDispatcher.kt:124)\n\tat kotlinx.coroutines.scheduling.TaskImpl.run(Tasks.kt:89)\n\tat kotlinx.coroutines.scheduling.CoroutineScheduler.runSafely(CoroutineScheduler.kt:586)\n\tat kotlinx.coroutines.scheduling.CoroutineScheduler$Worker.executeTask(CoroutineScheduler.kt:798)\n\tat kotlinx.coroutines.scheduling.CoroutineScheduler$Worker.runWorker(CoroutineScheduler.kt:717)\n\tat kotlinx.coroutines.scheduling.CoroutineScheduler$Worker.run(CoroutineScheduler.kt:704)\n","enabled":true}
{"@timestamp":"2026-10-09T11:45:16.444745904-03:00","@version":"1","message":"saga-db-pool - Shutdown initiated...","logger_name":"com.zaxxer.hikari.HikariDataSource","thread_name":"DefaultDispatcher-worker-11","level":"INFO","level_value":20000}
{"@timestamp":"2026-10-09T11:45:16.445176397-03:00","@version":"1","message":"saga-db-pool - Shutdown completed.","logger_name":"com.zaxxer.hikari.HikariDataSource","thread_name":"DefaultDispatcher-worker-11","level":"INFO","level_value":20000}
> Task :test

{"@timestamp":"2026-10-09T11:45:16.508723205-03:00","@version":"1","message":"Application started in 0.056 seconds.","logger_name":"io.ktor.test","thread_name":"DefaultDispatcher-worker-12 @call-context#5332","level":"INFO","level_value":20000,"traceId":"00000000000000000000000000000000","spanId":"0000000000000000"}
{"@timestamp":"2026-10-09T11:45:16.508881303-03:00","@version":"1","message":"Responding at http://localhost:80","logger_name":"io.ktor.test","thread_name":"DefaultDispatcher-worker-7 @coroutine#5417","level":"INFO","level_value":20000}
{"@timestamp":"2026-10-09T11:45:16.508921138-03:00","@version":"1","message":"Responding at https://localhost:443","logger_name":"io.ktor.test","thread_name":"DefaultDispatcher-worker-7 @coroutine#5417","level":"INFO","level_value":20000}
{"@timestamp":"2026-10-09T11:45:16.516738354-03:00","@version":"1","message":"200 OK POST /workflows/definitions","logger_name":"io.ktor.test","thread_name":"DefaultDispatcher-worker-12 @request#5332","level":"INFO","level_value":20000,"traceId":"00000000000000000000000000000000","spanId":"0000000000000000"}
{"@timestamp":"2026-10-09T11:45:16.518603274-03:00","@version":"1","message":"422 Unprocessable Entity POST /workflows/definitions/def-v2-run-19d6cc0a/v1/run","logger_name":"io.ktor.test","thread_name":"DefaultDispatcher-worker-12 @request#5424","level":"INFO","level_value":20000,"traceId":"00000000000000000000000000000000","spanId":"0000000000000000"}
{"@timestamp":"2026-10-09T11:45:16.566722772-03:00","@version":"1","message":"saga-db-pool - Shutdown initiated...","logger_name":"com.zaxxer.hikari.HikariDataSource","thread_name":"DefaultDispatcher-worker-7","level":"INFO","level_value":20000}
{"@timestamp":"2026-10-09T11:45:16.567103009-03:00","@version":"1","message":"saga-db-pool - Shutdown completed.","logger_name":"com.zaxxer.hikari.HikariDataSource","thread_name":"DefaultDispatcher-worker-7","level":"INFO","level_value":20000}
{"@timestamp":"2026-10-09T11:45:16.640558-03:00","@version":"1","message":"Application started in 0.067 seconds.","logger_name":"io.ktor.test","thread_name":"DefaultDispatcher-worker-7 @call-context#5432","level":"INFO","level_value":20000}
{"@timestamp":"2026-10-09T11:45:16.640829302-03:00","@version":"1","message":"Responding at http://localhost:80","logger_name":"io.ktor.test","thread_name":"DefaultDispatcher-worker-9 @coroutine#5517","level":"INFO","level_value":20000}
{"@timestamp":"2026-10-09T11:45:16.640896028-03:00","@version":"1","message":"Responding at https://localhost:443","logger_name":"io.ktor.test","thread_name":"DefaultDispatcher-worker-9 @coroutine#5517","level":"INFO","level_value":20000}
{"@timestamp":"2026-10-09T11:45:16.642691347-03:00","@version":"1","message":"404 Not Found GET /metrics","logger_name":"io.ktor.test","thread_name":"DefaultDispatcher-worker-7 @request#5432","level":"INFO","level_value":20000,"traceId":"00000000000000000000000000000000","spanId":"0000000000000000"}
{"@timestamp":"2026-10-09T11:45:16.646216881-03:00","@version":"1","message":"partition maintenance failed","logger_name":"run.trama.runtime.PartitionMaintenance","thread_name":"DefaultDispatcher-worker-8 @coroutine#5508","level":"WARN","level_value":30000,"stack_trace":"kotlinx.coroutines.JobCancellationException: StandaloneCoroutine was cancelled; job=\"coroutine#5508\":StandaloneCoroutine{Cancelling}@2792c7d7\n\tat kotlinx.coroutines.JobSupport.cancel(JobSupport.kt:1682)\n\tat kotlinx.coroutines.Job.cancel$default(Job.kt:207)\n\tat run.trama.runtime.RuntimeBootstrap$stop$1.invokeSuspend(RuntimeBootstrap.kt:326)\n\tat _COROUTINE._BOUNDARY._(CoroutineDebugging.kt:42)\n\tat run.trama.runtime.PartitionMaintenance.runLoop(PartitionMaintenance.kt:24)\n\tat run.trama.runtime.RuntimeBootstrap$startWorkers$7.invokeSuspend(RuntimeBootstrap.kt:212)\nCaused by: kotlinx.coroutines.JobCancellationException: StandaloneCoroutine was cancelled; job=\"coroutine#5508\":StandaloneCoroutine{Cancelling}@2792c7d7\n\tat kotlinx.coroutines.JobSupport.cancel(JobSupport.kt:1682)\n\tat kotlinx.coroutines.Job.cancel$default(Job.kt:207)\n\tat run.trama.runtime.RuntimeBootstrap$stop$1.invokeSuspend(RuntimeBootstrap.kt:326)\n\tat kotlin.coroutines.jvm.internal.BaseContinuationImpl.resumeWith(ContinuationImpl.kt:34)\n\tat kotlinx.coroutines.DispatchedTask.run(DispatchedTask.kt:100)\n\tat kotlinx.coroutines.EventLoopImplBase.processNextEvent(EventLoop.common.kt:256)\n\tat kotlinx.coroutines.BlockingCoroutine.joinBlocking(Builders.kt:54)\n\tat kotlinx.coroutines.BuildersKt__BuildersKt.runBlockingImpl(Builders.kt:30)\n\tat kotlinx.coroutines.BuildersKt.runBlockingImpl(Unknown Source)\n\tat kotlinx.coroutines.BuildersKt__Builders_concurrentKt.runBlockingK(Builders.concurrent.kt:172)\n\tat kotlinx.coroutines.BuildersKt.runBlockingK(Unknown Source)\n\tat kotlinx.coroutines.BuildersKt__Builders_concurrentKt.runBlockingK$default(Builders.concurrent.kt:157)\n\tat kotlinx.coroutines.BuildersKt.runBlockingK$default(Unknown Source)\n\tat run.trama.runtime.RuntimeBootstrap.stop(RuntimeBootstrap.kt:322)\n\tat run.trama.app.ApplicationKt.module$lambda$2(Application.kt:134)\n\tat io.ktor.events.Events.raise(Events.kt:52)\n\tat io.ktor.server.engine.EmbeddedServer.safeRaiseEvent(EmbeddedServerJvm.kt:287)\n\tat io.ktor.server.engine.EmbeddedServer.destroyApplication(EmbeddedServerJvm.kt:300)\n\tat io.ktor.server.engine.EmbeddedServer.stop(EmbeddedServerJvm.kt:411)\n\tat io.ktor.server.engine.EmbeddedServer.stop(EmbeddedServerJvm.kt:419)\n\tat io.ktor.server.engine.EmbeddedServer$stopSuspend$2.invokeSuspend(EmbeddedServerJvm.kt:423)\n\tat kotlin.coroutines.jvm.internal.BaseContinuationImpl.resumeWith(ContinuationImpl.kt:34)\n\tat kotlinx.coroutines.DispatchedTask.run(DispatchedTask.kt:100)\n\tat kotlinx.coroutines.internal.LimitedDispatcher$Worker.run(LimitedDispatcher.kt:124)\n\tat kotlinx.coroutines.scheduling.TaskImpl.run(Tasks.kt:89)\n\tat kotlinx.coroutines.scheduling.CoroutineScheduler.runSafely(CoroutineScheduler.kt:586)\n\tat kotlinx.coroutines.scheduling.CoroutineScheduler$Worker.executeTask(CoroutineScheduler.kt:798)\n\tat kotlinx.coroutines.scheduling.CoroutineScheduler$Worker.runWorker(CoroutineScheduler.kt:717)\n\tat kotlinx.coroutines.scheduling.CoroutineScheduler$Worker.run(CoroutineScheduler.kt:704)\n","traceId":"00000000000000000000000000000000","spanId":"0000000000000000","enabled":true}
{"@timestamp":"2026-10-09T11:45:17.64689302-03:00","@version":"1","message":"saga-db-pool - Shutdown initiated...","logger_name":"com.zaxxer.hikari.HikariDataSource","thread_name":"DefaultDispatcher-worker-7","level":"INFO","level_value":20000}
{"@timestamp":"2026-10-09T11:45:17.64733264-03:00","@version":"1","message":"saga-db-pool - Shutdown completed.","logger_name":"com.zaxxer.hikari.HikariDataSource","thread_name":"DefaultDispatcher-worker-7","level":"INFO","level_value":20000}
{"@timestamp":"2026-10-09T11:45:17.742116625-03:00","@version":"1","message":"Application started in 0.086 seconds.","logger_name":"io.ktor.test","thread_name":"DefaultDispatcher-worker-7 @call-context#5525","level":"INFO","level_value":20000}
{"@timestamp":"2026-10-09T11:45:17.742287527-03:00","@version":"1","message":"Responding at http://localhost:80","logger_name":"io.ktor.test","thread_name":"DefaultDispatcher-worker-4 @coroutine#5610","level":"INFO","level_value":20000}
{"@timestamp":"2026-10-09T11:45:17.742339255-03:00","@version":"1","message":"Responding at https://localhost:443","logger_name":"io.ktor.test","thread_name":"DefaultDispatcher-worker-4 @coroutine#5610","level":"INFO","level_value":20000}
{"@timestamp":"2026-10-09T11:45:17.750437269-03:00","@version":"1","message":"200 OK POST /workflows/run","logger_name":"io.ktor.test","thread_name":"DefaultDispatcher-worker-7 @request#5525","level":"INFO","level_value":20000,"traceId":"00000000000000000000000000000000","spanId":"0000000000000000"}
{"@timestamp":"2026-10-09T11:45:17.767107352-03:00","@version":"1","message":"200 OK GET /workflows/61d7556b-4be6-468a-9a63-88849e99a20b","logger_name":"io.ktor.test","thread_name":"DefaultDispatcher-worker-7 @request#5617","level":"INFO","level_value":20000,"traceId":"00000000000000000000000000000000","spanId":"0000000000000000"}
{"@timestamp":"2026-10-09T11:45:17.817104216-03:00","@version":"1","message":"saga finished","logger_name":"run.trama.saga.workflow.WorkflowExecutor","thread_name":"DefaultDispatcher-worker-3 @coroutine#5599","level":"INFO","level_value":20000,"traceId":"00000000000000000000000000000000","spanId":"0000000000000000","sagaId":"61d7556b-4be6-468a-9a63-88849e99a20b","sagaName":"metrics-enq-8cb0db75","status":"SUCCEEDED","durationMs":71}
{"@timestamp":"2026-10-09T11:45:17.972341281-03:00","@version":"1","message":"200 OK GET /workflows/61d7556b-4be6-468a-9a63-88849e99a20b","logger_name":"io.ktor.test","thread_name":"DefaultDispatcher-worker-3 @request#5624","level":"INFO","level_value":20000,"traceId":"00000000000000000000000000000000","spanId":"0000000000000000"}
{"@timestamp":"2026-10-09T11:45:17.992343803-03:00","@version":"1","message":"200 OK GET /metrics","logger_name":"io.ktor.test","thread_name":"DefaultDispatcher-worker-3 @request#5628","level":"INFO","level_value":20000,"traceId":"00000000000000000000000000000000","spanId":"0000000000000000"}
{"@timestamp":"2026-10-09T11:45:18.002469775-03:00","@version":"1","message":"saga-db-pool - Shutdown initiated...","logger_name":"com.zaxxer.hikari.HikariDataSource","thread_name":"DefaultDispatcher-worker-3","level":"INFO","level_value":20000}
{"@timestamp":"2026-10-09T11:45:18.003239036-03:00","@version":"1","message":"saga-db-pool - Shutdown completed.","logger_name":"com.zaxxer.hikari.HikariDataSource","thread_name":"DefaultDispatcher-worker-3","level":"INFO","level_value":20000}
{"@timestamp":"2026-10-09T11:45:18.063880642-03:00","@version":"1","message":"Application started in 0.052 seconds.","logger_name":"io.ktor.test","thread_name":"DefaultDispatcher-worker-3 @call-context#5636","level":"INFO","level_value":20000}
{"@timestamp":"2026-10-09T11:45:18.064031918-03:00","@version":"1","message":"Responding at http://localhost:80","logger_name":"io.ktor.test","thread_name":"DefaultDispatcher-worker-4 @coroutine#5721","level":"INFO","level_value":20000}
{"@timestamp":"2026-10-09T11:45:18.064089266-03:00","@version":"1","message":"Responding at https://localhost:443","logger_name":"io.ktor.test","thread_name":"DefaultDispatcher-worker-4 @coroutine#5721","level":"INFO","level_value":20000}
{"@timestamp":"2026-10-09T11:45:18.065170336-03:00","@version":"1","message":"200 OK GET /healthz","logger_name":"io.ktor.test","thread_name":"DefaultDispatcher-worker-3 @request#5636","level":"INFO","level_value":20000,"traceId":"00000000000000000000000000000000","spanId":"0000000000000000"}
{"@timestamp":"2026-10-09T11:45:18.067125286-03:00","@version":"1","message":"200 OK GET /readyz","logger_name":"io.ktor.test","thread_name":"DefaultDispatcher-worker-6 @request#5728","level":"INFO","level_value":20000,"traceId":"00000000000000000000000000000000","spanId":"0000000000000000"}
{"@timestamp":"2026-10-09T11:45:18.069075516-03:00","@version":"1","message":"partition maintenance failed","logger_name":"run.trama.runtime.PartitionMaintenance","thread_name":"DefaultDispatcher-worker-7 @coroutine#5713","level":"WARN","level_value":30000,"stack_trace":"kotlinx.coroutines.JobCancellationException: StandaloneCoroutine was cancelled; job=\"coroutine#5713\":StandaloneCoroutine{Cancelling}@67b86dc7\n\tat kotlinx.coroutines.JobSupport.cancel(JobSupport.kt:1682)\n\tat kotlinx.coroutines.Job.cancel$default(Job.kt:207)\n\tat run.trama.runtime.RuntimeBootstrap$stop$1.invokeSuspend(RuntimeBootstrap.kt:326)\n\tat _COROUTINE._BOUNDARY._(CoroutineDebugging.kt:42)\n\tat run.trama.runtime.PartitionMaintenance.runLoop(PartitionMaintenance.kt:24)\n\tat run.trama.runtime.RuntimeBootstrap$startWorkers$7.invokeSuspend(RuntimeBootstrap.kt:212)\nCaused by: kotlinx.coroutines.JobCancellationException: StandaloneCoroutine was cancelled; job=\"coroutine#5713\":StandaloneCoroutine{Cancelling}@67b86dc7\n\tat kotlinx.coroutines.JobSupport.cancel(JobSupport.kt:1682)\n\tat kotlinx.coroutines.Job.cancel$default(Job.kt:207)\n\tat run.trama.runtime.RuntimeBootstrap$stop$1.invokeSuspend(RuntimeBootstrap.kt:326)\n\tat kotlin.coroutines.jvm.internal.BaseContinuationImpl.resumeWith(ContinuationImpl.kt:34)\n\tat kotlinx.coroutines.DispatchedTask.run(DispatchedTask.kt:100)\n\tat kotlinx.coroutines.EventLoopImplBase.processNextEvent(EventLoop.common.kt:256)\n\tat kotlinx.coroutines.BlockingCoroutine.joinBlocking(Builders.kt:54)\n\tat kotlinx.coroutines.BuildersKt__BuildersKt.runBlockingImpl(Builders.kt:30)\n\tat kotlinx.coroutines.BuildersKt.runBlockingImpl(Unknown Source)\n\tat kotlinx.coroutines.BuildersKt__Builders_concurrentKt.runBlockingK(Builders.concurrent.kt:172)\n\tat kotlinx.coroutines.BuildersKt.runBlockingK(Unknown Source)\n\tat kotlinx.coroutines.BuildersKt__Builders_concurrentKt.runBlockingK$default(Builders.concurrent.kt:157)\n\tat kotlinx.coroutines.BuildersKt.runBlockingK$default(Unknown Source)\n\tat run.trama.runtime.RuntimeBootstrap.stop(RuntimeBootstrap.kt:322)\n\tat run.trama.app.ApplicationKt.module$lambda$2(Application.kt:134)\n\tat io.ktor.events.Events.raise(Events.kt:52)\n\tat io.ktor.server.engine.EmbeddedServer.safeRaiseEvent(EmbeddedServerJvm.kt:287)\n\tat io.ktor.server.engine.EmbeddedServer.destroyApplication(EmbeddedServerJvm.kt:300)\n\tat io.ktor.server.engine.EmbeddedServer.stop(EmbeddedServerJvm.kt:411)\n\tat io.ktor.server.engine.EmbeddedServer.stop(EmbeddedServerJvm.kt:419)\n\tat io.ktor.server.engine.EmbeddedServer$stopSuspend$2.invokeSuspend(EmbeddedServerJvm.kt:423)\n\tat kotlin.coroutines.jvm.internal.BaseContinuationImpl.resumeWith(ContinuationImpl.kt:34)\n\tat kotlinx.coroutines.DispatchedTask.run(DispatchedTask.kt:100)\n\tat kotlinx.coroutines.internal.LimitedDispatcher$Worker.run(LimitedDispatcher.kt:124)\n\tat kotlinx.coroutines.scheduling.TaskImpl.run(Tasks.kt:89)\n\tat kotlinx.coroutines.scheduling.CoroutineScheduler.runSafely(CoroutineScheduler.kt:586)\n\tat kotlinx.coroutines.scheduling.CoroutineScheduler$Worker.executeTask(CoroutineScheduler.kt:798)\n\tat kotlinx.coroutines.scheduling.CoroutineScheduler$Worker.runWorker(CoroutineScheduler.kt:717)\n\tat kotlinx.coroutines.scheduling.CoroutineScheduler$Worker.run(CoroutineScheduler.kt:704)\n","enabled":true}
{"@timestamp":"2026-10-09T11:45:18.118625289-03:00","@version":"1","message":"saga-db-pool - Shutdown initiated...","logger_name":"com.zaxxer.hikari.HikariDataSource","thread_name":"DefaultDispatcher-worker-12","level":"INFO","level_value":20000}
{"@timestamp":"2026-10-09T11:45:18.119064578-03:00","@version":"1","message":"saga-db-pool - Shutdown completed.","logger_name":"com.zaxxer.hikari.HikariDataSource","thread_name":"DefaultDispatcher-worker-12","level":"INFO","level_value":20000}
{"@timestamp":"2026-10-09T11:45:18.203266027-03:00","@version":"1","message":"Application started in 0.076 seconds.","logger_name":"io.ktor.test","thread_name":"DefaultDispatcher-worker-12 @call-context#5736","level":"INFO","level_value":20000}
{"@timestamp":"2026-10-09T11:45:18.203509256-03:00","@version":"1","message":"Responding at http://localhost:80","logger_name":"io.ktor.test","thread_name":"DefaultDispatcher-worker-8 @coroutine#5821","level":"INFO","level_value":20000,"traceId":"00000000000000000000000000000000","spanId":"0000000000000000"}
{"@timestamp":"2026-10-09T11:45:18.20355868-03:00","@version":"1","message":"Responding at https://localhost:443","logger_name":"io.ktor.test","thread_name":"DefaultDispatcher-worker-8 @coroutine#5821","level":"INFO","level_value":20000,"traceId":"00000000000000000000000000000000","spanId":"0000000000000000"}
{"@timestamp":"2026-10-09T11:45:18.211355744-03:00","@version":"1","message":"200 OK POST /workflows/run","logger_name":"io.ktor.test","thread_name":"DefaultDispatcher-worker-12 @request#5736","level":"INFO","level_value":20000,"traceId":"00000000000000000000000000000000","spanId":"0000000000000000"}
{"@timestamp":"2026-10-09T11:45:18.22214139-03:00","@version":"1","message":"200 OK GET /workflows/f23ccfcc-ed85-4915-9678-57703d1c4f3c","logger_name":"io.ktor.test","thread_name":"DefaultDispatcher-worker-4 @request#5828","level":"INFO","level_value":20000,"traceId":"00000000000000000000000000000000","spanId":"0000000000000000"}
{"@timestamp":"2026-10-09T11:45:18.259978438-03:00","@version":"1","message":"switch evaluated","logger_name":"run.trama.saga.workflow.WorkflowExecutor","thread_name":"DefaultDispatcher-worker-3 @coroutine#5810","level":"INFO","level_value":20000,"traceId":"00000000000000000000000000000000","spanId":"0000000000000000","sagaId":"f23ccfcc-ed85-4915-9678-57703d1c4f3c","nodeId":"route","target":"a","matchedCase":null,"usedDefault":true}
{"@timestamp":"2026-10-09T11:45:18.272478268-03:00","@version":"1","message":"saga finished","logger_name":"run.trama.saga.workflow.WorkflowExecutor","thread_name":"DefaultDispatcher-worker-3 @coroutine#5810","level":"INFO","level_value":20000,"traceId":"00000000000000000000000000000000","spanId":"0000000000000000","sagaId":"f23ccfcc-ed85-4915-9678-57703d1c4f3c","sagaName":"metrics-5047f3a7","status":"SUCCEEDED","durationMs":66}
{"@timestamp":"2026-10-09T11:45:18.427269427-03:00","@version":"1","message":"200 OK GET /workflows/f23ccfcc-ed85-4915-9678-57703d1c4f3c","logger_name":"io.ktor.test","thread_name":"DefaultDispatcher-worker-3 @request#5835","level":"INFO","level_value":20000,"traceId":"00000000000000000000000000000000","spanId":"0000000000000000"}
{"@timestamp":"2026-10-09T11:45:18.433216681-03:00","@version":"1","message":"200 OK GET /metrics","logger_name":"io.ktor.test","thread_name":"DefaultDispatcher-worker-3 @request#5839","level":"INFO","level_value":20000,"traceId":"00000000000000000000000000000000","spanId":"0000000000000000"}
{"@timestamp":"2026-10-09T11:45:18.461225561-03:00","@version":"1","message":"saga-db-pool - Shutdown initiated...","logger_name":"com.zaxxer.hikari.HikariDataSource","thread_name":"DefaultDispatcher-worker-3","level":"INFO","level_value":20000}
{"@timestamp":"2026-10-09T11:45:18.461961891-03:00","@version":"1","message":"saga-db-pool - Shutdown completed.","logger_name":"com.zaxxer.hikari.HikariDataSource","thread_name":"DefaultDispatcher-worker-3","level":"INFO","level_value":20000}
{"@timestamp":"2026-10-09T11:45:18.530824582-03:00","@version":"1","message":"Application started in 0.06 seconds.","logger_name":"io.ktor.test","thread_name":"DefaultDispatcher-worker-3 @call-context#5847","level":"INFO","level_value":20000}
{"@timestamp":"2026-10-09T11:45:18.530964276-03:00","@version":"1","message":"Responding at http://localhost:80","logger_name":"io.ktor.test","thread_name":"DefaultDispatcher-worker-8 @coroutine#5932","level":"INFO","level_value":20000,"traceId":"00000000000000000000000000000000","spanId":"0000000000000000"}
{"@timestamp":"2026-10-09T11:45:18.531015923-03:00","@version":"1","message":"Responding at https://localhost:443","logger_name":"io.ktor.test","thread_name":"DefaultDispatcher-worker-8 @coroutine#5932","level":"INFO","level_value":20000,"traceId":"00000000000000000000000000000000","spanId":"0000000000000000"}
{"@timestamp":"2026-10-09T11:45:18.539468685-03:00","@version":"1","message":"200 OK POST /workflows/run","logger_name":"io.ktor.test","thread_name":"DefaultDispatcher-worker-9 @request#5847","level":"INFO","level_value":20000,"traceId":"00000000000000000000000000000000","spanId":"0000000000000000"}
{"@timestamp":"2026-10-09T11:45:18.548608104-03:00","@version":"1","message":"200 OK GET /workflows/3c749d65-4b09-4ac7-9bc1-803286a0485e","logger_name":"io.ktor.test","thread_name":"DefaultDispatcher-worker-5 @request#5939","level":"INFO","level_value":20000,"traceId":"00000000000000000000000000000000","spanId":"0000000000000000"}
{"@timestamp":"2026-10-09T11:45:18.596312504-03:00","@version":"1","message":"async node waiting for callback","logger_name":"run.trama.saga.workflow.WorkflowExecutor","thread_name":"DefaultDispatcher-worker-11 @coroutine#5921","level":"INFO","level_value":20000,"traceId":"00000000000000000000000000000000","spanId":"0000000000000000","sagaId":"3c749d65-4b09-4ac7-9bc1-803286a0485e","nodeId":"auth","deadlineAt":"2026-10-09T14:45:48.586911892Z"}
{"@timestamp":"2026-10-09T11:45:18.753461784-03:00","@version":"1","message":"200 OK GET /workflows/3c749d65-4b09-4ac7-9bc1-803286a0485e","logger_name":"io.ktor.test","thread_name":"DefaultDispatcher-worker-11 @request#5946","level":"INFO","level_value":20000,"traceId":"00000000000000000000000000000000","spanId":"0000000000000000"}
{"@timestamp":"2026-10-09T11:45:18.758426844-03:00","@version":"1","message":"callback received","logger_name":"run.trama.saga.callback.CallbackReceiver","thread_name":"DefaultDispatcher-worker-11 @request#5950","level":"INFO","level_value":20000,"traceId":"00000000000000000000000000000000","spanId":"0000000000000000","executionId":"3c749d65-4b09-4ac7-9bc1-803286a0485e","nodeId":"auth","attempt":0,"isSuccess":true}
{"@timestamp":"2026-10-09T11:45:18.76125415-03:00","@version":"1","message":"execution resumed after async callback","logger_name":"run.trama.saga.callback.CallbackReceiver","thread_name":"DefaultDispatcher-worker-11 @request#5950","level":"INFO","level_value":20000,"traceId":"00000000000000000000000000000000","spanId":"0000000000000000","executionId":"3c749d65-4b09-4ac7-9bc1-803286a0485e","nodeId":"auth","nextNodeId":"done"}
{"@timestamp":"2026-10-09T11:45:18.761588411-03:00","@version":"1","message":"202 Accepted POST /workflows/3c749d65-4b09-4ac7-9bc1-803286a0485e/node/auth/callback","logger_name":"io.ktor.test","thread_name":"DefaultDispatcher-worker-11 @request#5950","level":"INFO","level_value":20000,"traceId":"00000000000000000000000000000000","spanId":"0000000000000000"}
{"@timestamp":"2026-10-09T11:45:18.765266642-03:00","@version":"1","message":"callback arrived but no waiting entry found","logger_name":"run.trama.saga.callback.CallbackReceiver","thread_name":"DefaultDispatcher-worker-5 @request#5951","level":"WARN","level_value":30000,"traceId":"00000000000000000000000000000000","spanId":"0000000000000000","executionId":"3c749d65-4b09-4ac7-9bc1-803286a0485e","nodeId":"auth"}
{"@timestamp":"2026-10-09T11:45:18.765887684-03:00","@version":"1","message":"410 callback expired or already processed POST /workflows/3c749d65-4b09-4ac7-9bc1-803286a0485e/node/auth/callback","logger_name":"io.ktor.test","thread_name":"DefaultDispatcher-worker-5 @request#5951","level":"INFO","level_value":20000,"traceId":"00000000000000000000000000000000","spanId":"0000000000000000"}
{"@timestamp":"2026-10-09T11:45:18.769872615-03:00","@version":"1","message":"200 OK GET /workflows/3c749d65-4b09-4ac7-9bc1-803286a0485e","logger_name":"io.ktor.test","thread_name":"DefaultDispatcher-worker-2 @request#5955","level":"INFO","level_value":20000,"traceId":"00000000000000000000000000000000","spanId":"0000000000000000"}
{"@timestamp":"2026-10-09T11:45:18.800721935-03:00","@version":"1","message":"saga finished","logger_name":"run.trama.saga.workflow.WorkflowExecutor","thread_name":"DefaultDispatcher-worker-9 @coroutine#5922","level":"INFO","level_value":20000,"traceId":"00000000000000000000000000000000","spanId":"0000000000000000","sagaId":"3c749d65-4b09-4ac7-9bc1-803286a0485e","sagaName":"pg-async-b61228cc","status":"SUCCEEDED","durationMs":268}
{"@timestamp":"2026-10-09T11:45:18.979346484-03:00","@version":"1","message":"200 OK GET /workflows/3c749d65-4b09-4ac7-9bc1-803286a0485e","logger_name":"io.ktor.test","thread_name":"DefaultDispatcher-worker-9 @request#5962","level":"INFO","level_value":20000,"traceId":"00000000000000000000000000000000","spanId":"0000000000000000"}
{"@timestamp":"2026-10-09T11:45:18.990511195-03:00","@version":"1","message":"saga-db-pool - Shutdown initiated...","logger_name":"com.zaxxer.hikari.HikariDataSource","thread_name":"DefaultDispatcher-worker-3","level":"INFO","level_value":20000,"traceId":"00000000000000000000000000000000","spanId":"0000000000000000"}
{"@timestamp":"2026-10-09T11:45:18.990956215-03:00","@version":"1","message":"saga-db-pool - Shutdown completed.","logger_name":"com.zaxxer.hikari.HikariDataSource","thread_name":"DefaultDispatcher-worker-3","level":"INFO","level_value":20000,"traceId":"00000000000000000000000000000000","spanId":"0000000000000000"}
{"@timestamp":"2026-10-09T11:45:19.041136602-03:00","@version":"1","message":"Application started in 0.044 seconds.","logger_name":"io.ktor.test","thread_name":"DefaultDispatcher-worker-3 @call-context#5970","level":"INFO","level_value":20000,"traceId":"00000000000000000000000000000000","spanId":"0000000000000000"}
{"@timestamp":"2026-10-09T11:45:19.041296193-03:00","@version":"1","message":"Responding at http://localhost:80","logger_name":"io.ktor.test","thread_name":"DefaultDispatcher-worker-1 @coroutine#6055","level":"INFO","level_value":20000}
{"@timestamp":"2026-10-09T11:45:19.041336439-03:00","@version":"1","message":"Responding at https://localhost:443","logger_name":"io.ktor.test","thread_name":"DefaultDispatcher-worker-1 @coroutine#6055","level":"INFO","level_value":20000}
{"@timestamp":"2026-10-09T11:45:19.048761952-03:00","@version":"1","message":"200 OK POST /workflows/run","logger_name":"io.ktor.test","thread_name":"DefaultDispatcher-worker-3 @request#5970","level":"INFO","level_value":20000,"traceId":"00000000000000000000000000000000","spanId":"0000000000000000"}
{"@timestamp":"2026-10-09T11:45:19.055619092-03:00","@version":"1","message":"200 OK GET /workflows/904f408a-72d5-4372-bcb6-0e0d7adac830","logger_name":"io.ktor.test","thread_name":"DefaultDispatcher-worker-10 @request#6062","level":"INFO","level_value":20000,"traceId":"00000000000000000000000000000000","spanId":"0000000000000000"}
{"@timestamp":"2026-10-09T11:45:19.108105689-03:00","@version":"1","message":"saga sleeping","logger_name":"run.trama.saga.workflow.WorkflowExecutor","thread_name":"DefaultDispatcher-worker-6 @coroutine#6044","level":"INFO","level_value":20000,"traceId":"00000000000000000000000000000000","spanId":"0000000000000000","sagaId":"904f408a-72d5-4372-bcb6-0e0d7adac830","nodeId":"nap","wakeAt":"2026-10-09T14:55:19.106129771Z","delayMillis":600000}
{"@timestamp":"2026-10-09T11:45:19.260094257-03:00","@version":"1","message":"200 OK GET /workflows/904f408a-72d5-4372-bcb6-0e0d7adac830","logger_name":"io.ktor.test","thread_name":"DefaultDispatcher-worker-6 @request#6069","level":"INFO","level_value":20000,"traceId":"00000000000000000000000000000000","spanId":"0000000000000000"}
{"@timestamp":"2026-10-09T11:45:19.2763749-03:00","@version":"1","message":"202 Accepted POST /workflows/904f408a-72d5-4372-bcb6-0e0d7adac830/wake","logger_name":"io.ktor.test","thread_name":"DefaultDispatcher-worker-6 @request#6073","level":"INFO","level_value":20000,"traceId":"00000000000000000000000000000000","spanId":"0000000000000000"}
{"@timestamp":"2026-10-09T11:45:19.281000529-03:00","@version":"1","message":"200 OK GET /workflows/904f408a-72d5-4372-bcb6-0e0d7adac830","logger_name":"io.ktor.test","thread_name":"DefaultDispatcher-worker-6 @request#6074","level":"INFO","level_value":20000,"traceId":"00000000000000000000000000000000","spanId":"0000000000000000"}
{"@timestamp":"2026-10-09T11:45:19.304498232-03:00","@version":"1","message":"saga waking up","logger_name":"run.trama.saga.workflow.WorkflowExecutor","thread_name":"DefaultDispatcher-worker-6 @coroutine#6045","level":"INFO","level_value":20000,"traceId":"00000000000000000000000000000000","spanId":"0000000000000000","sagaId":"904f408a-72d5-4372-bcb6-0e0d7adac830","nextNodeId":"b"}
{"@timestamp":"2026-10-09T11:45:19.316992079-03:00","@version":"1","message":"saga finished","logger_name":"run.trama.saga.workflow.WorkflowExecutor","thread_name":"DefaultDispatcher-worker-6 @coroutine#6045","level":"INFO","level_value":20000,"traceId":"00000000000000000000000000000000","spanId":"0000000000000000","sagaId":"904f408a-72d5-4372-bcb6-0e0d7adac830","sagaName":"pg-wake-f1992993","status":"SUCCEEDED","durationMs":274}
{"@timestamp":"2026-10-09T11:45:19.485773817-03:00","@version":"1","message":"200 OK GET /workflows/904f408a-72d5-4372-bcb6-0e0d7adac830","logger_name":"io.ktor.test","thread_name":"DefaultDispatcher-worker-6 @request#6081","level":"INFO","level_value":20000,"traceId":"00000000000000000000000000000000","spanId":"0000000000000000"}
{"@timestamp":"2026-10-09T11:45:19.502416623-03:00","@version":"1","message":"saga-db-pool - Shutdown initiated...","logger_name":"com.zaxxer.hikari.HikariDataSource","thread_name":"DefaultDispatcher-worker-4","level":"INFO","level_value":20000}
{"@timestamp":"2026-10-09T11:45:19.502792112-03:00","@version":"1","message":"saga-db-pool - Shutdown completed.","logger_name":"com.zaxxer.hikari.HikariDataSource","thread_name":"DefaultDispatcher-worker-4","level":"INFO","level_value":20000}
{"@timestamp":"2026-10-09T11:45:19.579509145-03:00","@version":"1","message":"Application started in 0.07 seconds.","logger_name":"io.ktor.test","thread_name":"DefaultDispatcher-worker-4 @call-context#6089","level":"INFO","level_value":20000}
{"@timestamp":"2026-10-09T11:45:19.579778273-03:00","@version":"1","message":"Responding at http://localhost:80","logger_name":"io.ktor.test","thread_name":"DefaultDispatcher-worker-11 @coroutine#6174","level":"INFO","level_value":20000}
{"@timestamp":"2026-10-09T11:45:19.579835481-03:00","@version":"1","message":"Responding at https://localhost:443","logger_name":"io.ktor.test","thread_name":"DefaultDispatcher-worker-11 @coroutine#6174","level":"INFO","level_value":20000}
{"@timestamp":"2026-10-09T11:45:19.588607875-03:00","@version":"1","message":"200 OK POST /workflows/run","logger_name":"io.ktor.test","thread_name":"DefaultDispatcher-worker-4 @request#6089","level":"INFO","level_value":20000,"traceId":"00000000000000000000000000000000","spanId":"0000000000000000"}
{"@timestamp":"2026-10-09T11:45:19.599374803-03:00","@version":"1","message":"200 OK GET /workflows/8ff7ac95-6aa9-447b-9c70-d5bd893dc2d8","logger_name":"io.ktor.test","thread_name":"DefaultDispatcher-worker-2 @request#6181","level":"INFO","level_value":20000,"traceId":"00000000000000000000000000000000","spanId":"0000000000000000"}
{"@timestamp":"2026-10-09T11:45:19.643725547-03:00","@version":"1","message":"node completed","logger_name":"run.trama.saga.workflow.TaskNodeHandler","thread_name":"DefaultDispatcher-worker-5 @coroutine#6164","level":"INFO","level_value":20000,"traceId":"00000000000000000000000000000000","spanId":"0000000000000000","sagaId":"8ff7ac95-6aa9-447b-9c70-d5bd893dc2d8","nodeId":"b","phase":"UP","status":500}
{"@timestamp":"2026-10-09T11:45:19.644780769-03:00","@version":"1","message":"compensation scheduled","logger_name":"run.trama.saga.workflow.WorkflowExecutor","thread_name":"DefaultDispatcher-worker-5 @coroutine#6164","level":"INFO","level_value":20000,"traceId":"00000000000000000000000000000000","spanId":"0000000000000000","sagaId":"8ff7ac95-6aa9-447b-9c70-d5bd893dc2d8","failedNodeId":"b"}
{"@timestamp":"2026-10-09T11:45:19.703081147-03:00","@version":"1","message":"saga finished","logger_name":"run.trama.saga.workflow.WorkflowExecutor","thread_name":"DefaultDispatcher-worker-5 @coroutine#6163","level":"INFO","level_value":20000,"traceId":"00000000000000000000000000000000","spanId":"0000000000000000","sagaId":"8ff7ac95-6aa9-447b-9c70-d5bd893dc2d8","sagaName":"pg-sync-1c3365f6","status":"FAILED","durationMs":121}
{"@timestamp":"2026-10-09T11:45:19.803827937-03:00","@version":"1","message":"200 OK GET /workflows/8ff7ac95-6aa9-447b-9c70-d5bd893dc2d8","logger_name":"io.ktor.test","thread_name":"DefaultDispatcher-worker-5 @request#6194","level":"INFO","level_value":20000,"traceId":"00000000000000000000000000000000","spanId":"0000000000000000"}
{"@timestamp":"2026-10-09T11:45:19.809646948-03:00","@version":"1","message":"200 OK GET /workflows/8ff7ac95-6aa9-447b-9c70-d5bd893dc2d8/steps","logger_name":"io.ktor.test","thread_name":"DefaultDispatcher-worker-5 @request#6198","level":"INFO","level_value":20000,"traceId":"00000000000000000000000000000000","spanId":"0000000000000000"}
{"@timestamp":"2026-10-09T11:45:19.837375464-03:00","@version":"1","message":"saga-db-pool - Shutdown initiated...","logger_name":"com.zaxxer.hikari.HikariDataSource","thread_name":"DefaultDispatcher-worker-11","level":"INFO","level_value":20000}
{"@timestamp":"2026-10-09T11:45:19.83780261-03:00","@version":"1","message":"saga-db-pool - Shutdown completed.","logger_name":"com.zaxxer.hikari.HikariDataSource","thread_name":"DefaultDispatcher-worker-11","level":"INFO","level_value":20000}
{"@timestamp":"2026-10-09T11:45:19.902987761-03:00","@version":"1","message":"Application started in 0.056 seconds.","logger_name":"io.ktor.test","thread_name":"DefaultDispatcher-worker-11 @call-context#6206","level":"INFO","level_value":20000}
{"@timestamp":"2026-10-09T11:45:19.903126924-03:00","@version":"1","message":"Responding at http://localhost:80","logger_name":"io.ktor.test","thread_name":"DefaultDispatcher-worker-7 @coroutine#6291","level":"INFO","level_value":20000}
{"@timestamp":"2026-10-09T11:45:19.903158053-03:00","@version":"1","message":"Responding at https://localhost:443","logger_name":"io.ktor.test","thread_name":"DefaultDispatcher-worker-7 @coroutine#6291","level":"INFO","level_value":20000}
{"@timestamp":"2026-10-09T11:45:19.911028675-03:00","@version":"1","message":"200 OK POST /workflows/run","logger_name":"io.ktor.test","thread_name":"DefaultDispatcher-worker-11 @request#6206","level":"INFO","level_value":20000,"traceId":"00000000000000000000000000000000","spanId":"0000000000000000"}
{"@timestamp":"2026-10-09T11:45:19.920234147-03:00","@version":"1","message":"200 OK GET /workflows/3e411067-ea9e-4d16-8059-472a8b9199d5","logger_name":"io.ktor.test","thread_name":"DefaultDispatcher-worker-6 @request#6298","level":"INFO","level_value":20000,"traceId":"00000000000000000000000000000000","spanId":"0000000000000000"}
{"@timestamp":"2026-10-09T11:45:19.971246222-03:00","@version":"1","message":"saga sleeping","logger_name":"run.trama.saga.workflow.WorkflowExecutor","thread_name":"DefaultDispatcher-worker-9 @coroutine#6280","level":"INFO","level_value":20000,"traceId":"00000000000000000000000000000000","spanId":"0000000000000000","sagaId":"3e411067-ea9e-4d16-8059-472a8b9199d5","nodeId":"nap","wakeAt":"2026-10-09T14:45:21.968551907Z","delayMillis":2000}
{"@timestamp":"2026-10-09T11:45:20.124497454-03:00","@version":"1","message":"200 OK GET /workflows/3e411067-ea9e-4d16-8059-472a8b9199d5","logger_name":"io.ktor.test","thread_name":"DefaultDispatcher-worker-9 @request#6305","level":"INFO","level_value":20000,"traceId":"00000000000000000000000000000000","spanId":"0000000000000000"}
{"@timestamp":"2026-10-09T11:45:20.128238773-03:00","@version":"1","message":"200 OK GET /workflows/3e411067-ea9e-4d16-8059-472a8b9199d5","logger_name":"io.ktor.test","thread_name":"DefaultDispatcher-worker-7 @request#6309","level":"INFO","level_value":20000,"traceId":"00000000000000000000000000000000","spanId":"0000000000000000"}
{"@timestamp":"2026-10-09T11:45:20.3331282-03:00","@version":"1","message":"200 OK GET /workflows/3e411067-ea9e-4d16-8059-472a8b9199d5","logger_name":"io.ktor.test","thread_name":"DefaultDispatcher-worker-6 @request#6313","level":"INFO","level_value":20000,"traceId":"00000000000000000000000000000000","spanId":"0000000000000000"}
{"@timestamp":"2026-10-09T11:45:20.538055267-03:00","@version":"1","message":"200 OK GET /workflows/3e411067-ea9e-4d16-8059-472a8b9199d5","logger_name":"io.ktor.test","thread_name":"DefaultDispatcher-worker-9 @request#6317","level":"INFO","level_value":20000,"traceId":"00000000000000000000000000000000","spanId":"0000000000000000"}
{"@timestamp":"2026-10-09T11:45:20.742270812-03:00","@version":"1","message":"200 OK GET /workflows/3e411067-ea9e-4d16-8059-472a8b9199d5","logger_name":"io.ktor.test","thread_name":"DefaultDispatcher-worker-11 @request#6321","level":"INFO","level_value":20000,"traceId":"00000000000000000000000000000000","spanId":"0000000000000000"}
{"@timestamp":"2026-10-09T11:45:20.946807793-03:00","@version":"1","message":"200 OK GET /workflows/3e411067-ea9e-4d16-8059-472a8b9199d5","logger_name":"io.ktor.test","thread_name":"DefaultDispatcher-worker-9 @request#6325","level":"INFO","level_value":20000,"traceId":"00000000000000000000000000000000","spanId":"0000000000000000"}
{"@timestamp":"2026-10-09T11:45:21.152044592-03:00","@version":"1","message":"200 OK GET /workflows/3e411067-ea9e-4d16-8059-472a8b9199d5","logger_name":"io.ktor.test","thread_name":"DefaultDispatcher-worker-7 @request#6329","level":"INFO","level_value":20000,"traceId":"00000000000000000000000000000000","spanId":"0000000000000000"}
{"@timestamp":"2026-10-09T11:45:21.356571635-03:00","@version":"1","message":"200 OK GET /workflows/3e411067-ea9e-4d16-8059-472a8b9199d5","logger_name":"io.ktor.test","thread_name":"DefaultDispatcher-worker-9 @request#6333","level":"INFO","level_value":20000,"traceId":"00000000000000000000000000000000","spanId":"0000000000000000"}
{"@timestamp":"2026-10-09T11:45:21.560849367-03:00","@version":"1","message":"200 OK GET /workflows/3e411067-ea9e-4d16-8059-472a8b9199d5","logger_name":"io.ktor.test","thread_name":"DefaultDispatcher-worker-11 @request#6337","level":"INFO","level_value":20000,"traceId":"00000000000000000000000000000000","spanId":"0000000000000000"}
{"@timestamp":"2026-10-09T11:45:21.764964632-03:00","@version":"1","message":"200 OK GET /workflows/3e411067-ea9e-4d16-8059-472a8b9199d5","logger_name":"io.ktor.test","thread_name":"DefaultDispatcher-worker-6 @request#6341","level":"INFO","level_value":20000,"traceId":"00000000000000000000000000000000","spanId":"0000000000000000"}
{"@timestamp":"2026-10-09T11:45:21.968496937-03:00","@version":"1","message":"200 OK GET /workflows/3e411067-ea9e-4d16-8059-472a8b9199d5","logger_name":"io.ktor.test","thread_name":"DefaultDispatcher-worker-9 @request#6345","level":"INFO","level_value":20000,"traceId":"00000000000000000000000000000000","spanId":"0000000000000000"}
{"@timestamp":"2026-10-09T11:45:21.981493068-03:00","@version":"1","message":"saga waking up","logger_name":"run.trama.saga.workflow.WorkflowExecutor","thread_name":"DefaultDispatcher-worker-9 @coroutine#6281","level":"INFO","level_value":20000,"traceId":"00000000000000000000000000000000","spanId":"0000000000000000","sagaId":"3e411067-ea9e-4d16-8059-472a8b9199d5","nextNodeId":"b"}
{"@timestamp":"2026-10-09T11:45:21.994058477-03:00","@version":"1","message":"saga finished","logger_name":"run.trama.saga.workflow.WorkflowExecutor","thread_name":"DefaultDispatcher-worker-9 @coroutine#6281","level":"INFO","level_value":20000,"traceId":"00000000000000000000000000000000","spanId":"0000000000000000","sagaId":"3e411067-ea9e-4d16-8059-472a8b9199d5","sagaName":"pg-sleep-e5fbdfba","status":"SUCCEEDED","durationMs":2089}
{"@timestamp":"2026-10-09T11:45:22.172376192-03:00","@version":"1","message":"200 OK GET /workflows/3e411067-ea9e-4d16-8059-472a8b9199d5","logger_name":"io.ktor.test","thread_name":"DefaultDispatcher-worker-3 @request#6352","level":"INFO","level_value":20000,"traceId":"00000000000000000000000000000000","spanId":"0000000000000000"}
{"@timestamp":"2026-10-09T11:45:22.179835445-03:00","@version":"1","message":"saga-db-pool - Shutdown initiated...","logger_name":"com.zaxxer.hikari.HikariDataSource","thread_name":"DefaultDispatcher-worker-3","level":"INFO","level_value":20000}
{"@timestamp":"2026-10-09T11:45:22.180190294-03:00","@version":"1","message":"saga-db-pool - Shutdown completed.","logger_name":"com.zaxxer.hikari.HikariDataSource","thread_name":"DefaultDispatcher-worker-3","level":"INFO","level_value":20000}
{"@timestamp":"2026-10-09T11:45:22.246218086-03:00","@version":"1","message":"Application started in 0.059 seconds.","logger_name":"io.ktor.test","thread_name":"DefaultDispatcher-worker-3 @call-context#6360","level":"INFO","level_value":20000}
{"@timestamp":"2026-10-09T11:45:22.246491111-03:00","@version":"1","message":"Responding at http://localhost:80","logger_name":"io.ktor.test","thread_name":"DefaultDispatcher-worker-1 @coroutine#6445","level":"INFO","level_value":20000}
{"@timestamp":"2026-10-09T11:45:22.246523673-03:00","@version":"1","message":"Responding at https://localhost:443","logger_name":"io.ktor.test","thread_name":"DefaultDispatcher-worker-1 @coroutine#6445","level":"INFO","level_value":20000}
{"@timestamp":"2026-10-09T11:45:22.255823639-03:00","@version":"1","message":"200 OK POST /workflows/run","logger_name":"io.ktor.test","thread_name":"DefaultDispatcher-worker-3 @request#6360","level":"INFO","level_value":20000,"traceId":"00000000000000000000000000000000","spanId":"0000000000000000"}
{"@timestamp":"2026-10-09T11:45:22.273674437-03:00","@version":"1","message":"200 OK GET /workflows/d36a0bfe-2e52-4fb7-8723-cea9fd79873d","logger_name":"io.ktor.test","thread_name":"DefaultDispatcher-worker-3 @request#6452","level":"INFO","level_value":20000,"traceId":"00000000000000000000000000000000","spanId":"0000000000000000"}
{"@timestamp":"2026-10-09T11:45:22.311707021-03:00","@version":"1","message":"node completed","logger_name":"run.trama.saga.workflow.TaskNodeHandler","thread_name":"DefaultDispatcher-worker-8 @coroutine#6434","level":"INFO","level_value":20000,"traceId":"00000000000000000000000000000000","spanId":"0000000000000000","sagaId":"d36a0bfe-2e52-4fb7-8723-cea9fd79873d","nodeId":"b","phase":"UP","status":500}
{"@timestamp":"2026-10-09T11:45:22.313065113-03:00","@version":"1","message":"compensation scheduled","logger_name":"run.trama.saga.workflow.WorkflowExecutor","thread_name":"DefaultDispatcher-worker-1 @coroutine#6434","level":"INFO","level_value":20000,"traceId":"00000000000000000000000000000000","spanId":"0000000000000000","sagaId":"d36a0bfe-2e52-4fb7-8723-cea9fd79873d","failedNodeId":"b"}
{"@timestamp":"2026-10-09T11:45:22.361173908-03:00","@version":"1","message":"saga finished","logger_name":"run.trama.saga.workflow.WorkflowExecutor","thread_name":"DefaultDispatcher-worker-3 @coroutine#6435","level":"INFO","level_value":20000,"traceId":"00000000000000000000000000000000","spanId":"0000000000000000","sagaId":"d36a0bfe-2e52-4fb7-8723-cea9fd79873d","sagaName":"retry-v2-045e780c","status":"FAILED","durationMs":112}
{"@timestamp":"2026-10-09T11:45:22.478321786-03:00","@version":"1","message":"200 OK GET /workflows/d36a0bfe-2e52-4fb7-8723-cea9fd79873d","logger_name":"io.ktor.test","thread_name":"DefaultDispatcher-worker-3 @request#6459","level":"INFO","level_value":20000,"traceId":"00000000000000000000000000000000","spanId":"0000000000000000"}
{"@timestamp":"2026-10-09T11:45:22.485772042-03:00","@version":"1","message":"422 Unprocessable Entity POST /workflows/d36a0bfe-2e52-4fb7-8723-cea9fd79873d/retry","logger_name":"io.ktor.test","thread_name":"DefaultDispatcher-worker-3 @request#6463","level":"INFO","level_value":20000,"traceId":"00000000000000000000000000000000","spanId":"0000000000000000"}
{"@timestamp":"2026-10-09T11:45:22.516540251-03:00","@version":"1","message":"saga-db-pool - Shutdown initiated...","logger_name":"com.zaxxer.hikari.HikariDataSource","thread_name":"DefaultDispatcher-worker-3","level":"INFO","level_value":20000}
{"@timestamp":"2026-10-09T11:45:22.516961916-03:00","@version":"1","message":"saga-db-pool - Shutdown completed.","logger_name":"com.zaxxer.hikari.HikariDataSource","thread_name":"DefaultDispatcher-worker-3","level":"INFO","level_value":20000}
{"@timestamp":"2026-10-09T11:45:22.567318302-03:00","@version":"1","message":"Application started in 0.043 seconds.","logger_name":"io.ktor.test","thread_name":"DefaultDispatcher-worker-3 @call-context#6471","level":"INFO","level_value":20000}
{"@timestamp":"2026-10-09T11:45:22.567473615-03:00","@version":"1","message":"Responding at http://localhost:80","logger_name":"io.ktor.test","thread_name":"DefaultDispatcher-worker-7 @coroutine#6556","level":"INFO","level_value":20000}
{"@timestamp":"2026-10-09T11:45:22.56752391-03:00","@version":"1","message":"Responding at https://localhost:443","logger_name":"io.ktor.test","thread_name":"DefaultDispatcher-worker-7 @coroutine#6556","level":"INFO","level_value":20000}
{"@timestamp":"2026-10-09T11:45:22.574293421-03:00","@version":"1","message":"200 OK POST /workflows/run","logger_name":"io.ktor.test","thread_name":"DefaultDispatcher-worker-3 @request#6471","level":"INFO","level_value":20000,"traceId":"00000000000000000000000000000000","spanId":"0000000000000000"}
{"@timestamp":"2026-10-09T11:45:22.583282891-03:00","@version":"1","message":"200 OK GET /workflows/9461f32e-e346-49dd-9465-b97e86e5b58f","logger_name":"io.ktor.test","thread_name":"DefaultDispatcher-worker-1 @request#6563","level":"INFO","level_value":20000,"traceId":"00000000000000000000000000000000","spanId":"0000000000000000"}
{"@timestamp":"2026-10-09T11:45:22.637064789-03:00","@version":"1","message":"node completed","logger_name":"run.trama.saga.workflow.TaskNodeHandler","thread_name":"DefaultDispatcher-worker-1 @coroutine#6546","level":"INFO","level_value":20000,"traceId":"00000000000000000000000000000000","spanId":"0000000000000000","sagaId":"9461f32e-e346-49dd-9465-b97e86e5b58f","nodeId":"charge","phase":"UP","status":500}
{"@timestamp":"2026-10-09T11:45:22.638298877-03:00","@version":"1","message":"compensation scheduled","logger_name":"run.trama.saga.workflow.WorkflowExecutor","thread_name":"DefaultDispatcher-worker-1 @coroutine#6546","level":"INFO","level_value":20000,"traceId":"00000000000000000000000000000000","spanId":"0000000000000000","sagaId":"9461f32e-e346-49dd-9465-b97e86e5b58f","failedNodeId":"charge"}
{"@timestamp":"2026-10-09T11:45:22.687959691-03:00","@version":"1","message":"saga finished","logger_name":"run.trama.saga.workflow.WorkflowExecutor","thread_name":"DefaultDispatcher-worker-4 @coroutine#6545","level":"INFO","level_value":20000,"traceId":"00000000000000000000000000000000","spanId":"0000000000000000","sagaId":"9461f32e-e346-49dd-9465-b97e86e5b58f","sagaName":"retry-payload-16aeb969","status":"FAILED","durationMs":118}
{"@timestamp":"2026-10-09T11:45:22.787375253-03:00","@version":"1","message":"200 OK GET /workflows/9461f32e-e346-49dd-9465-b97e86e5b58f","logger_name":"io.ktor.test","thread_name":"DefaultDispatcher-worker-4 @request#6576","level":"INFO","level_value":20000,"traceId":"00000000000000000000000000000000","spanId":"0000000000000000"}
{"@timestamp":"2026-10-09T11:45:22.795391738-03:00","@version":"1","message":"202 Accepted POST /workflows/9461f32e-e346-49dd-9465-b97e86e5b58f/retry","logger_name":"io.ktor.test","thread_name":"DefaultDispatcher-worker-4 @request#6580","level":"INFO","level_value":20000,"traceId":"00000000000000000000000000000000","spanId":"0000000000000000"}
{"@timestamp":"2026-10-09T11:45:22.799497654-03:00","@version":"1","message":"200 OK GET /workflows/9461f32e-e346-49dd-9465-b97e86e5b58f","logger_name":"io.ktor.test","thread_name":"DefaultDispatcher-worker-10 @request#6584","level":"INFO","level_value":20000,"traceId":"00000000000000000000000000000000","spanId":"0000000000000000"}
{"@timestamp":"2026-10-09T11:45:22.839600364-03:00","@version":"1","message":"saga finished","logger_name":"run.trama.saga.workflow.WorkflowExecutor","thread_name":"DefaultDispatcher-worker-5 @coroutine#6546","level":"INFO","level_value":20000,"traceId":"00000000000000000000000000000000","spanId":"0000000000000000","sagaId":"9461f32e-e346-49dd-9465-b97e86e5b58f","sagaName":"retry-payload-16aeb969","status":"SUCCEEDED","durationMs":270}
{"@timestamp":"2026-10-09T11:45:23.003553657-03:00","@version":"1","message":"200 OK GET /workflows/9461f32e-e346-49dd-9465-b97e86e5b58f","logger_name":"io.ktor.test","thread_name":"DefaultDispatcher-worker-10 @request#6594","level":"INFO","level_value":20000,"traceId":"00000000000000000000000000000000","spanId":"0000000000000000"}
{"@timestamp":"2026-10-09T11:45:23.029442286-03:00","@version":"1","message":"saga-db-pool - Shutdown initiated...","logger_name":"com.zaxxer.hikari.HikariDataSource","thread_name":"DefaultDispatcher-worker-5","level":"INFO","level_value":20000}
{"@timestamp":"2026-10-09T11:45:23.029820239-03:00","@version":"1","message":"saga-db-pool - Shutdown completed.","logger_name":"com.zaxxer.hikari.HikariDataSource","thread_name":"DefaultDispatcher-worker-5","level":"INFO","level_value":20000}
{"@timestamp":"2026-10-09T11:45:23.084333519-03:00","@version":"1","message":"Application started in 0.048 seconds.","logger_name":"io.ktor.test","thread_name":"DefaultDispatcher-worker-5 @call-context#6602","level":"INFO","level_value":20000}
{"@timestamp":"2026-10-09T11:45:23.08446126-03:00","@version":"1","message":"Responding at http://localhost:80","logger_name":"io.ktor.test","thread_name":"DefaultDispatcher-worker-4 @coroutine#6687","level":"INFO","level_value":20000}
{"@timestamp":"2026-10-09T11:45:23.084509311-03:00","@version":"1","message":"Responding at https://localhost:443","logger_name":"io.ktor.test","thread_name":"DefaultDispatcher-worker-4 @coroutine#6687","level":"INFO","level_value":20000}
{"@timestamp":"2026-10-09T11:45:23.092174631-03:00","@version":"1","message":"200 OK POST /workflows/run","logger_name":"io.ktor.test","thread_name":"DefaultDispatcher-worker-5 @request#6602","level":"INFO","level_value":20000,"traceId":"00000000000000000000000000000000","spanId":"0000000000000000"}
{"@timestamp":"2026-10-09T11:45:23.102872182-03:00","@version":"1","message":"200 OK GET /workflows/af2f8cbb-7262-4c48-852f-7cd87ead9255","logger_name":"io.ktor.test","thread_name":"DefaultDispatcher-worker-10 @request#6694","level":"INFO","level_value":20000,"traceId":"00000000000000000000000000000000","spanId":"0000000000000000"}
{"@timestamp":"2026-10-09T11:45:23.150528827-03:00","@version":"1","message":"node completed","logger_name":"run.trama.saga.workflow.TaskNodeHandler","thread_name":"DefaultDispatcher-worker-1 @coroutine#6676","level":"INFO","level_value":20000,"traceId":"00000000000000000000000000000000","spanId":"0000000000000000","sagaId":"af2f8cbb-7262-4c48-852f-7cd87ead9255","nodeId":"charge","phase":"UP","status":500}
{"@timestamp":"2026-10-09T11:45:23.151817929-03:00","@version":"1","message":"compensation scheduled","logger_name":"run.trama.saga.workflow.WorkflowExecutor","thread_name":"DefaultDispatcher-worker-1 @coroutine#6676","level":"INFO","level_value":20000,"traceId":"00000000000000000000000000000000","spanId":"0000000000000000","sagaId":"af2f8cbb-7262-4c48-852f-7cd87ead9255","failedNodeId":"charge"}
{"@timestamp":"2026-10-09T11:45:23.202662918-03:00","@version":"1","message":"saga finished","logger_name":"run.trama.saga.workflow.WorkflowExecutor","thread_name":"DefaultDispatcher-worker-7 @coroutine#6677","level":"INFO","level_value":20000,"traceId":"00000000000000000000000000000000","spanId":"0000000000000000","sagaId":"af2f8cbb-7262-4c48-852f-7cd87ead9255","sagaName":"retry-4e9404e4","status":"FAILED","durationMs":116}
{"@timestamp":"2026-10-09T11:45:23.307275621-03:00","@version":"1","message":"200 OK GET /workflows/af2f8cbb-7262-4c48-852f-7cd87ead9255","logger_name":"io.ktor.test","thread_name":"DefaultDispatcher-worker-10 @request#6707","level":"INFO","level_value":20000,"traceId":"00000000000000000000000000000000","spanId":"0000000000000000"}
{"@timestamp":"2026-10-09T11:45:23.313011382-03:00","@version":"1","message":"202 Accepted POST /workflows/af2f8cbb-7262-4c48-852f-7cd87ead9255/retry","logger_name":"io.ktor.test","thread_name":"DefaultDispatcher-worker-2 @request#6711","level":"INFO","level_value":20000,"traceId":"00000000000000000000000000000000","spanId":"0000000000000000"}
{"@timestamp":"2026-10-09T11:45:23.31715047-03:00","@version":"1","message":"200 OK GET /workflows/af2f8cbb-7262-4c48-852f-7cd87ead9255","logger_name":"io.ktor.test","thread_name":"DefaultDispatcher-worker-2 @request#6715","level":"INFO","level_value":20000,"traceId":"00000000000000000000000000000000","spanId":"0000000000000000"}
{"@timestamp":"2026-10-09T11:45:23.354742207-03:00","@version":"1","message":"saga finished","logger_name":"run.trama.saga.workflow.WorkflowExecutor","thread_name":"DefaultDispatcher-worker-5 @coroutine#6676","level":"INFO","level_value":20000,"traceId":"00000000000000000000000000000000","spanId":"0000000000000000","sagaId":"af2f8cbb-7262-4c48-852f-7cd87ead9255","sagaName":"retry-4e9404e4","status":"SUCCEEDED","durationMs":268}
{"@timestamp":"2026-10-09T11:45:23.521728288-03:00","@version":"1","message":"200 OK GET /workflows/af2f8cbb-7262-4c48-852f-7cd87ead9255","logger_name":"io.ktor.test","thread_name":"DefaultDispatcher-worker-1 @request#6725","level":"INFO","level_value":20000,"traceId":"00000000000000000000000000000000","spanId":"0000000000000000"}
{"@timestamp":"2026-10-09T11:45:23.544258401-03:00","@version":"1","message":"saga-db-pool - Shutdown initiated...","logger_name":"com.zaxxer.hikari.HikariDataSource","thread_name":"DefaultDispatcher-worker-5","level":"INFO","level_value":20000}
{"@timestamp":"2026-10-09T11:45:23.544660149-03:00","@version":"1","message":"saga-db-pool - Shutdown completed.","logger_name":"com.zaxxer.hikari.HikariDataSource","thread_name":"DefaultDispatcher-worker-5","level":"INFO","level_value":20000}
{"@timestamp":"2026-10-09T11:45:23.593890653-03:00","@version":"1","message":"Application started in 0.042 seconds.","logger_name":"io.ktor.test","thread_name":"DefaultDispatcher-worker-5 @call-context#6733","level":"INFO","level_value":20000}
{"@timestamp":"2026-10-09T11:45:23.593998587-03:00","@version":"1","message":"Responding at http://localhost:80","logger_name":"io.ktor.test","thread_name":"DefaultDispatcher-worker-6 @coroutine#6818","level":"INFO","level_value":20000}
{"@timestamp":"2026-10-09T11:45:23.594015719-03:00","@version":"1","message":"Responding at https://localhost:443","logger_name":"io.ktor.test","thread_name":"DefaultDispatcher-worker-6 @coroutine#6818","level":"INFO","level_value":20000}
{"@timestamp":"2026-10-09T11:45:23.607641063-03:00","@version":"1","message":"200 OK POST /workflows/run","logger_name":"io.ktor.test","thread_name":"DefaultDispatcher-worker-6 @request#6733","level":"INFO","level_value":20000,"traceId":"00000000000000000000000000000000","spanId":"0000000000000000"}
{"@timestamp":"2026-10-09T11:45:23.621890575-03:00","@version":"1","message":"200 OK GET /workflows/39709ca7-a7f2-452c-8442-b0d60ffb2c1f","logger_name":"io.ktor.test","thread_name":"DefaultDispatcher-worker-6 @request#6825","level":"INFO","level_value":20000,"traceId":"00000000000000000000000000000000","spanId":"0000000000000000"}
{"@timestamp":"2026-10-09T11:45:23.641052704-03:00","@version":"1","message":"saga finished","logger_name":"run.trama.saga.workflow.WorkflowExecutor","thread_name":"DefaultDispatcher-worker-6 @coroutine#6807","level":"INFO","level_value":20000,"traceId":"00000000000000000000000000000000","spanId":"0000000000000000","sagaId":"39709ca7-a7f2-452c-8442-b0d60ffb2c1f","sagaName":"retry-ok-04f5ed54","status":"SUCCEEDED","durationMs":45}
{"@timestamp":"2026-10-09T11:45:23.827424156-03:00","@version":"1","message":"200 OK GET /workflows/39709ca7-a7f2-452c-8442-b0d60ffb2c1f","logger_name":"io.ktor.test","thread_name":"DefaultDispatcher-worker-6 @request#6835","level":"INFO","level_value":20000,"traceId":"00000000000000000000000000000000","spanId":"0000000000000000"}
{"@timestamp":"2026-10-09T11:45:23.832274035-03:00","@version":"1","message":"409 Conflict POST /workflows/39709ca7-a7f2-452c-8442-b0d60ffb2c1f/retry","logger_name":"io.ktor.test","thread_name":"DefaultDispatcher-worker-1 @request#6839","level":"INFO","level_value":20000,"traceId":"00000000000000000000000000000000","spanId":"0000000000000000"}
{"@timestamp":"2026-10-09T11:45:23.863246886-03:00","@version":"1","message":"saga-db-pool - Shutdown initiated...","logger_name":"com.zaxxer.hikari.HikariDataSource","thread_name":"DefaultDispatcher-worker-6","level":"INFO","level_value":20000}
{"@timestamp":"2026-10-09T11:45:23.863740016-03:00","@version":"1","message":"saga-db-pool - Shutdown completed.","logger_name":"com.zaxxer.hikari.HikariDataSource","thread_name":"DefaultDispatcher-worker-6","level":"INFO","level_value":20000}
{"@timestamp":"2026-10-09T11:45:23.918281158-03:00","@version":"1","message":"Application started in 0.047 seconds.","logger_name":"io.ktor.test","thread_name":"DefaultDispatcher-worker-6 @call-context#6847","level":"INFO","level_value":20000}
{"@timestamp":"2026-10-09T11:45:23.918407987-03:00","@version":"1","message":"Responding at http://localhost:80","logger_name":"io.ktor.test","thread_name":"DefaultDispatcher-worker-5 @coroutine#6932","level":"INFO","level_value":20000,"traceId":"00000000000000000000000000000000","spanId":"0000000000000000"}
{"@timestamp":"2026-10-09T11:45:23.918439186-03:00","@version":"1","message":"Responding at https://localhost:443","logger_name":"io.ktor.test","thread_name":"DefaultDispatcher-worker-5 @coroutine#6932","level":"INFO","level_value":20000,"traceId":"00000000000000000000000000000000","spanId":"0000000000000000"}
{"@timestamp":"2026-10-09T11:45:23.919549761-03:00","@version":"1","message":"400 Bad Request POST /workflows/nope/retry","logger_name":"io.ktor.test","thread_name":"DefaultDispatcher-worker-6 @request#6847","level":"INFO","level_value":20000,"traceId":"00000000000000000000000000000000","spanId":"0000000000000000"}
{"@timestamp":"2026-10-09T11:45:23.928561192-03:00","@version":"1","message":"204 No Content POST /workflows/42126eb7-f22a-4a58-a660-f5f060d59a8f/retry","logger_name":"io.ktor.test","thread_name":"DefaultDispatcher-worker-2 @request#6939","level":"INFO","level_value":20000,"traceId":"00000000000000000000000000000000","spanId":"0000000000000000"}
{"@timestamp":"2026-10-09T11:45:23.975288112-03:00","@version":"1","message":"saga-db-pool - Shutdown initiated...","logger_name":"com.zaxxer.hikari.HikariDataSource","thread_name":"DefaultDispatcher-worker-2","level":"INFO","level_value":20000}
{"@timestamp":"2026-10-09T11:45:23.975653251-03:00","@version":"1","message":"saga-db-pool - Shutdown completed.","logger_name":"com.zaxxer.hikari.HikariDataSource","thread_name":"DefaultDispatcher-worker-2","level":"INFO","level_value":20000}
{"@timestamp":"2026-10-09T11:45:24.027731513-03:00","@version":"1","message":"Application started in 0.044 seconds.","logger_name":"io.ktor.test","thread_name":"DefaultDispatcher-worker-2 @call-context#6944","level":"INFO","level_value":20000}
{"@timestamp":"2026-10-09T11:45:24.027831973-03:00","@version":"1","message":"Responding at http://localhost:80","logger_name":"io.ktor.test","thread_name":"DefaultDispatcher-worker-11 @coroutine#7029","level":"INFO","level_value":20000}
{"@timestamp":"2026-10-09T11:45:24.027866418-03:00","@version":"1","message":"Responding at https://localhost:443","logger_name":"io.ktor.test","thread_name":"DefaultDispatcher-worker-11 @coroutine#7029","level":"INFO","level_value":20000}
{"@timestamp":"2026-10-09T11:45:24.036237709-03:00","@version":"1","message":"200 OK POST /workflows/run","logger_name":"io.ktor.test","thread_name":"DefaultDispatcher-worker-2 @request#6944","level":"INFO","level_value":20000,"traceId":"00000000000000000000000000000000","spanId":"0000000000000000"}
{"@timestamp":"2026-10-09T11:45:24.044733565-03:00","@version":"1","message":"200 OK GET /workflows/5d75225b-ea2f-4722-81a9-4d48c804f3fc","logger_name":"io.ktor.test","thread_name":"DefaultDispatcher-worker-6 @request#7036","level":"INFO","level_value":20000,"traceId":"00000000000000000000000000000000","spanId":"0000000000000000"}
{"@timestamp":"2026-10-09T11:45:24.097801481-03:00","@version":"1","message":"saga sleeping","logger_name":"run.trama.saga.workflow.WorkflowExecutor","thread_name":"DefaultDispatcher-worker-7 @coroutine#7018","level":"INFO","level_value":20000,"traceId":"00000000000000000000000000000000","spanId":"0000000000000000","sagaId":"5d75225b-ea2f-4722-81a9-4d48c804f3fc","nodeId":"nap","wakeAt":"2026-10-09T14:45:24.595540235Z","delayMillis":500}
{"@timestamp":"2026-10-09T11:45:24.249867692-03:00","@version":"1","message":"200 OK GET /workflows/5d75225b-ea2f-4722-81a9-4d48c804f3fc","logger_name":"io.ktor.test","thread_name":"DefaultDispatcher-worker-7 @request#7043","level":"INFO","level_value":20000,"traceId":"00000000000000000000000000000000","spanId":"0000000000000000"}
{"@timestamp":"2026-10-09T11:45:24.454565427-03:00","@version":"1","message":"200 OK GET /workflows/5d75225b-ea2f-4722-81a9-4d48c804f3fc","logger_name":"io.ktor.test","thread_name":"DefaultDispatcher-worker-9 @request#7047","level":"INFO","level_value":20000,"traceId":"00000000000000000000000000000000","spanId":"0000000000000000"}
{"@timestamp":"2026-10-09T11:45:24.641318661-03:00","@version":"1","message":"saga waking up","logger_name":"run.trama.saga.workflow.WorkflowExecutor","thread_name":"DefaultDispatcher-worker-4 @coroutine#7019","level":"INFO","level_value":20000,"traceId":"00000000000000000000000000000000","spanId":"0000000000000000","sagaId":"5d75225b-ea2f-4722-81a9-4d48c804f3fc","nextNodeId":null}
{"@timestamp":"2026-10-09T11:45:24.647607183-03:00","@version":"1","message":"saga finished","logger_name":"run.trama.saga.workflow.WorkflowExecutor","thread_name":"DefaultDispatcher-worker-7 @coroutine#7019","level":"INFO","level_value":20000,"traceId":"00000000000000000000000000000000","spanId":"0000000000000000","sagaId":"5d75225b-ea2f-4722-81a9-4d48c804f3fc","sagaName":"sleep-last-68329f1f","status":"SUCCEEDED","durationMs":618}
{"@timestamp":"2026-10-09T11:45:24.658381457-03:00","@version":"1","message":"200 OK GET /workflows/5d75225b-ea2f-4722-81a9-4d48c804f3fc","logger_name":"io.ktor.test","thread_name":"DefaultDispatcher-worker-7 @request#7051","level":"INFO","level_value":20000,"traceId":"00000000000000000000000000000000","spanId":"0000000000000000"}
{"@timestamp":"2026-10-09T11:45:24.688824704-03:00","@version":"1","message":"saga-db-pool - Shutdown initiated...","logger_name":"com.zaxxer.hikari.HikariDataSource","thread_name":"DefaultDispatcher-worker-7","level":"INFO","level_value":20000}
{"@timestamp":"2026-10-09T11:45:24.689277188-03:00","@version":"1","message":"saga-db-pool - Shutdown completed.","logger_name":"com.zaxxer.hikari.HikariDataSource","thread_name":"DefaultDispatcher-worker-7","level":"INFO","level_value":20000}
{"@timestamp":"2026-10-09T11:45:24.742919727-03:00","@version":"1","message":"Application started in 0.046 seconds.","logger_name":"io.ktor.test","thread_name":"DefaultDispatcher-worker-7 @call-context#7059","level":"INFO","level_value":20000}
{"@timestamp":"2026-10-09T11:45:24.743050033-03:00","@version":"1","message":"Responding at http://localhost:80","logger_name":"io.ktor.test","thread_name":"DefaultDispatcher-worker-1 @coroutine#7144","level":"INFO","level_value":20000}
{"@timestamp":"2026-10-09T11:45:24.743073307-03:00","@version":"1","message":"Responding at https://localhost:443","logger_name":"io.ktor.test","thread_name":"DefaultDispatcher-worker-1 @coroutine#7144","level":"INFO","level_value":20000}
{"@timestamp":"2026-10-09T11:45:24.751257676-03:00","@version":"1","message":"200 OK POST /workflows/run","logger_name":"io.ktor.test","thread_name":"DefaultDispatcher-worker-7 @request#7059","level":"INFO","level_value":20000,"traceId":"00000000000000000000000000000000","spanId":"0000000000000000"}
{"@timestamp":"2026-10-09T11:45:24.759895389-03:00","@version":"1","message":"200 OK GET /workflows/021e0f84-e06e-4297-9417-360a696e3906","logger_name":"io.ktor.test","thread_name":"DefaultDispatcher-worker-7 @request#7151","level":"INFO","level_value":20000,"traceId":"00000000000000000000000000000000","spanId":"0000000000000000"}
{"@timestamp":"2026-10-09T11:45:24.811062589-03:00","@version":"1","message":"saga sleeping","logger_name":"run.trama.saga.workflow.WorkflowExecutor","thread_name":"DefaultDispatcher-worker-8 @coroutine#7133","level":"INFO","level_value":20000,"traceId":"00000000000000000000000000000000","spanId":"0000000000000000","sagaId":"021e0f84-e06e-4297-9417-360a696e3906","nodeId":"nap","wakeAt":"2026-10-09T14:55:24.808549449Z","delayMillis":600000}
{"@timestamp":"2026-10-09T11:45:24.964375423-03:00","@version":"1","message":"200 OK GET /workflows/021e0f84-e06e-4297-9417-360a696e3906","logger_name":"io.ktor.test","thread_name":"DefaultDispatcher-worker-4 @request#7158","level":"INFO","level_value":20000,"traceId":"00000000000000000000000000000000","spanId":"0000000000000000"}
{"@timestamp":"2026-10-09T11:45:25.001514911-03:00","@version":"1","message":"saga-db-pool - Shutdown initiated...","logger_name":"com.zaxxer.hikari.HikariDataSource","thread_name":"DefaultDispatcher-worker-12","level":"INFO","level_value":20000}
{"@timestamp":"2026-10-09T11:45:25.004064992-03:00","@version":"1","message":"saga-db-pool - Shutdown completed.","logger_name":"com.zaxxer.hikari.HikariDataSource","thread_name":"DefaultDispatcher-worker-12","level":"INFO","level_value":20000}
{"@timestamp":"2026-10-09T11:45:25.079528322-03:00","@version":"1","message":"Application started in 0.065 seconds.","logger_name":"io.ktor.test","thread_name":"DefaultDispatcher-worker-12 @call-context#7166","level":"INFO","level_value":20000}
{"@timestamp":"2026-10-09T11:45:25.07972909-03:00","@version":"1","message":"Responding at http://localhost:80","logger_name":"io.ktor.test","thread_name":"DefaultDispatcher-worker-8 @coroutine#7251","level":"INFO","level_value":20000}
{"@timestamp":"2026-10-09T11:45:25.079754899-03:00","@version":"1","message":"Responding at https://localhost:443","logger_name":"io.ktor.test","thread_name":"DefaultDispatcher-worker-8 @coroutine#7251","level":"INFO","level_value":20000}
{"@timestamp":"2026-10-09T11:45:25.086680632-03:00","@version":"1","message":"200 OK POST /workflows/run","logger_name":"io.ktor.test","thread_name":"DefaultDispatcher-worker-12 @request#7166","level":"INFO","level_value":20000,"traceId":"00000000000000000000000000000000","spanId":"0000000000000000"}
{"@timestamp":"2026-10-09T11:45:25.151073201-03:00","@version":"1","message":"saga sleeping","logger_name":"run.trama.saga.workflow.WorkflowExecutor","thread_name":"DefaultDispatcher-worker-12 @coroutine#7241","level":"INFO","level_value":20000,"traceId":"00000000000000000000000000000000","spanId":"0000000000000000","sagaId":"374478c8-e23c-4390-9932-528cbcf981e4","nodeId":"nap","wakeAt":"2026-10-09T14:45:26.648467406Z","delayMillis":1500}
{"@timestamp":"2026-10-09T11:45:25.492836059-03:00","@version":"1","message":"200 OK GET /workflows/374478c8-e23c-4390-9932-528cbcf981e4","logger_name":"io.ktor.test","thread_name":"DefaultDispatcher-worker-7 @request#7261","level":"INFO","level_value":20000,"traceId":"00000000000000000000000000000000","spanId":"0000000000000000"}
{"@timestamp":"2026-10-09T11:45:25.697780048-03:00","@version":"1","message":"200 OK GET /workflows/374478c8-e23c-4390-9932-528cbcf981e4","logger_name":"io.ktor.test","thread_name":"DefaultDispatcher-worker-3 @request#7265","level":"INFO","level_value":20000,"traceId":"00000000000000000000000000000000","spanId":"0000000000000000"}
{"@timestamp":"2026-10-09T11:45:25.902192885-03:00","@version":"1","message":"200 OK GET /workflows/374478c8-e23c-4390-9932-528cbcf981e4","logger_name":"io.ktor.test","thread_name":"DefaultDispatcher-worker-8 @request#7269","level":"INFO","level_value":20000,"traceId":"00000000000000000000000000000000","spanId":"0000000000000000"}
{"@timestamp":"2026-10-09T11:45:26.106397764-03:00","@version":"1","message":"200 OK GET /workflows/374478c8-e23c-4390-9932-528cbcf981e4","logger_name":"io.ktor.test","thread_name":"DefaultDispatcher-worker-12 @request#7273","level":"INFO","level_value":20000,"traceId":"00000000000000000000000000000000","spanId":"0000000000000000"}
{"@timestamp":"2026-10-09T11:45:26.31041246-03:00","@version":"1","message":"200 OK GET /workflows/374478c8-e23c-4390-9932-528cbcf981e4","logger_name":"io.ktor.test","thread_name":"DefaultDispatcher-worker-9 @request#7277","level":"INFO","level_value":20000,"traceId":"00000000000000000000000000000000","spanId":"0000000000000000"}
{"@timestamp":"2026-10-09T11:45:26.514974358-03:00","@version":"1","message":"200 OK GET /workflows/374478c8-e23c-4390-9932-528cbcf981e4","logger_name":"io.ktor.test","thread_name":"DefaultDispatcher-worker-9 @request#7281","level":"INFO","level_value":20000,"traceId":"00000000000000000000000000000000","spanId":"0000000000000000"}
{"@timestamp":"2026-10-09T11:45:26.703248457-03:00","@version":"1","message":"saga waking up","logger_name":"run.trama.saga.workflow.WorkflowExecutor","thread_name":"DefaultDispatcher-worker-7 @coroutine#7240","level":"INFO","level_value":20000,"traceId":"00000000000000000000000000000000","spanId":"0000000000000000","sagaId":"374478c8-e23c-4390-9932-528cbcf981e4","nextNodeId":"b"}
{"@timestamp":"2026-10-09T11:45:26.714979803-03:00","@version":"1","message":"saga finished","logger_name":"run.trama.saga.workflow.WorkflowExecutor","thread_name":"DefaultDispatcher-worker-8 @coroutine#7240","level":"INFO","level_value":20000,"traceId":"00000000000000000000000000000000","spanId":"0000000000000000","sagaId":"374478c8-e23c-4390-9932-528cbcf981e4","sagaName":"sleep-6b8cf1ee","status":"SUCCEEDED","durationMs":1633}
{"@timestamp":"2026-10-09T11:45:26.719386294-03:00","@version":"1","message":"200 OK GET /workflows/374478c8-e23c-4390-9932-528cbcf981e4","logger_name":"io.ktor.test","thread_name":"DefaultDispatcher-worker-8 @request#7288","level":"INFO","level_value":20000,"traceId":"00000000000000000000000000000000","spanId":"0000000000000000"}
{"@timestamp":"2026-10-09T11:45:26.751174128-03:00","@version":"1","message":"saga-db-pool - Shutdown initiated...","logger_name":"com.zaxxer.hikari.HikariDataSource","thread_name":"DefaultDispatcher-worker-9","level":"INFO","level_value":20000}
{"@timestamp":"2026-10-09T11:45:26.751708626-03:00","@version":"1","message":"saga-db-pool - Shutdown completed.","logger_name":"com.zaxxer.hikari.HikariDataSource","thread_name":"DefaultDispatcher-worker-9","level":"INFO","level_value":20000}
{"@timestamp":"2026-10-09T11:45:26.809602017-03:00","@version":"1","message":"Application started in 0.05 seconds.","logger_name":"io.ktor.test","thread_name":"DefaultDispatcher-worker-9 @call-context#7296","level":"INFO","level_value":20000}
{"@timestamp":"2026-10-09T11:45:26.809743334-03:00","@version":"1","message":"Responding at http://localhost:80","logger_name":"io.ktor.test","thread_name":"DefaultDispatcher-worker-5 @coroutine#7381","level":"INFO","level_value":20000,"traceId":"00000000000000000000000000000000","spanId":"0000000000000000"}
{"@timestamp":"2026-10-09T11:45:26.809791765-03:00","@version":"1","message":"Responding at https://localhost:443","logger_name":"io.ktor.test","thread_name":"DefaultDispatcher-worker-5 @coroutine#7381","level":"INFO","level_value":20000,"traceId":"00000000000000000000000000000000","spanId":"0000000000000000"}
{"@timestamp":"2026-10-09T11:45:26.817361071-03:00","@version":"1","message":"200 OK POST /workflows/run","logger_name":"io.ktor.test","thread_name":"DefaultDispatcher-worker-9 @request#7296","level":"INFO","level_value":20000,"traceId":"00000000000000000000000000000000","spanId":"0000000000000000"}
{"@timestamp":"2026-10-09T11:45:26.885542707-03:00","@version":"1","message":"saga sleeping","logger_name":"run.trama.saga.workflow.WorkflowExecutor","thread_name":"DefaultDispatcher-worker-10 @coroutine#7371","level":"INFO","level_value":20000,"traceId":"00000000000000000000000000000000","spanId":"0000000000000000","sagaId":"51820ae7-e2e6-4d8b-addc-0775a42bacfe","nodeId":"nap","wakeAt":"2026-10-09T14:55:26.878361152Z","delayMillis":600000}
{"@timestamp":"2026-10-09T11:45:27.227936693-03:00","@version":"1","message":"202 Accepted POST /workflows/51820ae7-e2e6-4d8b-addc-0775a42bacfe/wake","logger_name":"io.ktor.test","thread_name":"DefaultDispatcher-worker-4 @request#7391","level":"INFO","level_value":20000,"traceId":"00000000000000000000000000000000","spanId":"0000000000000000"}
{"@timestamp":"2026-10-09T11:45:27.231375318-03:00","@version":"1","message":"200 OK GET /workflows/51820ae7-e2e6-4d8b-addc-0775a42bacfe","logger_name":"io.ktor.test","thread_name":"DefaultDispatcher-worker-8 @request#7392","level":"INFO","level_value":20000,"traceId":"00000000000000000000000000000000","spanId":"0000000000000000"}
{"@timestamp":"2026-10-09T11:45:27.274197127-03:00","@version":"1","message":"saga waking up","logger_name":"run.trama.saga.workflow.WorkflowExecutor","thread_name":"DefaultDispatcher-worker-10 @coroutine#7370","level":"INFO","level_value":20000,"traceId":"00000000000000000000000000000000","spanId":"0000000000000000","sagaId":"51820ae7-e2e6-4d8b-addc-0775a42bacfe","nextNodeId":null}
{"@timestamp":"2026-10-09T11:45:27.280822131-03:00","@version":"1","message":"saga finished","logger_name":"run.trama.saga.workflow.WorkflowExecutor","thread_name":"DefaultDispatcher-worker-10 @coroutine#7370","level":"INFO","level_value":20000,"traceId":"00000000000000000000000000000000","spanId":"0000000000000000","sagaId":"51820ae7-e2e6-4d8b-addc-0775a42bacfe","sagaName":"wake-last-43997b70","status":"SUCCEEDED","durationMs":469}
{"@timestamp":"2026-10-09T11:45:27.436224309-03:00","@version":"1","message":"200 OK GET /workflows/51820ae7-e2e6-4d8b-addc-0775a42bacfe","logger_name":"io.ktor.test","thread_name":"DefaultDispatcher-worker-8 @request#7396","level":"INFO","level_value":20000,"traceId":"00000000000000000000000000000000","spanId":"0000000000000000"}
{"@timestamp":"2026-10-09T11:45:27.472300936-03:00","@version":"1","message":"saga-db-pool - Shutdown initiated...","logger_name":"com.zaxxer.hikari.HikariDataSource","thread_name":"DefaultDispatcher-worker-8","level":"INFO","level_value":20000}
{"@timestamp":"2026-10-09T11:45:27.472727471-03:00","@version":"1","message":"saga-db-pool - Shutdown completed.","logger_name":"com.zaxxer.hikari.HikariDataSource","thread_name":"DefaultDispatcher-worker-8","level":"INFO","level_value":20000}
{"@timestamp":"2026-10-09T11:45:27.533190099-03:00","@version":"1","message":"Application started in 0.054 seconds.","logger_name":"io.ktor.test","thread_name":"DefaultDispatcher-worker-8 @call-context#7404","level":"INFO","level_value":20000}
{"@timestamp":"2026-10-09T11:45:27.533337086-03:00","@version":"1","message":"Responding at http://localhost:80","logger_name":"io.ktor.test","thread_name":"DefaultDispatcher-worker-11 @coroutine#7489","level":"INFO","level_value":20000}
{"@timestamp":"2026-10-09T11:45:27.533370619-03:00","@version":"1","message":"Responding at https://localhost:443","logger_name":"io.ktor.test","thread_name":"DefaultDispatcher-worker-11 @coroutine#7489","level":"INFO","level_value":20000}
{"@timestamp":"2026-10-09T11:45:27.534572316-03:00","@version":"1","message":"400 Bad Request POST /workflows/not-a-uuid/wake","logger_name":"io.ktor.test","thread_name":"DefaultDispatcher-worker-8 @request#7404","level":"INFO","level_value":20000,"traceId":"00000000000000000000000000000000","spanId":"0000000000000000"}
{"@timestamp":"2026-10-09T11:45:27.546289173-03:00","@version":"1","message":"404 Not Found POST /workflows/9a45b240-b174-4a15-a767-451077c2d047/wake","logger_name":"io.ktor.test","thread_name":"DefaultDispatcher-worker-8 @request#7496","level":"INFO","level_value":20000,"traceId":"00000000000000000000000000000000","spanId":"0000000000000000"}
{"@timestamp":"2026-10-09T11:45:27.592277634-03:00","@version":"1","message":"saga-db-pool - Shutdown initiated...","logger_name":"com.zaxxer.hikari.HikariDataSource","thread_name":"DefaultDispatcher-worker-8","level":"INFO","level_value":20000}
{"@timestamp":"2026-10-09T11:45:27.593167913-03:00","@version":"1","message":"saga-db-pool - Shutdown completed.","logger_name":"com.zaxxer.hikari.HikariDataSource","thread_name":"DefaultDispatcher-worker-8","level":"INFO","level_value":20000}
{"@timestamp":"2026-10-09T11:45:27.662584177-03:00","@version":"1","message":"Application started in 0.06 seconds.","logger_name":"io.ktor.test","thread_name":"DefaultDispatcher-worker-4 @call-context#7504","level":"INFO","level_value":20000}
{"@timestamp":"2026-10-09T11:45:27.662839177-03:00","@version":"1","message":"Responding at http://localhost:80","logger_name":"io.ktor.test","thread_name":"DefaultDispatcher-worker-7 @coroutine#7589","level":"INFO","level_value":20000}
{"@timestamp":"2026-10-09T11:45:27.66286713-03:00","@version":"1","message":"Responding at https://localhost:443","logger_name":"io.ktor.test","thread_name":"DefaultDispatcher-worker-7 @coroutine#7589","level":"INFO","level_value":20000}
{"@timestamp":"2026-10-09T11:45:27.670817704-03:00","@version":"1","message":"200 OK POST /workflows/run","logger_name":"io.ktor.test","thread_name":"DefaultDispatcher-worker-4 @request#7504","level":"INFO","level_value":20000,"traceId":"00000000000000000000000000000000","spanId":"0000000000000000"}
{"@timestamp":"2026-10-09T11:45:27.73131058-03:00","@version":"1","message":"saga sleeping","logger_name":"run.trama.saga.workflow.WorkflowExecutor","thread_name":"DefaultDispatcher-worker-4 @coroutine#7579","level":"INFO","level_value":20000,"traceId":"00000000000000000000000000000000","spanId":"0000000000000000","sagaId":"7e83571f-b1ab-4c1f-99ea-c8568ce71a2b","nodeId":"nap","wakeAt":"2026-10-09T14:55:27.729345043Z","delayMillis":600000}
{"@timestamp":"2026-10-09T11:45:28.080717914-03:00","@version":"1","message":"202 Accepted POST /workflows/7e83571f-b1ab-4c1f-99ea-c8568ce71a2b/wake","logger_name":"io.ktor.test","thread_name":"DefaultDispatcher-worker-4 @request#7599","level":"INFO","level_value":20000,"traceId":"00000000000000000000000000000000","spanId":"0000000000000000"}
{"@timestamp":"2026-10-09T11:45:28.084853193-03:00","@version":"1","message":"200 OK GET /workflows/7e83571f-b1ab-4c1f-99ea-c8568ce71a2b","logger_name":"io.ktor.test","thread_name":"DefaultDispatcher-worker-10 @request#7600","level":"INFO","level_value":20000,"traceId":"00000000000000000000000000000000","spanId":"0000000000000000"}
{"@timestamp":"2026-10-09T11:45:28.124630764-03:00","@version":"1","message":"saga waking up","logger_name":"run.trama.saga.workflow.WorkflowExecutor","thread_name":"DefaultDispatcher-worker-9 @coroutine#7578","level":"INFO","level_value":20000,"traceId":"00000000000000000000000000000000","spanId":"0000000000000000","sagaId":"7e83571f-b1ab-4c1f-99ea-c8568ce71a2b","nextNodeId":"b"}
{"@timestamp":"2026-10-09T11:45:28.136337721-03:00","@version":"1","message":"saga finished","logger_name":"run.trama.saga.workflow.WorkflowExecutor","thread_name":"DefaultDispatcher-worker-7 @coroutine#7578","level":"INFO","level_value":20000,"traceId":"00000000000000000000000000000000","spanId":"0000000000000000","sagaId":"7e83571f-b1ab-4c1f-99ea-c8568ce71a2b","sagaName":"wake-6685165b","status":"SUCCEEDED","durationMs":471}
{"@timestamp":"2026-10-09T11:45:28.289741968-03:00","@version":"1","message":"200 OK GET /workflows/7e83571f-b1ab-4c1f-99ea-c8568ce71a2b","logger_name":"io.ktor.test","thread_name":"DefaultDispatcher-worker-9 @request#7607","level":"INFO","level_value":20000,"traceId":"00000000000000000000000000000000","spanId":"0000000000000000"}
{"@timestamp":"2026-10-09T11:45:28.293686236-03:00","@version":"1","message":"409 Conflict POST /workflows/7e83571f-b1ab-4c1f-99ea-c8568ce71a2b/wake","logger_name":"io.ktor.test","thread_name":"DefaultDispatcher-worker-9 @request#7611","level":"INFO","level_value":20000,"traceId":"00000000000000000000000000000000","spanId":"0000000000000000"}
{"@timestamp":"2026-10-09T11:45:28.323591341-03:00","@version":"1","message":"saga-db-pool - Shutdown initiated...","logger_name":"com.zaxxer.hikari.HikariDataSource","thread_name":"DefaultDispatcher-worker-7","level":"INFO","level_value":20000}
{"@timestamp":"2026-10-09T11:45:28.323993309-03:00","@version":"1","message":"saga-db-pool - Shutdown completed.","logger_name":"com.zaxxer.hikari.HikariDataSource","thread_name":"DefaultDispatcher-worker-7","level":"INFO","level_value":20000}
{"@timestamp":"2026-10-09T11:45:28.381942448-03:00","@version":"1","message":"Application started in 0.049 seconds.","logger_name":"io.ktor.test","thread_name":"DefaultDispatcher-worker-7 @call-context#7619","level":"INFO","level_value":20000}
{"@timestamp":"2026-10-09T11:45:28.382034081-03:00","@version":"1","message":"Responding at http://localhost:80","logger_name":"io.ktor.test","thread_name":"DefaultDispatcher-worker-8 @coroutine#7704","level":"INFO","level_value":20000}
{"@timestamp":"2026-10-09T11:45:28.382061433-03:00","@version":"1","message":"Responding at https://localhost:443","logger_name":"io.ktor.test","thread_name":"DefaultDispatcher-worker-8 @coroutine#7704","level":"INFO","level_value":20000}
{"@timestamp":"2026-10-09T11:45:28.389919902-03:00","@version":"1","message":"200 OK POST /workflows/run","logger_name":"io.ktor.test","thread_name":"DefaultDispatcher-worker-7 @request#7619","level":"INFO","level_value":20000,"traceId":"00000000000000000000000000000000","spanId":"0000000000000000"}
{"@timestamp":"2026-10-09T11:45:28.39797926-03:00","@version":"1","message":"200 OK GET /workflows/f9d847eb-740a-4130-abfd-0170989da8f7","logger_name":"io.ktor.test","thread_name":"DefaultDispatcher-worker-2 @request#7711","level":"INFO","level_value":20000,"traceId":"00000000000000000000000000000000","spanId":"0000000000000000"}
{"@timestamp":"2026-10-09T11:45:28.44510526-03:00","@version":"1","message":"saga split","logger_name":"run.trama.saga.workflow.WorkflowExecutor","thread_name":"DefaultDispatcher-worker-1 @coroutine#7693","level":"INFO","level_value":20000,"traceId":"00000000000000000000000000000000","spanId":"0000000000000000","sagaId":"f9d847eb-740a-4130-abfd-0170989da8f7","nodeId":"fan-out","branchCount":2}
{"@timestamp":"2026-10-09T11:45:28.49816587-03:00","@version":"1","message":"saga finished","logger_name":"run.trama.saga.workflow.WorkflowExecutor","thread_name":"DefaultDispatcher-worker-10 @coroutine#7693","level":"INFO","level_value":20000,"traceId":"00000000000000000000000000000000","spanId":"0000000000000000","sagaId":"78fc7fe1-6a5d-37e2-a3be-6a9b930750e5","sagaName":"split-join-success-c99f115b","status":"SUCCEEDED","durationMs":115}
{"@timestamp":"2026-10-09T11:45:28.501045861-03:00","@version":"1","message":"saga finished","logger_name":"run.trama.saga.workflow.WorkflowExecutor","thread_name":"DefaultDispatcher-worker-1 @coroutine#7694","level":"INFO","level_value":20000,"traceId":"00000000000000000000000000000000","spanId":"0000000000000000","sagaId":"6754726f-42df-31ae-be8a-f9d888543c69","sagaName":"split-join-success-c99f115b","status":"SUCCEEDED","durationMs":118}
{"@timestamp":"2026-10-09T11:45:28.512974196-03:00","@version":"1","message":"join barrier satisfied","logger_name":"run.trama.saga.workflow.WorkflowExecutor","thread_name":"DefaultDispatcher-worker-10 @coroutine#7694","level":"INFO","level_value":20000,"traceId":"00000000000000000000000000000000","spanId":"0000000000000000","sagaId":"f9d847eb-740a-4130-abfd-0170989da8f7","splitNodeId":"fan-out","joinNodeId":"fan-in","allSucceeded":true}
{"@timestamp":"2026-10-09T11:45:28.550563451-03:00","@version":"1","message":"saga finished","logger_name":"run.trama.saga.workflow.WorkflowExecutor","thread_name":"DefaultDispatcher-worker-1 @coroutine#7693","level":"INFO","level_value":20000,"traceId":"00000000000000000000000000000000","spanId":"0000000000000000","sagaId":"f9d847eb-740a-4130-abfd-0170989da8f7","sagaName":"split-join-success-c99f115b","status":"SUCCEEDED","durationMs":167}
{"@timestamp":"2026-10-09T11:45:28.601750729-03:00","@version":"1","message":"200 OK GET /workflows/f9d847eb-740a-4130-abfd-0170989da8f7","logger_name":"io.ktor.test","thread_name":"DefaultDispatcher-worker-1 @request#7724","level":"INFO","level_value":20000,"traceId":"00000000000000000000000000000000","spanId":"0000000000000000"}
{"@timestamp":"2026-10-09T11:45:28.641192648-03:00","@version":"1","message":"saga-db-pool - Shutdown initiated...","logger_name":"com.zaxxer.hikari.HikariDataSource","thread_name":"DefaultDispatcher-worker-1","level":"INFO","level_value":20000}
{"@timestamp":"2026-10-09T11:45:28.641598864-03:00","@version":"1","message":"saga-db-pool - Shutdown completed.","logger_name":"com.zaxxer.hikari.HikariDataSource","thread_name":"DefaultDispatcher-worker-1","level":"INFO","level_value":20000}
{"@timestamp":"2026-10-09T11:45:28.702043619-03:00","@version":"1","message":"Application started in 0.053 seconds.","logger_name":"io.ktor.test","thread_name":"DefaultDispatcher-worker-1 @call-context#7732","level":"INFO","level_value":20000}
{"@timestamp":"2026-10-09T11:45:28.702601311-03:00","@version":"1","message":"Responding at http://localhost:80","logger_name":"io.ktor.test","thread_name":"DefaultDispatcher-worker-9 @coroutine#7817","level":"INFO","level_value":20000}
{"@timestamp":"2026-10-09T11:45:28.702638571-03:00","@version":"1","message":"Responding at https://localhost:443","logger_name":"io.ktor.test","thread_name":"DefaultDispatcher-worker-9 @coroutine#7817","level":"INFO","level_value":20000}
{"@timestamp":"2026-10-09T11:45:28.719807308-03:00","@version":"1","message":"200 OK POST /workflows/run","logger_name":"io.ktor.test","thread_name":"DefaultDispatcher-worker-1 @request#7732","level":"INFO","level_value":20000,"traceId":"00000000000000000000000000000000","spanId":"0000000000000000"}
{"@timestamp":"2026-10-09T11:45:28.733162473-03:00","@version":"1","message":"200 OK GET /workflows/53a42124-0f27-40a4-a341-1ce0718fe04e","logger_name":"io.ktor.test","thread_name":"DefaultDispatcher-worker-1 @request#7824","level":"INFO","level_value":20000,"traceId":"00000000000000000000000000000000","spanId":"0000000000000000"}
{"@timestamp":"2026-10-09T11:45:28.765908294-03:00","@version":"1","message":"saga split","logger_name":"run.trama.saga.workflow.WorkflowExecutor","thread_name":"DefaultDispatcher-worker-4 @coroutine#7807","level":"INFO","level_value":20000,"traceId":"00000000000000000000000000000000","spanId":"0000000000000000","sagaId":"53a42124-0f27-40a4-a341-1ce0718fe04e","nodeId":"fan-out","branchCount":2}
{"@timestamp":"2026-10-09T11:45:28.823517352-03:00","@version":"1","message":"node completed","logger_name":"run.trama.saga.workflow.TaskNodeHandler","thread_name":"DefaultDispatcher-worker-4 @coroutine#7807","level":"INFO","level_value":20000,"traceId":"00000000000000000000000000000000","spanId":"0000000000000000","sagaId":"85af7ee9-d237-3a46-ad3c-c8945c4d86ed","nodeId":"branch-b","phase":"UP","status":500}
{"@timestamp":"2026-10-09T11:45:28.825353625-03:00","@version":"1","message":"saga finished","logger_name":"run.trama.saga.workflow.WorkflowExecutor","thread_name":"DefaultDispatcher-worker-6 @coroutine#7806","level":"INFO","level_value":20000,"traceId":"00000000000000000000000000000000","spanId":"0000000000000000","sagaId":"d270f84f-69ca-39d4-b679-a9a98983eeef","sagaName":"split-join-partial-failure-ae4ac3a6","status":"SUCCEEDED","durationMs":120}
{"@timestamp":"2026-10-09T11:45:28.82668721-03:00","@version":"1","message":"compensation scheduled","logger_name":"run.trama.saga.workflow.WorkflowExecutor","thread_name":"DefaultDispatcher-worker-5 @coroutine#7807","level":"INFO","level_value":20000,"traceId":"00000000000000000000000000000000","spanId":"0000000000000000","sagaId":"85af7ee9-d237-3a46-ad3c-c8945c4d86ed","failedNodeId":"branch-b"}
{"@timestamp":"2026-10-09T11:45:28.869498874-03:00","@version":"1","message":"saga finished","logger_name":"run.trama.saga.workflow.WorkflowExecutor","thread_name":"DefaultDispatcher-worker-5 @coroutine#7806","level":"INFO","level_value":20000,"traceId":"00000000000000000000000000000000","spanId":"0000000000000000","sagaId":"85af7ee9-d237-3a46-ad3c-c8945c4d86ed","sagaName":"split-join-partial-failure-ae4ac3a6","status":"FAILED","durationMs":164}
{"@timestamp":"2026-10-09T11:45:28.876839246-03:00","@version":"1","message":"join barrier satisfied","logger_name":"run.trama.saga.workflow.WorkflowExecutor","thread_name":"DefaultDispatcher-worker-6 @coroutine#7806","level":"INFO","level_value":20000,"traceId":"00000000000000000000000000000000","spanId":"0000000000000000","sagaId":"53a42124-0f27-40a4-a341-1ce0718fe04e","splitNodeId":"fan-out","joinNodeId":"fan-in","allSucceeded":false}
{"@timestamp":"2026-10-09T11:45:28.920164828-03:00","@version":"1","message":"saga finished","logger_name":"run.trama.saga.workflow.WorkflowExecutor","thread_name":"DefaultDispatcher-worker-1 @coroutine#7807","level":"INFO","level_value":20000,"traceId":"00000000000000000000000000000000","spanId":"0000000000000000","sagaId":"53a42124-0f27-40a4-a341-1ce0718fe04e","sagaName":"split-join-partial-failure-ae4ac3a6","status":"SUCCEEDED","durationMs":215}
{"@timestamp":"2026-10-09T11:45:28.937371186-03:00","@version":"1","message":"200 OK GET /workflows/53a42124-0f27-40a4-a341-1ce0718fe04e","logger_name":"io.ktor.test","thread_name":"DefaultDispatcher-worker-1 @request#7837","level":"INFO","level_value":20000,"traceId":"00000000000000000000000000000000","spanId":"0000000000000000"}
{"@timestamp":"2026-10-09T11:45:28.974305736-03:00","@version":"1","message":"saga-db-pool - Shutdown initiated...","logger_name":"com.zaxxer.hikari.HikariDataSource","thread_name":"DefaultDispatcher-worker-8","level":"INFO","level_value":20000}
{"@timestamp":"2026-10-09T11:45:28.975081119-03:00","@version":"1","message":"saga-db-pool - Shutdown completed.","logger_name":"com.zaxxer.hikari.HikariDataSource","thread_name":"DefaultDispatcher-worker-8","level":"INFO","level_value":20000}
{"@timestamp":"2026-10-09T11:45:29.030430441-03:00","@version":"1","message":"Application started in 0.046 seconds.","logger_name":"io.ktor.test","thread_name":"DefaultDispatcher-worker-8 @call-context#7845","level":"INFO","level_value":20000}
{"@timestamp":"2026-10-09T11:45:29.030535038-03:00","@version":"1","message":"Responding at http://localhost:80","logger_name":"io.ktor.test","thread_name":"DefaultDispatcher-worker-12 @coroutine#7930","level":"INFO","level_value":20000}
{"@timestamp":"2026-10-09T11:45:29.030569313-03:00","@version":"1","message":"Responding at https://localhost:443","logger_name":"io.ktor.test","thread_name":"DefaultDispatcher-worker-12 @coroutine#7930","level":"INFO","level_value":20000}
{"@timestamp":"2026-10-09T11:45:29.038679245-03:00","@version":"1","message":"200 OK POST /workflows/run","logger_name":"io.ktor.test","thread_name":"DefaultDispatcher-worker-8 @request#7845","level":"INFO","level_value":20000,"traceId":"00000000000000000000000000000000","spanId":"0000000000000000"}
{"@timestamp":"2026-10-09T11:45:29.047763675-03:00","@version":"1","message":"200 OK GET /workflows/33373505-531f-4002-b7a6-0e2590f269da","logger_name":"io.ktor.test","thread_name":"DefaultDispatcher-worker-10 @request#7937","level":"INFO","level_value":20000,"traceId":"00000000000000000000000000000000","spanId":"0000000000000000"}
{"@timestamp":"2026-10-09T11:45:29.084963591-03:00","@version":"1","message":"switch evaluated","logger_name":"run.trama.saga.workflow.WorkflowExecutor","thread_name":"DefaultDispatcher-worker-10 @coroutine#7919","level":"INFO","level_value":20000,"traceId":"00000000000000000000000000000000","spanId":"0000000000000000","sagaId":"33373505-531f-4002-b7a6-0e2590f269da","nodeId":"choose-payment","target":"fallback-payment","matchedCase":null,"usedDefault":true}
{"@timestamp":"2026-10-09T11:45:29.104059168-03:00","@version":"1","message":"saga finished","logger_name":"run.trama.saga.workflow.WorkflowExecutor","thread_name":"DefaultDispatcher-worker-4 @coroutine#7919","level":"INFO","level_value":20000,"traceId":"00000000000000000000000000000000","spanId":"0000000000000000","sagaId":"33373505-531f-4002-b7a6-0e2590f269da","sagaName":"switch-default-7aa3158c","status":"SUCCEEDED","durationMs":72}
{"@timestamp":"2026-10-09T11:45:29.189923257-03:00","@version":"1","message":"stale checkpoint; dropping duplicate work","logger_name":"run.trama.saga.SagaExecutionProcessor","thread_name":"DefaultDispatcher-worker-4 @coroutine#7920","level":"INFO","level_value":20000,"sagaId":"7c9fa5ed-4b27-44cb-8bc5-12345e572504"}
{"@timestamp":"2026-10-09T11:45:29.25197833-03:00","@version":"1","message":"200 OK GET /workflows/33373505-531f-4002-b7a6-0e2590f269da","logger_name":"io.ktor.test","thread_name":"DefaultDispatcher-worker-4 @request#7950","level":"INFO","level_value":20000,"traceId":"00000000000000000000000000000000","spanId":"0000000000000000"}
{"@timestamp":"2026-10-09T11:45:29.287938518-03:00","@version":"1","message":"saga-db-pool - Shutdown initiated...","logger_name":"com.zaxxer.hikari.HikariDataSource","thread_name":"DefaultDispatcher-worker-5","level":"INFO","level_value":20000}
{"@timestamp":"2026-10-09T11:45:29.288524273-03:00","@version":"1","message":"saga-db-pool - Shutdown completed.","logger_name":"com.zaxxer.hikari.HikariDataSource","thread_name":"DefaultDispatcher-worker-5","level":"INFO","level_value":20000}
{"@timestamp":"2026-10-09T11:45:29.352915441-03:00","@version":"1","message":"Application started in 0.055 seconds.","logger_name":"io.ktor.test","thread_name":"DefaultDispatcher-worker-5 @call-context#7958","level":"INFO","level_value":20000}
{"@timestamp":"2026-10-09T11:45:29.353181914-03:00","@version":"1","message":"Responding at http://localhost:80","logger_name":"io.ktor.test","thread_name":"DefaultDispatcher-worker-2 @coroutine#8043","level":"INFO","level_value":20000}
{"@timestamp":"2026-10-09T11:45:29.353468153-03:00","@version":"1","message":"Responding at https://localhost:443","logger_name":"io.ktor.test","thread_name":"DefaultDispatcher-worker-2 @coroutine#8043","level":"INFO","level_value":20000}
{"@timestamp":"2026-10-09T11:45:29.360726139-03:00","@version":"1","message":"200 OK POST /workflows/run","logger_name":"io.ktor.test","thread_name":"DefaultDispatcher-worker-5 @request#7958","level":"INFO","level_value":20000,"traceId":"00000000000000000000000000000000","spanId":"0000000000000000"}
{"@timestamp":"2026-10-09T11:45:29.369352996-03:00","@version":"1","message":"200 OK GET /workflows/f57c2993-6107-4511-8f9b-5aec1c622549","logger_name":"io.ktor.test","thread_name":"DefaultDispatcher-worker-3 @request#8050","level":"INFO","level_value":20000,"traceId":"00000000000000000000000000000000","spanId":"0000000000000000"}
{"@timestamp":"2026-10-09T11:45:29.409979113-03:00","@version":"1","message":"switch evaluated","logger_name":"run.trama.saga.workflow.WorkflowExecutor","thread_name":"DefaultDispatcher-worker-1 @coroutine#8033","level":"INFO","level_value":20000,"traceId":"00000000000000000000000000000000","spanId":"0000000000000000","sagaId":"f57c2993-6107-4511-8f9b-5aec1c622549","nodeId":"choose-payment","target":"card-payment","matchedCase":"card","usedDefault":false}
{"@timestamp":"2026-10-09T11:45:29.429538434-03:00","@version":"1","message":"saga finished","logger_name":"run.trama.saga.workflow.WorkflowExecutor","thread_name":"DefaultDispatcher-worker-12 @coroutine#8033","level":"INFO","level_value":20000,"traceId":"00000000000000000000000000000000","spanId":"0000000000000000","sagaId":"f57c2993-6107-4511-8f9b-5aec1c622549","sagaName":"switch-card-cc779c26","status":"SUCCEEDED","durationMs":74}
{"@timestamp":"2026-10-09T11:45:29.574310102-03:00","@version":"1","message":"200 OK GET /workflows/f57c2993-6107-4511-8f9b-5aec1c622549","logger_name":"io.ktor.test","thread_name":"DefaultDispatcher-worker-12 @request#8063","level":"INFO","level_value":20000,"traceId":"00000000000000000000000000000000","spanId":"0000000000000000"}
{"@timestamp":"2026-10-09T11:45:29.610096081-03:00","@version":"1","message":"saga-db-pool - Shutdown initiated...","logger_name":"com.zaxxer.hikari.HikariDataSource","thread_name":"DefaultDispatcher-worker-1","level":"INFO","level_value":20000}
{"@timestamp":"2026-10-09T11:45:29.61044546-03:00","@version":"1","message":"saga-db-pool - Shutdown completed.","logger_name":"com.zaxxer.hikari.HikariDataSource","thread_name":"DefaultDispatcher-worker-1","level":"INFO","level_value":20000}
{"@timestamp":"2026-10-09T11:45:29.685565689-03:00","@version":"1","message":"Application started in 0.068 seconds.","logger_name":"io.ktor.test","thread_name":"DefaultDispatcher-worker-1 @call-context#8071","level":"INFO","level_value":20000}
{"@timestamp":"2026-10-09T11:45:29.685794481-03:00","@version":"1","message":"Responding at http://localhost:80","logger_name":"io.ktor.test","thread_name":"DefaultDispatcher-worker-6 @coroutine#8156","level":"INFO","level_value":20000}
{"@timestamp":"2026-10-09T11:45:29.685821071-03:00","@version":"1","message":"Responding at https://localhost:443","logger_name":"io.ktor.test","thread_name":"DefaultDispatcher-worker-6 @coroutine#8156","level":"INFO","level_value":20000}
{"@timestamp":"2026-10-09T11:45:29.689009433-03:00","@version":"1","message":"400 Bad Request POST /workflows/run","logger_name":"io.ktor.test","thread_name":"DefaultDispatcher-worker-1 @request#8071","level":"INFO","level_value":20000,"traceId":"00000000000000000000000000000000","spanId":"0000000000000000"}
{"@timestamp":"2026-10-09T11:45:29.690530201-03:00","@version":"1","message":"partition maintenance failed","logger_name":"run.trama.runtime.PartitionMaintenance","thread_name":"DefaultDispatcher-worker-8 @coroutine#8147","level":"WARN","level_value":30000,"stack_trace":"kotlinx.coroutines.JobCancellationException: StandaloneCoroutine was cancelled; job=\"coroutine#8147\":StandaloneCoroutine{Cancelling}@52f85d87\n\tat kotlinx.coroutines.JobSupport.cancel(JobSupport.kt:1682)\n\tat kotlinx.coroutines.Job.cancel$default(Job.kt:207)\n\tat run.trama.runtime.RuntimeBootstrap$stop$1.invokeSuspend(RuntimeBootstrap.kt:326)\n\tat _COROUTINE._BOUNDARY._(CoroutineDebugging.kt:42)\n\tat run.trama.runtime.PartitionMaintenance.runLoop(PartitionMaintenance.kt:24)\n\tat run.trama.runtime.RuntimeBootstrap$startWorkers$7.invokeSuspend(RuntimeBootstrap.kt:212)\nCaused by: kotlinx.coroutines.JobCancellationException: StandaloneCoroutine was cancelled; job=\"coroutine#8147\":StandaloneCoroutine{Cancelling}@52f85d87\n\tat kotlinx.coroutines.JobSupport.cancel(JobSupport.kt:1682)\n\tat kotlinx.coroutines.Job.cancel$default(Job.kt:207)\n\tat run.trama.runtime.RuntimeBootstrap$stop$1.invokeSuspend(RuntimeBootstrap.kt:326)\n\tat kotlin.coroutines.jvm.internal.BaseContinuationImpl.resumeWith(ContinuationImpl.kt:34)\n\tat kotlinx.coroutines.DispatchedTask.run(DispatchedTask.kt:100)\n\tat kotlinx.coroutines.EventLoopImplBase.processNextEvent(EventLoop.common.kt:256)\n\tat kotlinx.coroutines.BlockingCoroutine.joinBlocking(Builders.kt:54)\n\tat kotlinx.coroutines.BuildersKt__BuildersKt.runBlockingImpl(Builders.kt:30)\n\tat kotlinx.coroutines.BuildersKt.runBlockingImpl(Unknown Source)\n\tat kotlinx.coroutines.BuildersKt__Builders_concurrentKt.runBlockingK(Builders.concurrent.kt:172)\n\tat kotlinx.coroutines.BuildersKt.runBlockingK(Unknown Source)\n\tat kotlinx.coroutines.BuildersKt__Builders_concurrentKt.runBlockingK$default(Builders.concurrent.kt:157)\n\tat kotlinx.coroutines.BuildersKt.runBlockingK$default(Unknown Source)\n\tat run.trama.runtime.RuntimeBootstrap.stop(RuntimeBootstrap.kt:322)\n\tat run.trama.app.ApplicationKt.module$lambda$2(Application.kt:134)\n\tat io.ktor.events.Events.raise(Events.kt:52)\n\tat io.ktor.server.engine.EmbeddedServer.safeRaiseEvent(EmbeddedServerJvm.kt:287)\n\tat io.ktor.server.engine.EmbeddedServer.destroyApplication(EmbeddedServerJvm.kt:300)\n\tat io.ktor.server.engine.EmbeddedServer.stop(EmbeddedServerJvm.kt:411)\n\tat io.ktor.server.engine.EmbeddedServer.stop(EmbeddedServerJvm.kt:419)\n\tat io.ktor.server.engine.EmbeddedServer$stopSuspend$2.invokeSuspend(EmbeddedServerJvm.kt:423)\n\tat kotlin.coroutines.jvm.internal.BaseContinuationImpl.resumeWith(ContinuationImpl.kt:34)\n\tat kotlinx.coroutines.DispatchedTask.run(DispatchedTask.kt:100)\n\tat kotlinx.coroutines.internal.LimitedDispatcher$Worker.run(LimitedDispatcher.kt:124)\n\tat kotlinx.coroutines.scheduling.TaskImpl.run(Tasks.kt:89)\n\tat kotlinx.coroutines.scheduling.CoroutineScheduler.runSafely(CoroutineScheduler.kt:586)\n\tat kotlinx.coroutines.scheduling.CoroutineScheduler$Worker.executeTask(CoroutineScheduler.kt:798)\n\tat kotlinx.coroutines.scheduling.CoroutineScheduler$Worker.runWorker(CoroutineScheduler.kt:717)\n\tat kotlinx.coroutines.scheduling.CoroutineScheduler$Worker.run(CoroutineScheduler.kt:704)\n","enabled":true}
{"@timestamp":"2026-10-09T11:45:29.741277672-03:00","@version":"1","message":"saga-db-pool - Shutdown initiated...","logger_name":"com.zaxxer.hikari.HikariDataSource","thread_name":"DefaultDispatcher-worker-5","level":"INFO","level_value":20000}
{"@timestamp":"2026-10-09T11:45:29.741753008-03:00","@version":"1","message":"saga-db-pool - Shutdown completed.","logger_name":"com.zaxxer.hikari.HikariDataSource","thread_name":"DefaultDispatcher-worker-5","level":"INFO","level_value":20000}
{"@timestamp":"2026-10-09T11:45:29.792954386-03:00","@version":"1","message":"Application started in 0.043 seconds.","logger_name":"io.ktor.test","thread_name":"DefaultDispatcher-worker-5 @call-context#8167","level":"INFO","level_value":20000}
{"@timestamp":"2026-10-09T11:45:29.793058432-03:00","@version":"1","message":"Responding at http://localhost:80","logger_name":"io.ktor.test","thread_name":"DefaultDispatcher-worker-4 @coroutine#8252","level":"INFO","level_value":20000}
{"@timestamp":"2026-10-09T11:45:29.793086284-03:00","@version":"1","message":"Responding at https://localhost:443","logger_name":"io.ktor.test","thread_name":"DefaultDispatcher-worker-4 @coroutine#8252","level":"INFO","level_value":20000}
{"@timestamp":"2026-10-09T11:45:29.799844718-03:00","@version":"1","message":"200 OK POST /workflows/run","logger_name":"io.ktor.test","thread_name":"DefaultDispatcher-worker-5 @request#8167","level":"INFO","level_value":20000,"traceId":"00000000000000000000000000000000","spanId":"0000000000000000"}
{"@timestamp":"2026-10-09T11:45:29.807588791-03:00","@version":"1","message":"200 OK GET /workflows/60d04dc2-ad48-4bc2-ab84-cba3bf0b4e70","logger_name":"io.ktor.test","thread_name":"DefaultDispatcher-worker-10 @request#8259","level":"INFO","level_value":20000,"traceId":"00000000000000000000000000000000","spanId":"0000000000000000"}
{"@timestamp":"2026-10-09T11:45:29.84724571-03:00","@version":"1","message":"switch evaluated","logger_name":"run.trama.saga.workflow.WorkflowExecutor","thread_name":"DefaultDispatcher-worker-5 @coroutine#8241","level":"INFO","level_value":20000,"traceId":"00000000000000000000000000000000","spanId":"0000000000000000","sagaId":"60d04dc2-ad48-4bc2-ab84-cba3bf0b4e70","nodeId":"choose-payment","target":"pix-payment","matchedCase":"pix","usedDefault":false}
{"@timestamp":"2026-10-09T11:45:29.864534229-03:00","@version":"1","message":"saga finished","logger_name":"run.trama.saga.workflow.WorkflowExecutor","thread_name":"DefaultDispatcher-worker-4 @coroutine#8241","level":"INFO","level_value":20000,"traceId":"00000000000000000000000000000000","spanId":"0000000000000000","sagaId":"60d04dc2-ad48-4bc2-ab84-cba3bf0b4e70","sagaName":"switch-pix-5d69b654","status":"SUCCEEDED","durationMs":70}
{"@timestamp":"2026-10-09T11:45:30.012364442-03:00","@version":"1","message":"200 OK GET /workflows/60d04dc2-ad48-4bc2-ab84-cba3bf0b4e70","logger_name":"io.ktor.test","thread_name":"DefaultDispatcher-worker-3 @request#8272","level":"INFO","level_value":20000,"traceId":"00000000000000000000000000000000","spanId":"0000000000000000"}
{"@timestamp":"2026-10-09T11:45:30.049675161-03:00","@version":"1","message":"saga-db-pool - Shutdown initiated...","logger_name":"com.zaxxer.hikari.HikariDataSource","thread_name":"DefaultDispatcher-worker-6","level":"INFO","level_value":20000}
{"@timestamp":"2026-10-09T11:45:30.050091056-03:00","@version":"1","message":"saga-db-pool - Shutdown completed.","logger_name":"com.zaxxer.hikari.HikariDataSource","thread_name":"DefaultDispatcher-worker-6","level":"INFO","level_value":20000}
{"@timestamp":"2026-10-09T11:45:30.107970116-03:00","@version":"1","message":"Application started in 0.049 seconds.","logger_name":"io.ktor.test","thread_name":"DefaultDispatcher-worker-6 @call-context#8280","level":"INFO","level_value":20000}
{"@timestamp":"2026-10-09T11:45:30.108074734-03:00","@version":"1","message":"Responding at http://localhost:80","logger_name":"io.ktor.test","thread_name":"DefaultDispatcher-worker-9 @coroutine#8365","level":"INFO","level_value":20000}
{"@timestamp":"2026-10-09T11:45:30.108105021-03:00","@version":"1","message":"Responding at https://localhost:443","logger_name":"io.ktor.test","thread_name":"DefaultDispatcher-worker-9 @coroutine#8365","level":"INFO","level_value":20000}
{"@timestamp":"2026-10-09T11:45:30.115663512-03:00","@version":"1","message":"200 OK POST /workflows/run","logger_name":"io.ktor.test","thread_name":"DefaultDispatcher-worker-6 @request#8280","level":"INFO","level_value":20000,"traceId":"00000000000000000000000000000000","spanId":"0000000000000000"}
{"@timestamp":"2026-10-09T11:45:30.124887013-03:00","@version":"1","message":"200 OK GET /workflows/fc70f1b5-f926-4ae9-a3ab-5ade607e8a61","logger_name":"io.ktor.test","thread_name":"DefaultDispatcher-worker-11 @request#8372","level":"INFO","level_value":20000,"traceId":"00000000000000000000000000000000","spanId":"0000000000000000"}
{"@timestamp":"2026-10-09T11:45:30.174186517-03:00","@version":"1","message":"node completed","logger_name":"run.trama.saga.workflow.TaskNodeHandler","thread_name":"DefaultDispatcher-worker-11 @coroutine#8354","level":"INFO","level_value":20000,"traceId":"00000000000000000000000000000000","spanId":"0000000000000000","sagaId":"fc70f1b5-f926-4ae9-a3ab-5ade607e8a61","nodeId":"charge","phase":"UP","status":500}
{"@timestamp":"2026-10-09T11:45:30.175187394-03:00","@version":"1","message":"retry scheduled","logger_name":"run.trama.saga.workflow.WorkflowExecutor","thread_name":"DefaultDispatcher-worker-12 @coroutine#8354","level":"INFO","level_value":20000,"traceId":"00000000000000000000000000000000","spanId":"0000000000000000","sagaId":"fc70f1b5-f926-4ae9-a3ab-5ade607e8a61","delayMillis":10,"attempt":1}
{"@timestamp":"2026-10-09T11:45:30.221169072-03:00","@version":"1","message":"node completed","logger_name":"run.trama.saga.workflow.TaskNodeHandler","thread_name":"DefaultDispatcher-worker-6 @coroutine#8355","level":"INFO","level_value":20000,"traceId":"00000000000000000000000000000000","spanId":"0000000000000000","sagaId":"fc70f1b5-f926-4ae9-a3ab-5ade607e8a61","nodeId":"charge","phase":"UP","status":500}
{"@timestamp":"2026-10-09T11:45:30.221911432-03:00","@version":"1","message":"compensation scheduled","logger_name":"run.trama.saga.workflow.WorkflowExecutor","thread_name":"DefaultDispatcher-worker-6 @coroutine#8355","level":"INFO","level_value":20000,"traceId":"00000000000000000000000000000000","spanId":"0000000000000000","sagaId":"fc70f1b5-f926-4ae9-a3ab-5ade607e8a61","failedNodeId":"charge"}
{"@timestamp":"2026-10-09T11:45:30.277515754-03:00","@version":"1","message":"saga finished","logger_name":"run.trama.saga.workflow.WorkflowExecutor","thread_name":"DefaultDispatcher-worker-11 @coroutine#8354","level":"INFO","level_value":20000,"traceId":"00000000000000000000000000000000","spanId":"0000000000000000","sagaId":"fc70f1b5-f926-4ae9-a3ab-5ade607e8a61","sagaName":"retries-exhausted-b5f1eea2","status":"FAILED","durationMs":168}
{"@timestamp":"2026-10-09T11:45:30.329066302-03:00","@version":"1","message":"200 OK GET /workflows/fc70f1b5-f926-4ae9-a3ab-5ade607e8a61","logger_name":"io.ktor.test","thread_name":"DefaultDispatcher-worker-11 @request#8391","level":"INFO","level_value":20000,"traceId":"00000000000000000000000000000000","spanId":"0000000000000000"}
{"@timestamp":"2026-10-09T11:45:30.367179294-03:00","@version":"1","message":"saga-db-pool - Shutdown initiated...","logger_name":"com.zaxxer.hikari.HikariDataSource","thread_name":"DefaultDispatcher-worker-11","level":"INFO","level_value":20000}
{"@timestamp":"2026-10-09T11:45:30.367576703-03:00","@version":"1","message":"saga-db-pool - Shutdown completed.","logger_name":"com.zaxxer.hikari.HikariDataSource","thread_name":"DefaultDispatcher-worker-11","level":"INFO","level_value":20000}
{"@timestamp":"2026-10-09T11:45:30.422999863-03:00","@version":"1","message":"Application started in 0.047 seconds.","logger_name":"io.ktor.test","thread_name":"DefaultDispatcher-worker-11 @call-context#8399","level":"INFO","level_value":20000}
{"@timestamp":"2026-10-09T11:45:30.423120872-03:00","@version":"1","message":"Responding at http://localhost:80","logger_name":"io.ktor.test","thread_name":"DefaultDispatcher-worker-10 @coroutine#8484","level":"INFO","level_value":20000}
{"@timestamp":"2026-10-09T11:45:30.423154435-03:00","@version":"1","message":"Responding at https://localhost:443","logger_name":"io.ktor.test","thread_name":"DefaultDispatcher-worker-10 @coroutine#8484","level":"INFO","level_value":20000}
{"@timestamp":"2026-10-09T11:45:30.429168625-03:00","@version":"1","message":"200 OK POST /workflows/run","logger_name":"io.ktor.test","thread_name":"DefaultDispatcher-worker-11 @request#8399","level":"INFO","level_value":20000,"traceId":"00000000000000000000000000000000","spanId":"0000000000000000"}
{"@timestamp":"2026-10-09T11:45:30.43619867-03:00","@version":"1","message":"200 OK GET /workflows/9288fdff-33ed-41e2-ba4c-11221861c84a","logger_name":"io.ktor.test","thread_name":"DefaultDispatcher-worker-2 @request#8491","level":"INFO","level_value":20000,"traceId":"00000000000000000000000000000000","spanId":"0000000000000000"}
{"@timestamp":"2026-10-09T11:45:30.517426344-03:00","@version":"1","message":"node completed","logger_name":"run.trama.saga.workflow.TaskNodeHandler","thread_name":"DefaultDispatcher-worker-4 @coroutine#8473","level":"INFO","level_value":20000,"traceId":"00000000000000000000000000000000","spanId":"0000000000000000","sagaId":"9288fdff-33ed-41e2-ba4c-11221861c84a","nodeId":"step3","phase":"UP","status":404}
{"@timestamp":"2026-10-09T11:45:30.518663848-03:00","@version":"1","message":"retry scheduled","logger_name":"run.trama.saga.workflow.WorkflowExecutor","thread_name":"DefaultDispatcher-worker-2 @coroutine#8473","level":"INFO","level_value":20000,"traceId":"00000000000000000000000000000000","spanId":"0000000000000000","sagaId":"9288fdff-33ed-41e2-ba4c-11221861c84a","delayMillis":10,"attempt":1}
{"@timestamp":"2026-10-09T11:45:30.584325743-03:00","@version":"1","message":"node completed","logger_name":"run.trama.saga.workflow.TaskNodeHandler","thread_name":"DefaultDispatcher-worker-8 @coroutine#8474","level":"INFO","level_value":20000,"traceId":"00000000000000000000000000000000","spanId":"0000000000000000","sagaId":"9288fdff-33ed-41e2-ba4c-11221861c84a","nodeId":"step3","phase":"UP","status":404}
{"@timestamp":"2026-10-09T11:45:30.584984565-03:00","@version":"1","message":"compensation scheduled","logger_name":"run.trama.saga.workflow.WorkflowExecutor","thread_name":"DefaultDispatcher-worker-7 @coroutine#8474","level":"INFO","level_value":20000,"traceId":"00000000000000000000000000000000","spanId":"0000000000000000","sagaId":"9288fdff-33ed-41e2-ba4c-11221861c84a","failedNodeId":"step3"}
{"@timestamp":"2026-10-09T11:45:30.640902759-03:00","@version":"1","message":"saga finished","logger_name":"run.trama.saga.workflow.WorkflowExecutor","thread_name":"DefaultDispatcher-worker-4 @coroutine#8473","level":"INFO","level_value":20000,"traceId":"00000000000000000000000000000000","spanId":"0000000000000000","sagaId":"9288fdff-33ed-41e2-ba4c-11221861c84a","sagaName":"comp-order-1994dcbe","status":"FAILED","durationMs":216}
{"@timestamp":"2026-10-09T11:45:30.646730016-03:00","@version":"1","message":"200 OK GET /workflows/9288fdff-33ed-41e2-ba4c-11221861c84a","logger_name":"io.ktor.test","thread_name":"DefaultDispatcher-worker-8 @request#8513","level":"INFO","level_value":20000,"traceId":"00000000000000000000000000000000","spanId":"0000000000000000"}
{"@timestamp":"2026-10-09T11:45:30.679035878-03:00","@version":"1","message":"saga-db-pool - Shutdown initiated...","logger_name":"com.zaxxer.hikari.HikariDataSource","thread_name":"DefaultDispatcher-worker-11","level":"INFO","level_value":20000}
{"@timestamp":"2026-10-09T11:45:30.679420203-03:00","@version":"1","message":"saga-db-pool - Shutdown completed.","logger_name":"com.zaxxer.hikari.HikariDataSource","thread_name":"DefaultDispatcher-worker-11","level":"INFO","level_value":20000}
{"@timestamp":"2026-10-09T11:45:30.73524996-03:00","@version":"1","message":"Application started in 0.05 seconds.","logger_name":"io.ktor.test","thread_name":"DefaultDispatcher-worker-11 @call-context#8521","level":"INFO","level_value":20000}
{"@timestamp":"2026-10-09T11:45:30.735540367-03:00","@version":"1","message":"Responding at http://localhost:80","logger_name":"io.ktor.test","thread_name":"DefaultDispatcher-worker-12 @coroutine#8606","level":"INFO","level_value":20000}
{"@timestamp":"2026-10-09T11:45:30.735585532-03:00","@version":"1","message":"Responding at https://localhost:443","logger_name":"io.ktor.test","thread_name":"DefaultDispatcher-worker-12 @coroutine#8606","level":"INFO","level_value":20000}
{"@timestamp":"2026-10-09T11:45:30.743395718-03:00","@version":"1","message":"200 OK POST /workflows/run","logger_name":"io.ktor.test","thread_name":"DefaultDispatcher-worker-10 @request#8521","level":"INFO","level_value":20000,"traceId":"00000000000000000000000000000000","spanId":"0000000000000000"}
{"@timestamp":"2026-10-09T11:45:30.758615395-03:00","@version":"1","message":"200 OK GET /workflows/05fcd61d-00eb-4357-8f57-35ed622791ad","logger_name":"io.ktor.test","thread_name":"DefaultDispatcher-worker-9 @request#8613","level":"INFO","level_value":20000,"traceId":"00000000000000000000000000000000","spanId":"0000000000000000"}
{"@timestamp":"2026-10-09T11:45:30.809020073-03:00","@version":"1","message":"saga finished","logger_name":"run.trama.saga.workflow.WorkflowExecutor","thread_name":"DefaultDispatcher-worker-10 @coroutine#8595","level":"INFO","level_value":20000,"traceId":"00000000000000000000000000000000","spanId":"0000000000000000","sagaId":"05fcd61d-00eb-4357-8f57-35ed622791ad","sagaName":"v1-linear-7df63cdc","status":"SUCCEEDED","durationMs":71}
{"@timestamp":"2026-10-09T11:45:30.963763471-03:00","@version":"1","message":"200 OK GET /workflows/05fcd61d-00eb-4357-8f57-35ed622791ad","logger_name":"io.ktor.test","thread_name":"DefaultDispatcher-worker-10 @request#8626","level":"INFO","level_value":20000,"traceId":"00000000000000000000000000000000","spanId":"0000000000000000"}
{"@timestamp":"2026-10-09T11:45:30.997651998-03:00","@version":"1","message":"saga-db-pool - Shutdown initiated...","logger_name":"com.zaxxer.hikari.HikariDataSource","thread_name":"DefaultDispatcher-worker-9","level":"INFO","level_value":20000}
{"@timestamp":"2026-10-09T11:45:30.998144496-03:00","@version":"1","message":"saga-db-pool - Shutdown completed.","logger_name":"com.zaxxer.hikari.HikariDataSource","thread_name":"DefaultDispatcher-worker-9","level":"INFO","level_value":20000}
{"@timestamp":"2026-10-09T11:45:31.060796758-03:00","@version":"1","message":"Application started in 0.052 seconds.","logger_name":"io.ktor.test","thread_name":"DefaultDispatcher-worker-9 @call-context#8634","level":"INFO","level_value":20000}
{"@timestamp":"2026-10-09T11:45:31.060920522-03:00","@version":"1","message":"Responding at http://localhost:80","logger_name":"io.ktor.test","thread_name":"DefaultDispatcher-worker-5 @coroutine#8719","level":"INFO","level_value":20000}
{"@timestamp":"2026-10-09T11:45:31.060938295-03:00","@version":"1","message":"Responding at https://localhost:443","logger_name":"io.ktor.test","thread_name":"DefaultDispatcher-worker-5 @coroutine#8719","level":"INFO","level_value":20000}
{"@timestamp":"2026-10-09T11:45:31.068095268-03:00","@version":"1","message":"200 OK POST /workflows/run","logger_name":"io.ktor.test","thread_name":"DefaultDispatcher-worker-9 @request#8634","level":"INFO","level_value":20000,"traceId":"00000000000000000000000000000000","spanId":"0000000000000000"}
{"@timestamp":"2026-10-09T11:45:31.077628542-03:00","@version":"1","message":"200 OK GET /workflows/db4a70d9-c366-435c-be66-1b25be22f860","logger_name":"io.ktor.test","thread_name":"DefaultDispatcher-worker-12 @request#8726","level":"INFO","level_value":20000,"traceId":"00000000000000000000000000000000","spanId":"0000000000000000"}
{"@timestamp":"2026-10-09T11:45:31.124936124-03:00","@version":"1","message":"node completed","logger_name":"run.trama.saga.workflow.TaskNodeHandler","thread_name":"DefaultDispatcher-worker-9 @coroutine#8709","level":"INFO","level_value":20000,"traceId":"00000000000000000000000000000000","spanId":"0000000000000000","sagaId":"db4a70d9-c366-435c-be66-1b25be22f860","nodeId":"charge","phase":"UP","status":500}
{"@timestamp":"2026-10-09T11:45:31.126117571-03:00","@version":"1","message":"retry scheduled","logger_name":"run.trama.saga.workflow.WorkflowExecutor","thread_name":"DefaultDispatcher-worker-9 @coroutine#8709","level":"INFO","level_value":20000,"traceId":"00000000000000000000000000000000","spanId":"0000000000000000","sagaId":"db4a70d9-c366-435c-be66-1b25be22f860","delayMillis":50,"attempt":1}
{"@timestamp":"2026-10-09T11:45:31.230217586-03:00","@version":"1","message":"saga finished","logger_name":"run.trama.saga.workflow.WorkflowExecutor","thread_name":"DefaultDispatcher-worker-12 @coroutine#8708","level":"INFO","level_value":20000,"traceId":"00000000000000000000000000000000","spanId":"0000000000000000","sagaId":"db4a70d9-c366-435c-be66-1b25be22f860","sagaName":"retry-success-cabaf399","status":"SUCCEEDED","durationMs":167}
{"@timestamp":"2026-10-09T11:45:31.282696287-03:00","@version":"1","message":"200 OK GET /workflows/db4a70d9-c366-435c-be66-1b25be22f860","logger_name":"io.ktor.test","thread_name":"DefaultDispatcher-worker-12 @request#8742","level":"INFO","level_value":20000,"traceId":"00000000000000000000000000000000","spanId":"0000000000000000"}
{"@timestamp":"2026-10-09T11:45:31.316969134-03:00","@version":"1","message":"saga-db-pool - Shutdown initiated...","logger_name":"com.zaxxer.hikari.HikariDataSource","thread_name":"DefaultDispatcher-worker-12","level":"INFO","level_value":20000}
{"@timestamp":"2026-10-09T11:45:31.317334452-03:00","@version":"1","message":"saga-db-pool - Shutdown completed.","logger_name":"com.zaxxer.hikari.HikariDataSource","thread_name":"DefaultDispatcher-worker-12","level":"INFO","level_value":20000}
{"@timestamp":"2026-10-09T11:45:31.369764912-03:00","@version":"1","message":"Application started in 0.045 seconds.","logger_name":"io.ktor.test","thread_name":"DefaultDispatcher-worker-12 @call-context#8750","level":"INFO","level_value":20000}
{"@timestamp":"2026-10-09T11:45:31.369888465-03:00","@version":"1","message":"Responding at http://localhost:80","logger_name":"io.ktor.test","thread_name":"DefaultDispatcher-worker-4 @coroutine#8835","level":"INFO","level_value":20000}
{"@timestamp":"2026-10-09T11:45:31.369917971-03:00","@version":"1","message":"Responding at https://localhost:443","logger_name":"io.ktor.test","thread_name":"DefaultDispatcher-worker-4 @coroutine#8835","level":"INFO","level_value":20000}
{"@timestamp":"2026-10-09T11:45:31.376111508-03:00","@version":"1","message":"200 OK POST /workflows/run","logger_name":"io.ktor.test","thread_name":"DefaultDispatcher-worker-12 @request#8750","level":"INFO","level_value":20000,"traceId":"00000000000000000000000000000000","spanId":"0000000000000000"}
{"@timestamp":"2026-10-09T11:45:31.384619699-03:00","@version":"1","message":"200 OK GET /workflows/8dd105a9-0395-40ec-9166-b252e5f88916","logger_name":"io.ktor.test","thread_name":"DefaultDispatcher-worker-12 @request#8842","level":"INFO","level_value":20000,"traceId":"00000000000000000000000000000000","spanId":"0000000000000000"}
{"@timestamp":"2026-10-09T11:45:31.444238682-03:00","@version":"1","message":"saga finished","logger_name":"run.trama.saga.workflow.WorkflowExecutor","thread_name":"DefaultDispatcher-worker-10 @coroutine#8824","level":"INFO","level_value":20000,"traceId":"00000000000000000000000000000000","spanId":"0000000000000000","sagaId":"8dd105a9-0395-40ec-9166-b252e5f88916","sagaName":"v2-linear-7a142f55","status":"SUCCEEDED","durationMs":73}
{"@timestamp":"2026-10-09T11:45:31.588815099-03:00","@version":"1","message":"200 OK GET /workflows/8dd105a9-0395-40ec-9166-b252e5f88916","logger_name":"io.ktor.test","thread_name":"DefaultDispatcher-worker-10 @request#8855","level":"INFO","level_value":20000,"traceId":"00000000000000000000000000000000","spanId":"0000000000000000"}
{"@timestamp":"2026-10-09T11:45:31.628040914-03:00","@version":"1","message":"saga-db-pool - Shutdown initiated...","logger_name":"com.zaxxer.hikari.HikariDataSource","thread_name":"DefaultDispatcher-worker-10","level":"INFO","level_value":20000}
{"@timestamp":"2026-10-09T11:45:31.628349405-03:00","@version":"1","message":"saga-db-pool - Shutdown completed.","logger_name":"com.zaxxer.hikari.HikariDataSource","thread_name":"DefaultDispatcher-worker-10","level":"INFO","level_value":20000}
{"@timestamp":"2026-10-09T11:45:31.68366249-03:00","@version":"1","message":"Application started in 0.049 seconds.","logger_name":"io.ktor.test","thread_name":"DefaultDispatcher-worker-4 @call-context#8863","level":"INFO","level_value":20000}
{"@timestamp":"2026-10-09T11:45:31.683774922-03:00","@version":"1","message":"Responding at http://localhost:80","logger_name":"io.ktor.test","thread_name":"DefaultDispatcher-worker-11 @coroutine#8948","level":"INFO","level_value":20000,"traceId":"00000000000000000000000000000000","spanId":"0000000000000000"}
{"@timestamp":"2026-10-09T11:45:31.683808966-03:00","@version":"1","message":"Responding at https://localhost:443","logger_name":"io.ktor.test","thread_name":"DefaultDispatcher-worker-11 @coroutine#8948","level":"INFO","level_value":20000,"traceId":"00000000000000000000000000000000","spanId":"0000000000000000"}
{"@timestamp":"2026-10-09T11:45:31.6914859-03:00","@version":"1","message":"200 OK POST /workflows/run","logger_name":"io.ktor.test","thread_name":"DefaultDispatcher-worker-4 @request#8863","level":"INFO","level_value":20000,"traceId":"00000000000000000000000000000000","spanId":"0000000000000000"}
{"@timestamp":"2026-10-09T11:45:31.700218474-03:00","@version":"1","message":"200 OK GET /workflows/2a13bc2a-c250-4524-b80f-04e32dc99c6b","logger_name":"io.ktor.test","thread_name":"DefaultDispatcher-worker-11 @request#8955","level":"INFO","level_value":20000,"traceId":"00000000000000000000000000000000","spanId":"0000000000000000"}
{"@timestamp":"2026-10-09T11:45:31.755202188-03:00","@version":"1","message":"saga finished","logger_name":"run.trama.saga.workflow.WorkflowExecutor","thread_name":"DefaultDispatcher-worker-12 @coroutine#8937","level":"INFO","level_value":20000,"traceId":"00000000000000000000000000000000","spanId":"0000000000000000","sagaId":"2a13bc2a-c250-4524-b80f-04e32dc99c6b","sagaName":"v2-prev-result-f76dce21","status":"SUCCEEDED","durationMs":70}
{"@timestamp":"2026-10-09T11:45:31.905248127-03:00","@version":"1","message":"200 OK GET /workflows/2a13bc2a-c250-4524-b80f-04e32dc99c6b","logger_name":"io.ktor.test","thread_name":"DefaultDispatcher-worker-11 @request#8965","level":"INFO","level_value":20000,"traceId":"00000000000000000000000000000000","spanId":"0000000000000000"}
{"@timestamp":"2026-10-09T11:45:31.941501638-03:00","@version":"1","message":"saga-db-pool - Shutdown initiated...","logger_name":"com.zaxxer.hikari.HikariDataSource","thread_name":"DefaultDispatcher-worker-11","level":"INFO","level_value":20000}
{"@timestamp":"2026-10-09T11:45:31.94186866-03:00","@version":"1","message":"saga-db-pool - Shutdown completed.","logger_name":"com.zaxxer.hikari.HikariDataSource","thread_name":"DefaultDispatcher-worker-11","level":"INFO","level_value":20000}
OpenJDK 64-Bit Server VM warning: Sharing is only supported for boot loader classes because bootstrap classpath has been appended
{"@timestamp":"2026-10-09T11:45:43.703767669-03:00","@version":"1","message":"Recoverable I/O exception (java.io.IOException) caught when processing request to {}->unix://localhost:2375","logger_name":"com.github.dockerjava.zerodep.shaded.org.apache.hc.client5.http.impl.classic.HttpRequestRetryExec","thread_name":"Thread-3","level":"INFO","level_value":20000}
{"@timestamp":"2026-10-09T11:45:43.886749018-03:00","@version":"1","message":"Reconnecting, last destination was localhost/127.0.0.1:43889","logger_name":"io.lettuce.core.protocol.ConnectionWatchdog","thread_name":"lettuce-eventExecutorLoop-224-1","level":"INFO","level_value":20000}
{"@timestamp":"2026-10-09T11:45:43.891768974-03:00","@version":"1","message":"Cannot reconnect to [localhost/<unresolved>:43889]: Connection refused: localhost/127.0.0.1:43889","logger_name":"io.lettuce.core.protocol.ConnectionWatchdog","thread_name":"lettuce-nioEventLoop-226-2","level":"WARN","level_value":30000}

[Incubating] Problems report is available at: file:///home/thiago/Documents/projects/trama-typed-json/build/reports/problems/problems-report.html

Deprecated Gradle features were used in this build, making it incompatible with Gradle 10.

You can use '--warning-mode all' to show the individual deprecation warnings and determine if they come from your own scripts or plugins.

For more on this, please refer to https://docs.gradle.org/9.6.1/userguide/command_line_interface.html#sec:command_line_warnings in the Gradle documentation.

BUILD SUCCESSFUL in 1m 8s
7 actionable tasks: 7 executed
Consider enabling configuration cache to speed up this build: https://docs.gradle.org/9.6.1/userguide/configuration_cache_enabling.html
