> Task :checkKotlinGradlePluginConfigurationErrors SKIPPED
> Task :processResources
> Task :processTestResources

> Task :compileKotlin
w: file:///home/thiago/Documents/projects/trama-typed-json/app/main/kotlin/run/trama/telemetry/Tracing.kt:36:31 'class ResourceAttributes : Any' is deprecated. Deprecated in Java.

> Task :compileJava
> Task :classes
> Task :jar

> Task :compileTestKotlin
w: file:///home/thiago/Documents/projects/trama-typed-json/app/test/kotlin/io/trama/saga/workflow/WorkflowExecutorBehaviorTest.kt:177:55 No cast needed.
w: file:///home/thiago/Documents/projects/trama-typed-json/app/test/kotlin/run/trama/e2e/E2ECallbackHooksTest.kt:81:27 Unnecessary non-null assertion (!!) on a non-null receiver of type 'String'.

> Task :compileTestJava NO-SOURCE
> Task :testClasses
{"@timestamp":"2026-10-09T11:42:45.629570762-03:00","@version":"1","message":"Application started in 2.7 seconds.","logger_name":"io.ktor.test","thread_name":"DefaultDispatcher-worker-2 @call-context#3","level":"INFO","level_value":20000}
{"@timestamp":"2026-10-09T11:42:45.634597786-03:00","@version":"1","message":"Responding at http://localhost:80","logger_name":"io.ktor.test","thread_name":"DefaultDispatcher-worker-3 @coroutine#71","level":"INFO","level_value":20000}
{"@timestamp":"2026-10-09T11:42:45.634848137-03:00","@version":"1","message":"Responding at https://localhost:443","logger_name":"io.ktor.test","thread_name":"DefaultDispatcher-worker-3 @coroutine#71","level":"INFO","level_value":20000}
{"@timestamp":"2026-10-09T11:42:45.672452131-03:00","@version":"1","message":"200 OK GET /healthz","logger_name":"io.ktor.test","thread_name":"DefaultDispatcher-worker-2 @request#3","level":"INFO","level_value":20000,"traceId":"00000000000000000000000000000000","spanId":"0000000000000000"}
{"@timestamp":"2026-10-09T11:42:45.708145367-03:00","@version":"1","message":"200 OK GET /readyz","logger_name":"io.ktor.test","thread_name":"DefaultDispatcher-worker-1 @request#78","level":"INFO","level_value":20000,"traceId":"00000000000000000000000000000000","spanId":"0000000000000000"}
{"@timestamp":"2026-10-09T11:42:45.717384164-03:00","@version":"1","message":"saga-db-pool - Shutdown initiated...","logger_name":"com.zaxxer.hikari.HikariDataSource","thread_name":"DefaultDispatcher-worker-3","level":"INFO","level_value":20000}
{"@timestamp":"2026-10-09T11:42:45.718682795-03:00","@version":"1","message":"saga-db-pool - Shutdown completed.","logger_name":"com.zaxxer.hikari.HikariDataSource","thread_name":"DefaultDispatcher-worker-3","level":"INFO","level_value":20000}
{"@timestamp":"2026-10-09T11:42:45.909162953-03:00","@version":"1","message":"Application started in 0.173 seconds.","logger_name":"io.ktor.test","thread_name":"DefaultDispatcher-worker-2 @call-context#86","level":"INFO","level_value":20000}
{"@timestamp":"2026-10-09T11:42:45.909648847-03:00","@version":"1","message":"Responding at http://localhost:80","logger_name":"io.ktor.test","thread_name":"DefaultDispatcher-worker-1 @coroutine#154","level":"INFO","level_value":20000}
{"@timestamp":"2026-10-09T11:42:45.909881536-03:00","@version":"1","message":"Responding at https://localhost:443","logger_name":"io.ktor.test","thread_name":"DefaultDispatcher-worker-1 @coroutine#154","level":"INFO","level_value":20000}
{"@timestamp":"2026-10-09T11:42:46.007579735-03:00","@version":"1","message":"200 OK POST /workflows/run","logger_name":"io.ktor.test","thread_name":"DefaultDispatcher-worker-2 @request#86","level":"INFO","level_value":20000,"traceId":"00000000000000000000000000000000","spanId":"0000000000000000"}
{"@timestamp":"2026-10-09T11:42:46.018219731-03:00","@version":"1","message":"saga-db-pool - Starting...","logger_name":"com.zaxxer.hikari.HikariDataSource","thread_name":"DefaultDispatcher-worker-2 @coroutine#161","level":"INFO","level_value":20000}
{"@timestamp":"2026-10-09T11:42:46.025859916-03:00","@version":"1","message":"saga-db-pool - Added connection org.postgresql.jdbc.PgConnection@1b55d593","logger_name":"com.zaxxer.hikari.pool.HikariPool","thread_name":"DefaultDispatcher-worker-2 @coroutine#161","level":"INFO","level_value":20000}
{"@timestamp":"2026-10-09T11:42:46.02898028-03:00","@version":"1","message":"saga-db-pool - Start completed.","logger_name":"com.zaxxer.hikari.HikariDataSource","thread_name":"DefaultDispatcher-worker-2 @coroutine#161","level":"INFO","level_value":20000}

UPDATE SUMMARY
Run:                          2
Previously run:               9
Filtered out:                 0
-------------------------------
Total change sets:           11

{"@timestamp":"2026-10-09T11:42:46.47571694-03:00","@version":"1","message":"\n                                      \n@@@@@@@@@@@@@@@@@@@@@@@@@@@@@@@@@@@@@@\n@@@@@@@@@@@@@@@@@@@@@@@@@@@@@@@@@@@@@@\n@@@@@@@@@@@@@@@@  @@        @@@@@@@@@@\n@@@@@@@@@@@@@@@@@@@@        @@@@@@@@@@\n@@@@@@@@@@@@@@@@  @@  @@    @@@@@@@@@@\n@@@@@@@@@@  @@@@  @@  @@    @@@@@@@@@@\n@@@@@@@@@@        @@        @@@@@@@@@@\n@@@@@@@@@@@@@@@@@@@@@@@@@@@@@@@@@@@@@@\n@@@@@@@@@@@@@@@@@@@@@@@@@@@@@@@@@@@@@@\n@@@@@@@@@@        @@        @@@@@@@@@@\n@@@@@@@@@@    @@  @@  @@@@  @@@@@@@@@@\n@@@@@@@@@@    @@  @@  @@@@  @@@@@@@@@@\n@@@@@@@@@@        @@  @  @  @@@@@@@@@@\n@@@@@@@@@@        @@        @@@@@@@@@@\n@@@@@@@@@@@@@@@@@@@@@@@  @@@@@@@@@@@@@\n@@@@@@@@@@@@@@@@@@@@@@@@@@@@@@@@@@@@@@\n@@@@@@@@@@@@@@@@@@@@@@@@@@@@@@@@@@@@@@  Thank you for using jOOQ 3.21.7 (Build date: 2026-08-04T10:18:47Z)\n                                      ","logger_name":"org.jooq.Constants","thread_name":"DefaultDispatcher-worker-1 @coroutine#161","level":"INFO","level_value":20000}
{"@timestamp":"2026-10-09T11:42:46.476306325-03:00","@version":"1","message":"\n\njOOQ tip of the day: Multi tenancy is best implemented in jOOQ using runtime schema and table mapping: https://www.jooq.org/doc/latest/manual/sql-building/dsl-context/custom-settings/settings-render-mapping/\n","logger_name":"org.jooq.Constants","thread_name":"DefaultDispatcher-worker-1 @coroutine#161","level":"INFO","level_value":20000}
{"@timestamp":"2026-10-09T11:42:46.503604357-03:00","@version":"1","message":"Version mismatch         : Database version is older than what dialect SQLDialect.POSTGRES supports: 15.19. Consider https://www.jooq.org/download/support-matrix to see what jOOQ version and edition supports which RDBMS versions.","logger_name":"org.jooq.impl.DefaultExecuteContext.logVersionSupport","thread_name":"DefaultDispatcher-worker-1 @coroutine#161","level":"WARN","level_value":30000}
{"@timestamp":"2026-10-09T11:42:46.531526057-03:00","@version":"1","message":"saga-db-pool - Shutdown initiated...","logger_name":"com.zaxxer.hikari.HikariDataSource","thread_name":"DefaultDispatcher-worker-2","level":"INFO","level_value":20000}
{"@timestamp":"2026-10-09T11:42:46.532398012-03:00","@version":"1","message":"saga-db-pool - Shutdown completed.","logger_name":"com.zaxxer.hikari.HikariDataSource","thread_name":"DefaultDispatcher-worker-2","level":"INFO","level_value":20000}
{"@timestamp":"2026-10-09T11:42:47.197986987-03:00","@version":"1","message":"Application started in 0.145 seconds.","logger_name":"io.ktor.test","thread_name":"DefaultDispatcher-worker-6 @call-context#694","level":"INFO","level_value":20000}
{"@timestamp":"2026-10-09T11:42:47.198353701-03:00","@version":"1","message":"Responding at http://localhost:80","logger_name":"io.ktor.test","thread_name":"DefaultDispatcher-worker-8 @coroutine#779","level":"INFO","level_value":20000}
{"@timestamp":"2026-10-09T11:42:47.198526422-03:00","@version":"1","message":"Responding at https://localhost:443","logger_name":"io.ktor.test","thread_name":"DefaultDispatcher-worker-8 @coroutine#779","level":"INFO","level_value":20000}
{"@timestamp":"2026-10-09T11:42:47.217050926-03:00","@version":"1","message":"200 OK POST /workflows/run","logger_name":"io.ktor.test","thread_name":"DefaultDispatcher-worker-6 @request#694","level":"INFO","level_value":20000,"traceId":"00000000000000000000000000000000","spanId":"0000000000000000"}
{"@timestamp":"2026-10-09T11:42:47.235533048-03:00","@version":"1","message":"200 OK GET /workflows/c7207cab-6e7c-43bb-bf54-42b22acef1f1","logger_name":"io.ktor.test","thread_name":"DefaultDispatcher-worker-9 @request#786","level":"INFO","level_value":20000,"traceId":"00000000000000000000000000000000","spanId":"0000000000000000"}
{"@timestamp":"2026-10-09T11:42:47.303402094-03:00","@version":"1","message":"node failed","logger_name":"run.trama.saga.workflow.TaskNodeHandler","thread_name":"DefaultDispatcher-worker-11 @coroutine#768","level":"WARN","level_value":30000,"traceId":"00000000000000000000000000000000","spanId":"0000000000000000","sagaId":"9362e277-1a60-46ba-8c2b-ab52663f8a99","nodeId":"t1","phase":"UP","error":"Failed to connect to localhost/[0:0:0:0:0:0:0:1]:1"}
{"@timestamp":"2026-10-09T11:42:47.310166298-03:00","@version":"1","message":"compensation scheduled","logger_name":"run.trama.saga.workflow.WorkflowExecutor","thread_name":"DefaultDispatcher-worker-8 @coroutine#768","level":"INFO","level_value":20000,"traceId":"00000000000000000000000000000000","spanId":"0000000000000000","sagaId":"9362e277-1a60-46ba-8c2b-ab52663f8a99","failedNodeId":"t1"}
{"@timestamp":"2026-10-09T11:42:47.368445701-03:00","@version":"1","message":"saga finished","logger_name":"run.trama.saga.workflow.WorkflowExecutor","thread_name":"DefaultDispatcher-worker-11 @coroutine#768","level":"INFO","level_value":20000,"traceId":"00000000000000000000000000000000","spanId":"0000000000000000","sagaId":"9362e277-1a60-46ba-8c2b-ab52663f8a99","sagaName":"api-only-a77f606c-42cb-4c67-a0af-acfc79efb0f9","status":"FAILED","durationMs":1397}
{"@timestamp":"2026-10-09T11:42:47.424162097-03:00","@version":"1","message":"saga finished","logger_name":"run.trama.saga.workflow.WorkflowExecutor","thread_name":"DefaultDispatcher-worker-9 @coroutine#769","level":"INFO","level_value":20000,"traceId":"00000000000000000000000000000000","spanId":"0000000000000000","sagaId":"c7207cab-6e7c-43bb-bf54-42b22acef1f1","sagaName":"tmpl-3f62a02b","status":"SUCCEEDED","durationMs":223}
{"@timestamp":"2026-10-09T11:42:47.44269271-03:00","@version":"1","message":"200 OK GET /workflows/c7207cab-6e7c-43bb-bf54-42b22acef1f1","logger_name":"io.ktor.test","thread_name":"DefaultDispatcher-worker-9 @request#798","level":"INFO","level_value":20000,"traceId":"00000000000000000000000000000000","spanId":"0000000000000000"}
{"@timestamp":"2026-10-09T11:42:47.494896339-03:00","@version":"1","message":"saga-db-pool - Shutdown initiated...","logger_name":"com.zaxxer.hikari.HikariDataSource","thread_name":"DefaultDispatcher-worker-7","level":"INFO","level_value":20000}
{"@timestamp":"2026-10-09T11:42:47.495563308-03:00","@version":"1","message":"saga-db-pool - Shutdown completed.","logger_name":"com.zaxxer.hikari.HikariDataSource","thread_name":"DefaultDispatcher-worker-7","level":"INFO","level_value":20000}
{"@timestamp":"2026-10-09T11:42:47.612478737-03:00","@version":"1","message":"Application started in 0.106 seconds.","logger_name":"io.ktor.test","thread_name":"DefaultDispatcher-worker-7 @call-context#806","level":"INFO","level_value":20000}
{"@timestamp":"2026-10-09T11:42:47.612825892-03:00","@version":"1","message":"Responding at http://localhost:80","logger_name":"io.ktor.test","thread_name":"DefaultDispatcher-worker-4 @coroutine#891","level":"INFO","level_value":20000}
{"@timestamp":"2026-10-09T11:42:47.613050032-03:00","@version":"1","message":"Responding at https://localhost:443","logger_name":"io.ktor.test","thread_name":"DefaultDispatcher-worker-4 @coroutine#891","level":"INFO","level_value":20000}
{"@timestamp":"2026-10-09T11:42:47.622696976-03:00","@version":"1","message":"200 OK POST /workflows/run","logger_name":"io.ktor.test","thread_name":"DefaultDispatcher-worker-7 @request#806","level":"INFO","level_value":20000,"traceId":"00000000000000000000000000000000","spanId":"0000000000000000"}
{"@timestamp":"2026-10-09T11:42:47.636444203-03:00","@version":"1","message":"200 OK GET /workflows/28d50efd-0562-4557-9cf5-f7a5e5932943","logger_name":"io.ktor.test","thread_name":"DefaultDispatcher-worker-9 @request#898","level":"INFO","level_value":20000,"traceId":"00000000000000000000000000000000","spanId":"0000000000000000"}
{"@timestamp":"2026-10-09T11:42:47.691982078-03:00","@version":"1","message":"saga finished","logger_name":"run.trama.saga.workflow.WorkflowExecutor","thread_name":"DefaultDispatcher-worker-1 @coroutine#880","level":"INFO","level_value":20000,"traceId":"00000000000000000000000000000000","spanId":"0000000000000000","sagaId":"28d50efd-0562-4557-9cf5-f7a5e5932943","sagaName":"escape-fffb5afc","status":"SUCCEEDED","durationMs":76}
{"@timestamp":"2026-10-09T11:42:47.842569541-03:00","@version":"1","message":"200 OK GET /workflows/28d50efd-0562-4557-9cf5-f7a5e5932943","logger_name":"io.ktor.test","thread_name":"DefaultDispatcher-worker-1 @request#905","level":"INFO","level_value":20000,"traceId":"00000000000000000000000000000000","spanId":"0000000000000000"}
{"@timestamp":"2026-10-09T11:42:47.891801751-03:00","@version":"1","message":"saga-db-pool - Shutdown initiated...","logger_name":"com.zaxxer.hikari.HikariDataSource","thread_name":"DefaultDispatcher-worker-4","level":"INFO","level_value":20000}
{"@timestamp":"2026-10-09T11:42:47.892432551-03:00","@version":"1","message":"saga-db-pool - Shutdown completed.","logger_name":"com.zaxxer.hikari.HikariDataSource","thread_name":"DefaultDispatcher-worker-4","level":"INFO","level_value":20000}
{"@timestamp":"2026-10-09T11:42:48.009448851-03:00","@version":"1","message":"Application started in 0.106 seconds.","logger_name":"io.ktor.test","thread_name":"DefaultDispatcher-worker-8 @call-context#913","level":"INFO","level_value":20000}
{"@timestamp":"2026-10-09T11:42:48.009769756-03:00","@version":"1","message":"Responding at http://localhost:80","logger_name":"io.ktor.test","thread_name":"DefaultDispatcher-worker-5 @coroutine#998","level":"INFO","level_value":20000}
{"@timestamp":"2026-10-09T11:42:48.009950092-03:00","@version":"1","message":"Responding at https://localhost:443","logger_name":"io.ktor.test","thread_name":"DefaultDispatcher-worker-5 @coroutine#998","level":"INFO","level_value":20000}
{"@timestamp":"2026-10-09T11:42:48.021394239-03:00","@version":"1","message":"200 OK POST /workflows/run","logger_name":"io.ktor.test","thread_name":"DefaultDispatcher-worker-2 @request#913","level":"INFO","level_value":20000,"traceId":"00000000000000000000000000000000","spanId":"0000000000000000"}
{"@timestamp":"2026-10-09T11:42:48.101225167-03:00","@version":"1","message":"async node waiting for callback","logger_name":"run.trama.saga.workflow.WorkflowExecutor","thread_name":"DefaultDispatcher-worker-4 @coroutine#987","level":"INFO","level_value":20000,"traceId":"00000000000000000000000000000000","spanId":"0000000000000000","sagaId":"922ecfd0-ed51-47f3-b20c-845246faf53c","nodeId":"auth","deadlineAt":"2026-10-09T14:43:18.082134185Z"}
{"@timestamp":"2026-10-09T11:42:48.434356127-03:00","@version":"1","message":"callback received","logger_name":"run.trama.saga.callback.CallbackReceiver","thread_name":"DefaultDispatcher-worker-4 @request#1008","level":"INFO","level_value":20000,"traceId":"00000000000000000000000000000000","spanId":"0000000000000000","executionId":"922ecfd0-ed51-47f3-b20c-845246faf53c","nodeId":"auth","attempt":0,"isSuccess":false}
{"@timestamp":"2026-10-09T11:42:48.441309583-03:00","@version":"1","message":"async callback failure — compensation scheduled","logger_name":"run.trama.saga.callback.CallbackReceiver","thread_name":"DefaultDispatcher-worker-4 @request#1008","level":"INFO","level_value":20000,"traceId":"00000000000000000000000000000000","spanId":"0000000000000000","executionId":"922ecfd0-ed51-47f3-b20c-845246faf53c","nodeId":"auth"}
{"@timestamp":"2026-10-09T11:42:48.442292918-03:00","@version":"1","message":"202 Accepted POST /workflows/922ecfd0-ed51-47f3-b20c-845246faf53c/node/auth/callback","logger_name":"io.ktor.test","thread_name":"DefaultDispatcher-worker-4 @request#1008","level":"INFO","level_value":20000,"traceId":"00000000000000000000000000000000","spanId":"0000000000000000"}
{"@timestamp":"2026-10-09T11:42:48.448469093-03:00","@version":"1","message":"200 OK GET /workflows/922ecfd0-ed51-47f3-b20c-845246faf53c","logger_name":"io.ktor.test","thread_name":"DefaultDispatcher-worker-9 @request#1009","level":"INFO","level_value":20000,"traceId":"00000000000000000000000000000000","spanId":"0000000000000000"}
{"@timestamp":"2026-10-09T11:42:48.494740802-03:00","@version":"1","message":"saga finished","logger_name":"run.trama.saga.workflow.WorkflowExecutor","thread_name":"DefaultDispatcher-worker-2 @coroutine#988","level":"INFO","level_value":20000,"traceId":"00000000000000000000000000000000","spanId":"0000000000000000","sagaId":"922ecfd0-ed51-47f3-b20c-845246faf53c","sagaName":"sw-no-014862c8","status":"FAILED","durationMs":480}
{"@timestamp":"2026-10-09T11:42:48.654294359-03:00","@version":"1","message":"200 OK GET /workflows/922ecfd0-ed51-47f3-b20c-845246faf53c","logger_name":"io.ktor.test","thread_name":"DefaultDispatcher-worker-2 @request#1013","level":"INFO","level_value":20000,"traceId":"00000000000000000000000000000000","spanId":"0000000000000000"}
{"@timestamp":"2026-10-09T11:42:48.695044098-03:00","@version":"1","message":"saga-db-pool - Shutdown initiated...","logger_name":"com.zaxxer.hikari.HikariDataSource","thread_name":"DefaultDispatcher-worker-7","level":"INFO","level_value":20000}
{"@timestamp":"2026-10-09T11:42:48.69579586-03:00","@version":"1","message":"saga-db-pool - Shutdown completed.","logger_name":"com.zaxxer.hikari.HikariDataSource","thread_name":"DefaultDispatcher-worker-7","level":"INFO","level_value":20000}
{"@timestamp":"2026-10-09T11:42:48.790466968-03:00","@version":"1","message":"Application started in 0.085 seconds.","logger_name":"io.ktor.test","thread_name":"DefaultDispatcher-worker-2 @call-context#1021","level":"INFO","level_value":20000}
{"@timestamp":"2026-10-09T11:42:48.790708251-03:00","@version":"1","message":"Responding at http://localhost:80","logger_name":"io.ktor.test","thread_name":"DefaultDispatcher-worker-9 @coroutine#1106","level":"INFO","level_value":20000}
{"@timestamp":"2026-10-09T11:42:48.790781982-03:00","@version":"1","message":"Responding at https://localhost:443","logger_name":"io.ktor.test","thread_name":"DefaultDispatcher-worker-9 @coroutine#1106","level":"INFO","level_value":20000}
{"@timestamp":"2026-10-09T11:42:48.801276849-03:00","@version":"1","message":"200 OK POST /workflows/run","logger_name":"io.ktor.test","thread_name":"DefaultDispatcher-worker-3 @request#1021","level":"INFO","level_value":20000,"traceId":"00000000000000000000000000000000","spanId":"0000000000000000"}
{"@timestamp":"2026-10-09T11:42:48.813339703-03:00","@version":"1","message":"200 OK GET /workflows/c8235767-4553-4ef6-8491-249f3d9dc8c2","logger_name":"io.ktor.test","thread_name":"DefaultDispatcher-worker-2 @request#1113","level":"INFO","level_value":20000,"traceId":"00000000000000000000000000000000","spanId":"0000000000000000"}
{"@timestamp":"2026-10-09T11:42:48.868057158-03:00","@version":"1","message":"saga split","logger_name":"run.trama.saga.workflow.WorkflowExecutor","thread_name":"DefaultDispatcher-worker-6 @coroutine#1095","level":"INFO","level_value":20000,"traceId":"00000000000000000000000000000000","spanId":"0000000000000000","sagaId":"c8235767-4553-4ef6-8491-249f3d9dc8c2","nodeId":"fan","branchCount":2}
{"@timestamp":"2026-10-09T11:42:48.917695624-03:00","@version":"1","message":"saga finished","logger_name":"run.trama.saga.workflow.WorkflowExecutor","thread_name":"DefaultDispatcher-worker-2 @coroutine#1096","level":"INFO","level_value":20000,"traceId":"00000000000000000000000000000000","spanId":"0000000000000000","sagaId":"25d4ab5a-106c-3041-861c-836f0bc1b179","sagaName":"split-sleep-88de665a","status":"SUCCEEDED","durationMs":123}
{"@timestamp":"2026-10-09T11:42:48.928814868-03:00","@version":"1","message":"saga sleeping","logger_name":"run.trama.saga.workflow.WorkflowExecutor","thread_name":"DefaultDispatcher-worker-2 @coroutine#1095","level":"INFO","level_value":20000,"traceId":"00000000000000000000000000000000","spanId":"0000000000000000","sagaId":"065952cd-5413-35c7-af81-79011ba5df51","nodeId":"slow","wakeAt":"2026-10-09T14:42:50.422077037Z","delayMillis":1500}
{"@timestamp":"2026-10-09T11:42:49.019448929-03:00","@version":"1","message":"200 OK GET /workflows/c8235767-4553-4ef6-8491-249f3d9dc8c2","logger_name":"io.ktor.test","thread_name":"DefaultDispatcher-worker-2 @request#1120","level":"INFO","level_value":20000,"traceId":"00000000000000000000000000000000","spanId":"0000000000000000"}
{"@timestamp":"2026-10-09T11:42:49.224791204-03:00","@version":"1","message":"200 OK GET /workflows/c8235767-4553-4ef6-8491-249f3d9dc8c2","logger_name":"io.ktor.test","thread_name":"DefaultDispatcher-worker-6 @request#1124","level":"INFO","level_value":20000,"traceId":"00000000000000000000000000000000","spanId":"0000000000000000"}
{"@timestamp":"2026-10-09T11:42:49.430103832-03:00","@version":"1","message":"200 OK GET /workflows/c8235767-4553-4ef6-8491-249f3d9dc8c2","logger_name":"io.ktor.test","thread_name":"DefaultDispatcher-worker-3 @request#1128","level":"INFO","level_value":20000,"traceId":"00000000000000000000000000000000","spanId":"0000000000000000"}
{"@timestamp":"2026-10-09T11:42:49.635903374-03:00","@version":"1","message":"200 OK GET /workflows/c8235767-4553-4ef6-8491-249f3d9dc8c2","logger_name":"io.ktor.test","thread_name":"DefaultDispatcher-worker-2 @request#1132","level":"INFO","level_value":20000,"traceId":"00000000000000000000000000000000","spanId":"0000000000000000"}
{"@timestamp":"2026-10-09T11:42:49.842464046-03:00","@version":"1","message":"200 OK GET /workflows/c8235767-4553-4ef6-8491-249f3d9dc8c2","logger_name":"io.ktor.test","thread_name":"DefaultDispatcher-worker-10 @request#1136","level":"INFO","level_value":20000,"traceId":"00000000000000000000000000000000","spanId":"0000000000000000"}
{"@timestamp":"2026-10-09T11:42:50.049286947-03:00","@version":"1","message":"200 OK GET /workflows/c8235767-4553-4ef6-8491-249f3d9dc8c2","logger_name":"io.ktor.test","thread_name":"DefaultDispatcher-worker-10 @request#1140","level":"INFO","level_value":20000,"traceId":"00000000000000000000000000000000","spanId":"0000000000000000"}
{"@timestamp":"2026-10-09T11:42:50.254543933-03:00","@version":"1","message":"200 OK GET /workflows/c8235767-4553-4ef6-8491-249f3d9dc8c2","logger_name":"io.ktor.test","thread_name":"DefaultDispatcher-worker-10 @request#1144","level":"INFO","level_value":20000,"traceId":"00000000000000000000000000000000","spanId":"0000000000000000"}
{"@timestamp":"2026-10-09T11:42:50.443129197-03:00","@version":"1","message":"saga waking up","logger_name":"run.trama.saga.workflow.WorkflowExecutor","thread_name":"DefaultDispatcher-worker-2 @coroutine#1096","level":"INFO","level_value":20000,"traceId":"00000000000000000000000000000000","spanId":"0000000000000000","sagaId":"065952cd-5413-35c7-af81-79011ba5df51","nextNodeId":"slow-task"}
{"@timestamp":"2026-10-09T11:42:50.454678088-03:00","@version":"1","message":"saga finished","logger_name":"run.trama.saga.workflow.WorkflowExecutor","thread_name":"DefaultDispatcher-worker-10 @coroutine#1096","level":"INFO","level_value":20000,"traceId":"00000000000000000000000000000000","spanId":"0000000000000000","sagaId":"065952cd-5413-35c7-af81-79011ba5df51","sagaName":"split-sleep-88de665a","status":"SUCCEEDED","durationMs":1660}
{"@timestamp":"2026-10-09T11:42:50.460661941-03:00","@version":"1","message":"200 OK GET /workflows/c8235767-4553-4ef6-8491-249f3d9dc8c2","logger_name":"io.ktor.test","thread_name":"DefaultDispatcher-worker-2 @request#1151","level":"INFO","level_value":20000,"traceId":"00000000000000000000000000000000","spanId":"0000000000000000"}
{"@timestamp":"2026-10-09T11:42:50.476607602-03:00","@version":"1","message":"join barrier satisfied","logger_name":"run.trama.saga.workflow.WorkflowExecutor","thread_name":"DefaultDispatcher-worker-11 @coroutine#1096","level":"INFO","level_value":20000,"traceId":"00000000000000000000000000000000","spanId":"0000000000000000","sagaId":"c8235767-4553-4ef6-8491-249f3d9dc8c2","splitNodeId":"fan","joinNodeId":"fan-in","allSucceeded":true}
{"@timestamp":"2026-10-09T11:42:50.501919341-03:00","@version":"1","message":"saga finished","logger_name":"run.trama.saga.workflow.WorkflowExecutor","thread_name":"DefaultDispatcher-worker-3 @coroutine#1095","level":"INFO","level_value":20000,"traceId":"00000000000000000000000000000000","spanId":"0000000000000000","sagaId":"c8235767-4553-4ef6-8491-249f3d9dc8c2","sagaName":"split-sleep-88de665a","status":"SUCCEEDED","durationMs":1708}
{"@timestamp":"2026-10-09T11:42:50.666751784-03:00","@version":"1","message":"200 OK GET /workflows/c8235767-4553-4ef6-8491-249f3d9dc8c2","logger_name":"io.ktor.test","thread_name":"DefaultDispatcher-worker-2 @request#1158","level":"INFO","level_value":20000,"traceId":"00000000000000000000000000000000","spanId":"0000000000000000"}
{"@timestamp":"2026-10-09T11:42:50.689999576-03:00","@version":"1","message":"saga-db-pool - Shutdown initiated...","logger_name":"com.zaxxer.hikari.HikariDataSource","thread_name":"DefaultDispatcher-worker-7","level":"INFO","level_value":20000}
{"@timestamp":"2026-10-09T11:42:50.690576783-03:00","@version":"1","message":"saga-db-pool - Shutdown completed.","logger_name":"com.zaxxer.hikari.HikariDataSource","thread_name":"DefaultDispatcher-worker-7","level":"INFO","level_value":20000}
{"@timestamp":"2026-10-09T11:42:50.782090416-03:00","@version":"1","message":"Application started in 0.082 seconds.","logger_name":"io.ktor.test","thread_name":"DefaultDispatcher-worker-7 @call-context#1166","level":"INFO","level_value":20000}
{"@timestamp":"2026-10-09T11:42:50.782332801-03:00","@version":"1","message":"Responding at http://localhost:80","logger_name":"io.ktor.test","thread_name":"DefaultDispatcher-worker-5 @coroutine#1251","level":"INFO","level_value":20000}
{"@timestamp":"2026-10-09T11:42:50.782453853-03:00","@version":"1","message":"Responding at https://localhost:443","logger_name":"io.ktor.test","thread_name":"DefaultDispatcher-worker-5 @coroutine#1251","level":"INFO","level_value":20000}
{"@timestamp":"2026-10-09T11:42:50.793422823-03:00","@version":"1","message":"200 OK POST /workflows/run","logger_name":"io.ktor.test","thread_name":"DefaultDispatcher-worker-9 @request#1166","level":"INFO","level_value":20000,"traceId":"00000000000000000000000000000000","spanId":"0000000000000000"}
{"@timestamp":"2026-10-09T11:42:50.80484401-03:00","@version":"1","message":"200 OK GET /workflows/da0c01bf-8964-449b-8a8b-c765f216ac08","logger_name":"io.ktor.test","thread_name":"DefaultDispatcher-worker-12 @request#1258","level":"INFO","level_value":20000,"traceId":"00000000000000000000000000000000","spanId":"0000000000000000"}
{"@timestamp":"2026-10-09T11:42:50.855348019-03:00","@version":"1","message":"saga finished","logger_name":"run.trama.saga.workflow.WorkflowExecutor","thread_name":"DefaultDispatcher-worker-11 @coroutine#1240","level":"INFO","level_value":20000,"traceId":"00000000000000000000000000000000","spanId":"0000000000000000","sagaId":"da0c01bf-8964-449b-8a8b-c765f216ac08","sagaName":"typed-647160a1","status":"SUCCEEDED","durationMs":70}
{"@timestamp":"2026-10-09T11:42:51.010457919-03:00","@version":"1","message":"200 OK GET /workflows/da0c01bf-8964-449b-8a8b-c765f216ac08","logger_name":"io.ktor.test","thread_name":"DefaultDispatcher-worker-11 @request#1265","level":"INFO","level_value":20000,"traceId":"00000000000000000000000000000000","spanId":"0000000000000000"}
{"@timestamp":"2026-10-09T11:42:51.051112472-03:00","@version":"1","message":"saga-db-pool - Shutdown initiated...","logger_name":"com.zaxxer.hikari.HikariDataSource","thread_name":"DefaultDispatcher-worker-6","level":"INFO","level_value":20000}
{"@timestamp":"2026-10-09T11:42:51.051703585-03:00","@version":"1","message":"saga-db-pool - Shutdown completed.","logger_name":"com.zaxxer.hikari.HikariDataSource","thread_name":"DefaultDispatcher-worker-6","level":"INFO","level_value":20000}
{"@timestamp":"2026-10-09T11:42:51.168516783-03:00","@version":"1","message":"Application started in 0.107 seconds.","logger_name":"io.ktor.test","thread_name":"DefaultDispatcher-worker-4 @call-context#1273","level":"INFO","level_value":20000}
{"@timestamp":"2026-10-09T11:42:51.168812951-03:00","@version":"1","message":"Responding at http://localhost:80","logger_name":"io.ktor.test","thread_name":"DefaultDispatcher-worker-3 @coroutine#1358","level":"INFO","level_value":20000}
{"@timestamp":"2026-10-09T11:42:51.169083209-03:00","@version":"1","message":"Responding at https://localhost:443","logger_name":"io.ktor.test","thread_name":"DefaultDispatcher-worker-3 @coroutine#1358","level":"INFO","level_value":20000}
{"@timestamp":"2026-10-09T11:42:51.179105311-03:00","@version":"1","message":"200 OK POST /workflows/run","logger_name":"io.ktor.test","thread_name":"DefaultDispatcher-worker-12 @request#1273","level":"INFO","level_value":20000,"traceId":"00000000000000000000000000000000","spanId":"0000000000000000"}
{"@timestamp":"2026-10-09T11:42:51.190307726-03:00","@version":"1","message":"200 OK GET /workflows/434eae48-9f84-4179-ad2b-426145ef2acd","logger_name":"io.ktor.test","thread_name":"DefaultDispatcher-worker-1 @request#1365","level":"INFO","level_value":20000,"traceId":"00000000000000000000000000000000","spanId":"0000000000000000"}
{"@timestamp":"2026-10-09T11:42:51.193444238-03:00","@version":"1","message":"retry scheduled","logger_name":"run.trama.saga.workflow.WorkflowExecutor","thread_name":"DefaultDispatcher-worker-9 @coroutine#1347","level":"INFO","level_value":20000,"traceId":"00000000000000000000000000000000","spanId":"0000000000000000","sagaId":"434eae48-9f84-4179-ad2b-426145ef2acd","delayMillis":10,"attempt":1}
{"@timestamp":"2026-10-09T11:42:51.238664344-03:00","@version":"1","message":"retry scheduled","logger_name":"run.trama.saga.workflow.WorkflowExecutor","thread_name":"DefaultDispatcher-worker-1 @coroutine#1348","level":"INFO","level_value":20000,"traceId":"00000000000000000000000000000000","spanId":"0000000000000000","sagaId":"434eae48-9f84-4179-ad2b-426145ef2acd","delayMillis":10,"attempt":2}
{"@timestamp":"2026-10-09T11:42:51.290141775-03:00","@version":"1","message":"compensation scheduled","logger_name":"run.trama.saga.workflow.WorkflowExecutor","thread_name":"DefaultDispatcher-worker-1 @coroutine#1347","level":"INFO","level_value":20000,"traceId":"00000000000000000000000000000000","spanId":"0000000000000000","sagaId":"434eae48-9f84-4179-ad2b-426145ef2acd","failedNodeId":"a"}
{"@timestamp":"2026-10-09T11:42:51.344728005-03:00","@version":"1","message":"saga finished","logger_name":"run.trama.saga.workflow.WorkflowExecutor","thread_name":"DefaultDispatcher-worker-1 @coroutine#1348","level":"INFO","level_value":20000,"traceId":"00000000000000000000000000000000","spanId":"0000000000000000","sagaId":"434eae48-9f84-4179-ad2b-426145ef2acd","sagaName":"missing-json-7bc9acba","status":"FAILED","durationMs":173}
{"@timestamp":"2026-10-09T11:42:51.395240436-03:00","@version":"1","message":"200 OK GET /workflows/434eae48-9f84-4179-ad2b-426145ef2acd","logger_name":"io.ktor.test","thread_name":"DefaultDispatcher-worker-1 @request#1369","level":"INFO","level_value":20000,"traceId":"00000000000000000000000000000000","spanId":"0000000000000000"}
{"@timestamp":"2026-10-09T11:42:51.441766135-03:00","@version":"1","message":"saga-db-pool - Shutdown initiated...","logger_name":"com.zaxxer.hikari.HikariDataSource","thread_name":"DefaultDispatcher-worker-4","level":"INFO","level_value":20000,"traceId":"00000000000000000000000000000000","spanId":"0000000000000000"}
{"@timestamp":"2026-10-09T11:42:51.442329475-03:00","@version":"1","message":"saga-db-pool - Shutdown completed.","logger_name":"com.zaxxer.hikari.HikariDataSource","thread_name":"DefaultDispatcher-worker-4","level":"INFO","level_value":20000,"traceId":"00000000000000000000000000000000","spanId":"0000000000000000"}
{"@timestamp":"2026-10-09T11:42:51.532237947-03:00","@version":"1","message":"Application started in 0.08 seconds.","logger_name":"io.ktor.test","thread_name":"DefaultDispatcher-worker-4 @call-context#1377","level":"INFO","level_value":20000,"traceId":"00000000000000000000000000000000","spanId":"0000000000000000"}
{"@timestamp":"2026-10-09T11:42:51.532648113-03:00","@version":"1","message":"Responding at http://localhost:80","logger_name":"io.ktor.test","thread_name":"DefaultDispatcher-worker-8 @coroutine#1462","level":"INFO","level_value":20000,"traceId":"00000000000000000000000000000000","spanId":"0000000000000000"}
{"@timestamp":"2026-10-09T11:42:51.532805515-03:00","@version":"1","message":"Responding at https://localhost:443","logger_name":"io.ktor.test","thread_name":"DefaultDispatcher-worker-8 @coroutine#1462","level":"INFO","level_value":20000,"traceId":"00000000000000000000000000000000","spanId":"0000000000000000"}
{"@timestamp":"2026-10-09T11:42:51.541438885-03:00","@version":"1","message":"200 OK POST /workflows/run","logger_name":"io.ktor.test","thread_name":"DefaultDispatcher-worker-2 @request#1377","level":"INFO","level_value":20000,"traceId":"00000000000000000000000000000000","spanId":"0000000000000000"}
{"@timestamp":"2026-10-09T11:42:51.554711097-03:00","@version":"1","message":"200 OK GET /workflows/5c414ad0-1a17-4dd0-b905-7b91dd92a5ef","logger_name":"io.ktor.test","thread_name":"DefaultDispatcher-worker-10 @request#1469","level":"INFO","level_value":20000,"traceId":"00000000000000000000000000000000","spanId":"0000000000000000"}
{"@timestamp":"2026-10-09T11:42:51.562590061-03:00","@version":"1","message":"node completed","logger_name":"run.trama.saga.workflow.TaskNodeHandler","thread_name":"DefaultDispatcher-worker-3 @coroutine#1451","level":"INFO","level_value":20000,"traceId":"00000000000000000000000000000000","spanId":"0000000000000000","sagaId":"5c414ad0-1a17-4dd0-b905-7b91dd92a5ef","nodeId":"x","phase":"UP","status":500}
{"@timestamp":"2026-10-09T11:42:51.565820233-03:00","@version":"1","message":"retry scheduled","logger_name":"run.trama.saga.workflow.WorkflowExecutor","thread_name":"DefaultDispatcher-worker-7 @coroutine#1451","level":"INFO","level_value":20000,"traceId":"00000000000000000000000000000000","spanId":"0000000000000000","sagaId":"5c414ad0-1a17-4dd0-b905-7b91dd92a5ef","delayMillis":300,"attempt":1}
{"@timestamp":"2026-10-09T11:42:51.760533644-03:00","@version":"1","message":"200 OK GET /workflows/5c414ad0-1a17-4dd0-b905-7b91dd92a5ef","logger_name":"io.ktor.test","thread_name":"DefaultDispatcher-worker-10 @request#1476","level":"INFO","level_value":20000,"traceId":"00000000000000000000000000000000","spanId":"0000000000000000"}
{"@timestamp":"2026-10-09T11:42:51.913567595-03:00","@version":"1","message":"node completed","logger_name":"run.trama.saga.workflow.TaskNodeHandler","thread_name":"DefaultDispatcher-worker-11 @coroutine#1452","level":"INFO","level_value":20000,"traceId":"00000000000000000000000000000000","spanId":"0000000000000000","sagaId":"5c414ad0-1a17-4dd0-b905-7b91dd92a5ef","nodeId":"x","phase":"UP","status":500}
{"@timestamp":"2026-10-09T11:42:51.914691981-03:00","@version":"1","message":"retry scheduled","logger_name":"run.trama.saga.workflow.WorkflowExecutor","thread_name":"DefaultDispatcher-worker-11 @coroutine#1452","level":"INFO","level_value":20000,"traceId":"00000000000000000000000000000000","spanId":"0000000000000000","sagaId":"5c414ad0-1a17-4dd0-b905-7b91dd92a5ef","delayMillis":600,"attempt":2}
{"@timestamp":"2026-10-09T11:42:51.966878792-03:00","@version":"1","message":"200 OK GET /workflows/5c414ad0-1a17-4dd0-b905-7b91dd92a5ef","logger_name":"io.ktor.test","thread_name":"DefaultDispatcher-worker-11 @request#1483","level":"INFO","level_value":20000,"traceId":"00000000000000000000000000000000","spanId":"0000000000000000"}
{"@timestamp":"2026-10-09T11:42:52.172390276-03:00","@version":"1","message":"200 OK GET /workflows/5c414ad0-1a17-4dd0-b905-7b91dd92a5ef","logger_name":"io.ktor.test","thread_name":"DefaultDispatcher-worker-10 @request#1487","level":"INFO","level_value":20000,"traceId":"00000000000000000000000000000000","spanId":"0000000000000000"}
{"@timestamp":"2026-10-09T11:42:52.377701547-03:00","@version":"1","message":"200 OK GET /workflows/5c414ad0-1a17-4dd0-b905-7b91dd92a5ef","logger_name":"io.ktor.test","thread_name":"DefaultDispatcher-worker-6 @request#1491","level":"INFO","level_value":20000,"traceId":"00000000000000000000000000000000","spanId":"0000000000000000"}
{"@timestamp":"2026-10-09T11:42:52.571911842-03:00","@version":"1","message":"node completed","logger_name":"run.trama.saga.workflow.TaskNodeHandler","thread_name":"DefaultDispatcher-worker-11 @coroutine#1451","level":"INFO","level_value":20000,"traceId":"00000000000000000000000000000000","spanId":"0000000000000000","sagaId":"5c414ad0-1a17-4dd0-b905-7b91dd92a5ef","nodeId":"x","phase":"UP","status":500}
{"@timestamp":"2026-10-09T11:42:52.572943469-03:00","@version":"1","message":"compensation scheduled","logger_name":"run.trama.saga.workflow.WorkflowExecutor","thread_name":"DefaultDispatcher-worker-11 @coroutine#1451","level":"INFO","level_value":20000,"traceId":"00000000000000000000000000000000","spanId":"0000000000000000","sagaId":"5c414ad0-1a17-4dd0-b905-7b91dd92a5ef","failedNodeId":"x"}
{"@timestamp":"2026-10-09T11:42:52.582989144-03:00","@version":"1","message":"200 OK GET /workflows/5c414ad0-1a17-4dd0-b905-7b91dd92a5ef","logger_name":"io.ktor.test","thread_name":"DefaultDispatcher-worker-11 @request#1498","level":"INFO","level_value":20000,"traceId":"00000000000000000000000000000000","spanId":"0000000000000000"}
{"@timestamp":"2026-10-09T11:42:52.625386397-03:00","@version":"1","message":"saga finished","logger_name":"run.trama.saga.workflow.WorkflowExecutor","thread_name":"DefaultDispatcher-worker-3 @coroutine#1452","level":"INFO","level_value":20000,"traceId":"00000000000000000000000000000000","spanId":"0000000000000000","sagaId":"5c414ad0-1a17-4dd0-b905-7b91dd92a5ef","sagaName":"backoff-c51b0a63","status":"FAILED","durationMs":1089}
{"@timestamp":"2026-10-09T11:42:52.78865766-03:00","@version":"1","message":"200 OK GET /workflows/5c414ad0-1a17-4dd0-b905-7b91dd92a5ef","logger_name":"io.ktor.test","thread_name":"DefaultDispatcher-worker-3 @request#1502","level":"INFO","level_value":20000,"traceId":"00000000000000000000000000000000","spanId":"0000000000000000"}
{"@timestamp":"2026-10-09T11:42:52.820792884-03:00","@version":"1","message":"saga-db-pool - Shutdown initiated...","logger_name":"com.zaxxer.hikari.HikariDataSource","thread_name":"DefaultDispatcher-worker-10","level":"INFO","level_value":20000}
{"@timestamp":"2026-10-09T11:42:52.821467307-03:00","@version":"1","message":"saga-db-pool - Shutdown completed.","logger_name":"com.zaxxer.hikari.HikariDataSource","thread_name":"DefaultDispatcher-worker-10","level":"INFO","level_value":20000}
{"@timestamp":"2026-10-09T11:42:52.917208484-03:00","@version":"1","message":"Application started in 0.086 seconds.","logger_name":"io.ktor.test","thread_name":"DefaultDispatcher-worker-10 @call-context#1510","level":"INFO","level_value":20000}
{"@timestamp":"2026-10-09T11:42:52.917487389-03:00","@version":"1","message":"Responding at http://localhost:80","logger_name":"io.ktor.test","thread_name":"DefaultDispatcher-worker-3 @coroutine#1595","level":"INFO","level_value":20000}
{"@timestamp":"2026-10-09T11:42:52.917563134-03:00","@version":"1","message":"Responding at https://localhost:443","logger_name":"io.ktor.test","thread_name":"DefaultDispatcher-worker-3 @coroutine#1595","level":"INFO","level_value":20000}
{"@timestamp":"2026-10-09T11:42:52.925236742-03:00","@version":"1","message":"200 OK POST /workflows/run","logger_name":"io.ktor.test","thread_name":"DefaultDispatcher-worker-10 @request#1510","level":"INFO","level_value":20000,"traceId":"00000000000000000000000000000000","spanId":"0000000000000000"}
{"@timestamp":"2026-10-09T11:42:52.936309295-03:00","@version":"1","message":"200 OK GET /workflows/030f1b7b-d7c4-4cd0-9084-2127aac4c177","logger_name":"io.ktor.test","thread_name":"DefaultDispatcher-worker-12 @request#1602","level":"INFO","level_value":20000,"traceId":"00000000000000000000000000000000","spanId":"0000000000000000"}
{"@timestamp":"2026-10-09T11:42:52.976840882-03:00","@version":"1","message":"switch evaluated","logger_name":"run.trama.saga.workflow.WorkflowExecutor","thread_name":"DefaultDispatcher-worker-5 @coroutine#1584","level":"INFO","level_value":20000,"traceId":"00000000000000000000000000000000","spanId":"0000000000000000","sagaId":"030f1b7b-d7c4-4cd0-9084-2127aac4c177","nodeId":"route","target":"pix","matchedCase":"pix","usedDefault":false}
{"@timestamp":"2026-10-09T11:42:52.991266221-03:00","@version":"1","message":"saga finished","logger_name":"run.trama.saga.workflow.WorkflowExecutor","thread_name":"DefaultDispatcher-worker-8 @coroutine#1584","level":"INFO","level_value":20000,"traceId":"00000000000000000000000000000000","spanId":"0000000000000000","sagaId":"030f1b7b-d7c4-4cd0-9084-2127aac4c177","sagaName":"switch-input-265fe1f4","status":"SUCCEEDED","durationMs":70}
{"@timestamp":"2026-10-09T11:42:53.141358858-03:00","@version":"1","message":"200 OK GET /workflows/030f1b7b-d7c4-4cd0-9084-2127aac4c177","logger_name":"io.ktor.test","thread_name":"DefaultDispatcher-worker-8 @request#1609","level":"INFO","level_value":20000,"traceId":"00000000000000000000000000000000","spanId":"0000000000000000"}
{"@timestamp":"2026-10-09T11:42:53.183942808-03:00","@version":"1","message":"saga-db-pool - Shutdown initiated...","logger_name":"com.zaxxer.hikari.HikariDataSource","thread_name":"DefaultDispatcher-worker-8","level":"INFO","level_value":20000}
{"@timestamp":"2026-10-09T11:42:53.184563918-03:00","@version":"1","message":"saga-db-pool - Shutdown completed.","logger_name":"com.zaxxer.hikari.HikariDataSource","thread_name":"DefaultDispatcher-worker-8","level":"INFO","level_value":20000}
{"@timestamp":"2026-10-09T11:42:53.26564762-03:00","@version":"1","message":"Application started in 0.071 seconds.","logger_name":"io.ktor.test","thread_name":"DefaultDispatcher-worker-8 @call-context#1617","level":"INFO","level_value":20000}
{"@timestamp":"2026-10-09T11:42:53.265969758-03:00","@version":"1","message":"Responding at http://localhost:80","logger_name":"io.ktor.test","thread_name":"DefaultDispatcher-worker-6 @coroutine#1702","level":"INFO","level_value":20000}
{"@timestamp":"2026-10-09T11:42:53.266087684-03:00","@version":"1","message":"Responding at https://localhost:443","logger_name":"io.ktor.test","thread_name":"DefaultDispatcher-worker-6 @coroutine#1702","level":"INFO","level_value":20000}
{"@timestamp":"2026-10-09T11:42:53.274684639-03:00","@version":"1","message":"200 OK POST /workflows/run","logger_name":"io.ktor.test","thread_name":"DefaultDispatcher-worker-9 @request#1617","level":"INFO","level_value":20000,"traceId":"00000000000000000000000000000000","spanId":"0000000000000000"}
{"@timestamp":"2026-10-09T11:42:53.295097539-03:00","@version":"1","message":"saga split","logger_name":"run.trama.saga.workflow.WorkflowExecutor","thread_name":"DefaultDispatcher-worker-2 @coroutine#1691","level":"INFO","level_value":20000,"traceId":"00000000000000000000000000000000","spanId":"0000000000000000","sagaId":"c3079399-6012-4a07-8c6d-f1dff865ae9b","nodeId":"fan","branchCount":2}
{"@timestamp":"2026-10-09T11:42:53.339425942-03:00","@version":"1","message":"async node waiting for callback","logger_name":"run.trama.saga.workflow.WorkflowExecutor","thread_name":"DefaultDispatcher-worker-8 @coroutine#1692","level":"INFO","level_value":20000,"traceId":"00000000000000000000000000000000","spanId":"0000000000000000","sagaId":"0a5087e3-7c26-35d0-b46d-67fb23a65da1","nodeId":"ext","deadlineAt":"2026-10-09T14:43:23.326721244Z"}
{"@timestamp":"2026-10-09T11:42:53.350122201-03:00","@version":"1","message":"saga finished","logger_name":"run.trama.saga.workflow.WorkflowExecutor","thread_name":"DefaultDispatcher-worker-3 @coroutine#1691","level":"INFO","level_value":20000,"traceId":"00000000000000000000000000000000","spanId":"0000000000000000","sagaId":"d837298b-26c9-3b70-95f5-849bfe2c1e75","sagaName":"split-async-last-c8cc3dfa","status":"SUCCEEDED","durationMs":81}
{"@timestamp":"2026-10-09T11:42:54.38425674-03:00","@version":"1","message":"callback received","logger_name":"run.trama.saga.callback.CallbackReceiver","thread_name":"DefaultDispatcher-worker-3 @request#1715","level":"INFO","level_value":20000,"traceId":"00000000000000000000000000000000","spanId":"0000000000000000","executionId":"0a5087e3-7c26-35d0-b46d-67fb23a65da1","nodeId":"ext","attempt":0,"isSuccess":true}
{"@timestamp":"2026-10-09T11:42:54.387903468-03:00","@version":"1","message":"saga succeeded via async callback","logger_name":"run.trama.saga.callback.CallbackReceiver","thread_name":"DefaultDispatcher-worker-3 @request#1715","level":"INFO","level_value":20000,"traceId":"00000000000000000000000000000000","spanId":"0000000000000000","executionId":"0a5087e3-7c26-35d0-b46d-67fb23a65da1","nodeId":"ext"}
{"@timestamp":"2026-10-09T11:42:54.388414296-03:00","@version":"1","message":"202 Accepted POST /workflows/0a5087e3-7c26-35d0-b46d-67fb23a65da1/node/ext/callback","logger_name":"io.ktor.test","thread_name":"DefaultDispatcher-worker-3 @request#1715","level":"INFO","level_value":20000,"traceId":"00000000000000000000000000000000","spanId":"0000000000000000"}
{"@timestamp":"2026-10-09T11:42:54.393850613-03:00","@version":"1","message":"200 OK GET /workflows/c3079399-6012-4a07-8c6d-f1dff865ae9b","logger_name":"io.ktor.test","thread_name":"DefaultDispatcher-worker-8 @request#1716","level":"INFO","level_value":20000,"traceId":"00000000000000000000000000000000","spanId":"0000000000000000"}
{"@timestamp":"2026-10-09T11:42:54.44450712-03:00","@version":"1","message":"saga finished","logger_name":"run.trama.saga.workflow.WorkflowExecutor","thread_name":"DefaultDispatcher-worker-2 @coroutine#1692","level":"INFO","level_value":20000,"traceId":"00000000000000000000000000000000","spanId":"0000000000000000","sagaId":"0a5087e3-7c26-35d0-b46d-67fb23a65da1","sagaName":"split-async-last-c8cc3dfa","status":"SUCCEEDED","durationMs":1176}
{"@timestamp":"2026-10-09T11:42:54.452367532-03:00","@version":"1","message":"join barrier satisfied","logger_name":"run.trama.saga.workflow.WorkflowExecutor","thread_name":"DefaultDispatcher-worker-8 @coroutine#1692","level":"INFO","level_value":20000,"traceId":"00000000000000000000000000000000","spanId":"0000000000000000","sagaId":"c3079399-6012-4a07-8c6d-f1dff865ae9b","splitNodeId":"fan","joinNodeId":"fan-in","allSucceeded":true}
{"@timestamp":"2026-10-09T11:42:54.499567917-03:00","@version":"1","message":"saga finished","logger_name":"run.trama.saga.workflow.WorkflowExecutor","thread_name":"DefaultDispatcher-worker-4 @coroutine#1691","level":"INFO","level_value":20000,"traceId":"00000000000000000000000000000000","spanId":"0000000000000000","sagaId":"c3079399-6012-4a07-8c6d-f1dff865ae9b","sagaName":"split-async-last-c8cc3dfa","status":"SUCCEEDED","durationMs":1231}
{"@timestamp":"2026-10-09T11:42:54.599324689-03:00","@version":"1","message":"200 OK GET /workflows/c3079399-6012-4a07-8c6d-f1dff865ae9b","logger_name":"io.ktor.test","thread_name":"DefaultDispatcher-worker-4 @request#1723","level":"INFO","level_value":20000,"traceId":"00000000000000000000000000000000","spanId":"0000000000000000"}
{"@timestamp":"2026-10-09T11:42:54.641445059-03:00","@version":"1","message":"saga-db-pool - Shutdown initiated...","logger_name":"com.zaxxer.hikari.HikariDataSource","thread_name":"DefaultDispatcher-worker-8","level":"INFO","level_value":20000}
{"@timestamp":"2026-10-09T11:42:54.642031382-03:00","@version":"1","message":"saga-db-pool - Shutdown completed.","logger_name":"com.zaxxer.hikari.HikariDataSource","thread_name":"DefaultDispatcher-worker-8","level":"INFO","level_value":20000}
{"@timestamp":"2026-10-09T11:42:54.736082942-03:00","@version":"1","message":"Application started in 0.085 seconds.","logger_name":"io.ktor.test","thread_name":"DefaultDispatcher-worker-8 @call-context#1731","level":"INFO","level_value":20000}
{"@timestamp":"2026-10-09T11:42:54.736470014-03:00","@version":"1","message":"Responding at http://localhost:80","logger_name":"io.ktor.test","thread_name":"DefaultDispatcher-worker-1 @coroutine#1816","level":"INFO","level_value":20000}
{"@timestamp":"2026-10-09T11:42:54.736588401-03:00","@version":"1","message":"Responding at https://localhost:443","logger_name":"io.ktor.test","thread_name":"DefaultDispatcher-worker-1 @coroutine#1816","level":"INFO","level_value":20000}
{"@timestamp":"2026-10-09T11:42:54.746710637-03:00","@version":"1","message":"200 OK POST /workflows/run","logger_name":"io.ktor.test","thread_name":"DefaultDispatcher-worker-2 @request#1731","level":"INFO","level_value":20000,"traceId":"00000000000000000000000000000000","spanId":"0000000000000000"}
{"@timestamp":"2026-10-09T11:42:54.757738247-03:00","@version":"1","message":"200 OK GET /workflows/28e6e577-fa87-4acc-81e0-bf74cec86058","logger_name":"io.ktor.test","thread_name":"DefaultDispatcher-worker-8 @request#1823","level":"INFO","level_value":20000,"traceId":"00000000000000000000000000000000","spanId":"0000000000000000"}
{"@timestamp":"2026-10-09T11:42:54.808531797-03:00","@version":"1","message":"saga split","logger_name":"run.trama.saga.workflow.WorkflowExecutor","thread_name":"DefaultDispatcher-worker-2 @coroutine#1805","level":"INFO","level_value":20000,"traceId":"00000000000000000000000000000000","spanId":"0000000000000000","sagaId":"28e6e577-fa87-4acc-81e0-bf74cec86058","nodeId":"outer","branchCount":2}
{"@timestamp":"2026-10-09T11:42:54.855233496-03:00","@version":"1","message":"saga split","logger_name":"run.trama.saga.workflow.WorkflowExecutor","thread_name":"DefaultDispatcher-worker-8 @coroutine#1806","level":"INFO","level_value":20000,"traceId":"00000000000000000000000000000000","spanId":"0000000000000000","sagaId":"8ca46b7b-edfe-3f79-b784-8f2fa9ea8ca9","nodeId":"inner","branchCount":2}
{"@timestamp":"2026-10-09T11:42:54.87099647-03:00","@version":"1","message":"saga finished","logger_name":"run.trama.saga.workflow.WorkflowExecutor","thread_name":"DefaultDispatcher-worker-7 @coroutine#1805","level":"INFO","level_value":20000,"traceId":"00000000000000000000000000000000","spanId":"0000000000000000","sagaId":"981ab2ba-576a-37e1-98ce-53d8564145b9","sagaName":"nested-split-f54744ff","status":"SUCCEEDED","durationMs":131}
{"@timestamp":"2026-10-09T11:42:54.910690261-03:00","@version":"1","message":"saga finished","logger_name":"run.trama.saga.workflow.WorkflowExecutor","thread_name":"DefaultDispatcher-worker-5 @coroutine#1806","level":"INFO","level_value":20000,"traceId":"00000000000000000000000000000000","spanId":"0000000000000000","sagaId":"a7ecf3aa-c5ad-39f6-aa8c-d8a95bce0d66","sagaName":"nested-split-f54744ff","status":"SUCCEEDED","durationMs":171}
{"@timestamp":"2026-10-09T11:42:54.912748194-03:00","@version":"1","message":"saga finished","logger_name":"run.trama.saga.workflow.WorkflowExecutor","thread_name":"DefaultDispatcher-worker-5 @coroutine#1805","level":"INFO","level_value":20000,"traceId":"00000000000000000000000000000000","spanId":"0000000000000000","sagaId":"74cb1df4-a7f0-3059-a0cc-8b6ec16cba0b","sagaName":"nested-split-f54744ff","status":"SUCCEEDED","durationMs":173}
{"@timestamp":"2026-10-09T11:42:54.927685577-03:00","@version":"1","message":"join barrier satisfied","logger_name":"run.trama.saga.workflow.WorkflowExecutor","thread_name":"DefaultDispatcher-worker-5 @coroutine#1805","level":"INFO","level_value":20000,"traceId":"00000000000000000000000000000000","spanId":"0000000000000000","sagaId":"8ca46b7b-edfe-3f79-b784-8f2fa9ea8ca9","splitNodeId":"inner","joinNodeId":"inner-join","allSucceeded":true}
{"@timestamp":"2026-10-09T11:42:54.959461576-03:00","@version":"1","message":"saga finished","logger_name":"run.trama.saga.workflow.WorkflowExecutor","thread_name":"DefaultDispatcher-worker-5 @coroutine#1806","level":"INFO","level_value":20000,"traceId":"00000000000000000000000000000000","spanId":"0000000000000000","sagaId":"8ca46b7b-edfe-3f79-b784-8f2fa9ea8ca9","sagaName":"nested-split-f54744ff","status":"SUCCEEDED","durationMs":220}
{"@timestamp":"2026-10-09T11:42:54.963594094-03:00","@version":"1","message":"200 OK GET /workflows/28e6e577-fa87-4acc-81e0-bf74cec86058","logger_name":"io.ktor.test","thread_name":"DefaultDispatcher-worker-1 @request#1839","level":"INFO","level_value":20000,"traceId":"00000000000000000000000000000000","spanId":"0000000000000000"}
{"@timestamp":"2026-10-09T11:42:54.969227318-03:00","@version":"1","message":"join barrier satisfied","logger_name":"run.trama.saga.workflow.WorkflowExecutor","thread_name":"DefaultDispatcher-worker-7 @coroutine#1806","level":"INFO","level_value":20000,"traceId":"00000000000000000000000000000000","spanId":"0000000000000000","sagaId":"28e6e577-fa87-4acc-81e0-bf74cec86058","splitNodeId":"outer","joinNodeId":"outer-join","allSucceeded":true}
{"@timestamp":"2026-10-09T11:42:55.018387523-03:00","@version":"1","message":"saga finished","logger_name":"run.trama.saga.workflow.WorkflowExecutor","thread_name":"DefaultDispatcher-worker-1 @coroutine#1805","level":"INFO","level_value":20000,"traceId":"00000000000000000000000000000000","spanId":"0000000000000000","sagaId":"28e6e577-fa87-4acc-81e0-bf74cec86058","sagaName":"nested-split-f54744ff","status":"SUCCEEDED","durationMs":279}
{"@timestamp":"2026-10-09T11:42:55.169432944-03:00","@version":"1","message":"200 OK GET /workflows/28e6e577-fa87-4acc-81e0-bf74cec86058","logger_name":"io.ktor.test","thread_name":"DefaultDispatcher-worker-1 @request#1846","level":"INFO","level_value":20000,"traceId":"00000000000000000000000000000000","spanId":"0000000000000000"}
{"@timestamp":"2026-10-09T11:42:55.205477362-03:00","@version":"1","message":"saga-db-pool - Shutdown initiated...","logger_name":"com.zaxxer.hikari.HikariDataSource","thread_name":"DefaultDispatcher-worker-1","level":"INFO","level_value":20000}
{"@timestamp":"2026-10-09T11:42:55.205990646-03:00","@version":"1","message":"saga-db-pool - Shutdown completed.","logger_name":"com.zaxxer.hikari.HikariDataSource","thread_name":"DefaultDispatcher-worker-1","level":"INFO","level_value":20000}
{"@timestamp":"2026-10-09T11:42:55.296662505-03:00","@version":"1","message":"Application started in 0.081 seconds.","logger_name":"io.ktor.test","thread_name":"DefaultDispatcher-worker-1 @call-context#1854","level":"INFO","level_value":20000}
{"@timestamp":"2026-10-09T11:42:55.296876235-03:00","@version":"1","message":"Responding at http://localhost:80","logger_name":"io.ktor.test","thread_name":"DefaultDispatcher-worker-8 @coroutine#1939","level":"INFO","level_value":20000}
{"@timestamp":"2026-10-09T11:42:55.29696774-03:00","@version":"1","message":"Responding at https://localhost:443","logger_name":"io.ktor.test","thread_name":"DefaultDispatcher-worker-8 @coroutine#1939","level":"INFO","level_value":20000}
{"@timestamp":"2026-10-09T11:42:55.306461389-03:00","@version":"1","message":"200 OK POST /workflows/run","logger_name":"io.ktor.test","thread_name":"DefaultDispatcher-worker-3 @request#1854","level":"INFO","level_value":20000,"traceId":"00000000000000000000000000000000","spanId":"0000000000000000"}
{"@timestamp":"2026-10-09T11:42:55.322778542-03:00","@version":"1","message":"saga split","logger_name":"run.trama.saga.workflow.WorkflowExecutor","thread_name":"DefaultDispatcher-worker-8 @coroutine#1928","level":"INFO","level_value":20000,"traceId":"00000000000000000000000000000000","spanId":"0000000000000000","sagaId":"3180249a-8da5-49d0-993c-1741db5fa468","nodeId":"fan","branchCount":2}
{"@timestamp":"2026-10-09T11:42:55.369811613-03:00","@version":"1","message":"async node waiting for callback","logger_name":"run.trama.saga.workflow.WorkflowExecutor","thread_name":"DefaultDispatcher-worker-9 @coroutine#1928","level":"INFO","level_value":20000,"traceId":"00000000000000000000000000000000","spanId":"0000000000000000","sagaId":"0b6d3662-e87f-3f51-81a2-10af8a8a2b8c","nodeId":"ext","deadlineAt":"2026-10-09T14:43:25.359139025Z"}
{"@timestamp":"2026-10-09T11:42:55.374737942-03:00","@version":"1","message":"saga finished","logger_name":"run.trama.saga.workflow.WorkflowExecutor","thread_name":"DefaultDispatcher-worker-9 @coroutine#1929","level":"INFO","level_value":20000,"traceId":"00000000000000000000000000000000","spanId":"0000000000000000","sagaId":"d1a68886-48be-3a5f-9435-b8bc450c9a47","sagaName":"split-async-5d462dd7","status":"SUCCEEDED","durationMs":75}
{"@timestamp":"2026-10-09T11:42:56.41489564-03:00","@version":"1","message":"callback received","logger_name":"run.trama.saga.callback.CallbackReceiver","thread_name":"DefaultDispatcher-worker-10 @request#1952","level":"INFO","level_value":20000,"traceId":"00000000000000000000000000000000","spanId":"0000000000000000","executionId":"0b6d3662-e87f-3f51-81a2-10af8a8a2b8c","nodeId":"ext","attempt":0,"isSuccess":true}
{"@timestamp":"2026-10-09T11:42:56.418248282-03:00","@version":"1","message":"execution resumed after async callback","logger_name":"run.trama.saga.callback.CallbackReceiver","thread_name":"DefaultDispatcher-worker-10 @request#1952","level":"INFO","level_value":20000,"traceId":"00000000000000000000000000000000","spanId":"0000000000000000","executionId":"0b6d3662-e87f-3f51-81a2-10af8a8a2b8c","nodeId":"ext","nextNodeId":"ext-after"}
{"@timestamp":"2026-10-09T11:42:56.418711359-03:00","@version":"1","message":"202 Accepted POST /workflows/0b6d3662-e87f-3f51-81a2-10af8a8a2b8c/node/ext/callback","logger_name":"io.ktor.test","thread_name":"DefaultDispatcher-worker-10 @request#1952","level":"INFO","level_value":20000,"traceId":"00000000000000000000000000000000","spanId":"0000000000000000"}
{"@timestamp":"2026-10-09T11:42:56.423329316-03:00","@version":"1","message":"200 OK GET /workflows/3180249a-8da5-49d0-993c-1741db5fa468","logger_name":"io.ktor.test","thread_name":"DefaultDispatcher-worker-11 @request#1953","level":"INFO","level_value":20000,"traceId":"00000000000000000000000000000000","spanId":"0000000000000000"}
{"@timestamp":"2026-10-09T11:42:56.483119573-03:00","@version":"1","message":"saga finished","logger_name":"run.trama.saga.workflow.WorkflowExecutor","thread_name":"DefaultDispatcher-worker-10 @coroutine#1928","level":"INFO","level_value":20000,"traceId":"00000000000000000000000000000000","spanId":"0000000000000000","sagaId":"0b6d3662-e87f-3f51-81a2-10af8a8a2b8c","sagaName":"split-async-5d462dd7","status":"SUCCEEDED","durationMs":1183}
{"@timestamp":"2026-10-09T11:42:56.48959603-03:00","@version":"1","message":"join barrier satisfied","logger_name":"run.trama.saga.workflow.WorkflowExecutor","thread_name":"DefaultDispatcher-worker-4 @coroutine#1928","level":"INFO","level_value":20000,"traceId":"00000000000000000000000000000000","spanId":"0000000000000000","sagaId":"3180249a-8da5-49d0-993c-1741db5fa468","splitNodeId":"fan","joinNodeId":"fan-in","allSucceeded":true}
{"@timestamp":"2026-10-09T11:42:56.535697054-03:00","@version":"1","message":"saga finished","logger_name":"run.trama.saga.workflow.WorkflowExecutor","thread_name":"DefaultDispatcher-worker-4 @coroutine#1929","level":"INFO","level_value":20000,"traceId":"00000000000000000000000000000000","spanId":"0000000000000000","sagaId":"3180249a-8da5-49d0-993c-1741db5fa468","sagaName":"split-async-5d462dd7","status":"SUCCEEDED","durationMs":1236}
{"@timestamp":"2026-10-09T11:42:56.62915141-03:00","@version":"1","message":"200 OK GET /workflows/3180249a-8da5-49d0-993c-1741db5fa468","logger_name":"io.ktor.test","thread_name":"DefaultDispatcher-worker-10 @request#1963","level":"INFO","level_value":20000,"traceId":"00000000000000000000000000000000","spanId":"0000000000000000"}
{"@timestamp":"2026-10-09T11:42:56.670559263-03:00","@version":"1","message":"saga-db-pool - Shutdown initiated...","logger_name":"com.zaxxer.hikari.HikariDataSource","thread_name":"DefaultDispatcher-worker-10","level":"INFO","level_value":20000}
{"@timestamp":"2026-10-09T11:42:56.671164162-03:00","@version":"1","message":"saga-db-pool - Shutdown completed.","logger_name":"com.zaxxer.hikari.HikariDataSource","thread_name":"DefaultDispatcher-worker-10","level":"INFO","level_value":20000}
{"@timestamp":"2026-10-09T11:42:56.748952127-03:00","@version":"1","message":"Application started in 0.069 seconds.","logger_name":"io.ktor.test","thread_name":"DefaultDispatcher-worker-10 @call-context#1971","level":"INFO","level_value":20000}
{"@timestamp":"2026-10-09T11:42:56.749218638-03:00","@version":"1","message":"Responding at http://localhost:80","logger_name":"io.ktor.test","thread_name":"DefaultDispatcher-worker-12 @coroutine#2056","level":"INFO","level_value":20000}
{"@timestamp":"2026-10-09T11:42:56.749344889-03:00","@version":"1","message":"Responding at https://localhost:443","logger_name":"io.ktor.test","thread_name":"DefaultDispatcher-worker-12 @coroutine#2056","level":"INFO","level_value":20000}
{"@timestamp":"2026-10-09T11:42:56.759114695-03:00","@version":"1","message":"200 OK POST /workflows/run","logger_name":"io.ktor.test","thread_name":"DefaultDispatcher-worker-9 @request#1971","level":"INFO","level_value":20000,"traceId":"00000000000000000000000000000000","spanId":"0000000000000000"}
{"@timestamp":"2026-10-09T11:42:56.822350072-03:00","@version":"1","message":"async node waiting for callback","logger_name":"run.trama.saga.workflow.WorkflowExecutor","thread_name":"DefaultDispatcher-worker-7 @coroutine#2045","level":"INFO","level_value":20000,"traceId":"00000000000000000000000000000000","spanId":"0000000000000000","sagaId":"596c0a7b-e275-4459-95f6-6953c0e474e3","nodeId":"auth","deadlineAt":"2026-10-09T14:43:26.811110491Z"}
{"@timestamp":"2026-10-09T11:42:57.165643091-03:00","@version":"1","message":"callback received","logger_name":"run.trama.saga.callback.CallbackReceiver","thread_name":"DefaultDispatcher-worker-7 @request#2066","level":"INFO","level_value":20000,"traceId":"00000000000000000000000000000000","spanId":"0000000000000000","executionId":"596c0a7b-e275-4459-95f6-6953c0e474e3","nodeId":"auth","attempt":0,"isSuccess":true}
{"@timestamp":"2026-10-09T11:42:57.169275248-03:00","@version":"1","message":"execution resumed after async callback","logger_name":"run.trama.saga.callback.CallbackReceiver","thread_name":"DefaultDispatcher-worker-7 @request#2066","level":"INFO","level_value":20000,"traceId":"00000000000000000000000000000000","spanId":"0000000000000000","executionId":"596c0a7b-e275-4459-95f6-6953c0e474e3","nodeId":"auth","nextNodeId":"done"}
{"@timestamp":"2026-10-09T11:42:57.169665024-03:00","@version":"1","message":"202 Accepted POST /workflows/596c0a7b-e275-4459-95f6-6953c0e474e3/node/auth/callback","logger_name":"io.ktor.test","thread_name":"DefaultDispatcher-worker-7 @request#2066","level":"INFO","level_value":20000,"traceId":"00000000000000000000000000000000","spanId":"0000000000000000"}
{"@timestamp":"2026-10-09T11:42:57.174239386-03:00","@version":"1","message":"200 OK GET /workflows/596c0a7b-e275-4459-95f6-6953c0e474e3","logger_name":"io.ktor.test","thread_name":"DefaultDispatcher-worker-9 @request#2067","level":"INFO","level_value":20000,"traceId":"00000000000000000000000000000000","spanId":"0000000000000000"}
{"@timestamp":"2026-10-09T11:42:57.222554378-03:00","@version":"1","message":"saga finished","logger_name":"run.trama.saga.workflow.WorkflowExecutor","thread_name":"DefaultDispatcher-worker-10 @coroutine#2046","level":"INFO","level_value":20000,"traceId":"00000000000000000000000000000000","spanId":"0000000000000000","sagaId":"596c0a7b-e275-4459-95f6-6953c0e474e3","sagaName":"sw-ok-cc892a3c","status":"SUCCEEDED","durationMs":470}
{"@timestamp":"2026-10-09T11:42:57.379069356-03:00","@version":"1","message":"200 OK GET /workflows/596c0a7b-e275-4459-95f6-6953c0e474e3","logger_name":"io.ktor.test","thread_name":"DefaultDispatcher-worker-10 @request#2074","level":"INFO","level_value":20000,"traceId":"00000000000000000000000000000000","spanId":"0000000000000000"}
{"@timestamp":"2026-10-09T11:42:57.4120723-03:00","@version":"1","message":"saga-db-pool - Shutdown initiated...","logger_name":"com.zaxxer.hikari.HikariDataSource","thread_name":"DefaultDispatcher-worker-6","level":"INFO","level_value":20000}
{"@timestamp":"2026-10-09T11:42:57.413068949-03:00","@version":"1","message":"saga-db-pool - Shutdown completed.","logger_name":"com.zaxxer.hikari.HikariDataSource","thread_name":"DefaultDispatcher-worker-6","level":"INFO","level_value":20000}
{"@timestamp":"2026-10-09T11:42:57.503680767-03:00","@version":"1","message":"Application started in 0.078 seconds.","logger_name":"io.ktor.test","thread_name":"DefaultDispatcher-worker-6 @call-context#2082","level":"INFO","level_value":20000}
{"@timestamp":"2026-10-09T11:42:57.504495958-03:00","@version":"1","message":"Responding at http://localhost:80","logger_name":"io.ktor.test","thread_name":"DefaultDispatcher-worker-2 @coroutine#2167","level":"INFO","level_value":20000}
{"@timestamp":"2026-10-09T11:42:57.504630816-03:00","@version":"1","message":"Responding at https://localhost:443","logger_name":"io.ktor.test","thread_name":"DefaultDispatcher-worker-2 @coroutine#2167","level":"INFO","level_value":20000}
{"@timestamp":"2026-10-09T11:42:57.512121704-03:00","@version":"1","message":"200 OK POST /workflows/run","logger_name":"io.ktor.test","thread_name":"DefaultDispatcher-worker-4 @request#2082","level":"INFO","level_value":20000,"traceId":"00000000000000000000000000000000","spanId":"0000000000000000"}
{"@timestamp":"2026-10-09T11:42:57.524659379-03:00","@version":"1","message":"200 OK GET /workflows/bbcfffde-5300-4db7-9107-7c7c8e349880","logger_name":"io.ktor.test","thread_name":"DefaultDispatcher-worker-2 @request#2174","level":"INFO","level_value":20000,"traceId":"00000000000000000000000000000000","spanId":"0000000000000000"}
{"@timestamp":"2026-10-09T11:42:57.572671952-03:00","@version":"1","message":"async node waiting for callback","logger_name":"run.trama.saga.workflow.WorkflowExecutor","thread_name":"DefaultDispatcher-worker-2 @coroutine#2156","level":"INFO","level_value":20000,"traceId":"00000000000000000000000000000000","spanId":"0000000000000000","sagaId":"bbcfffde-5300-4db7-9107-7c7c8e349880","nodeId":"authorize","deadlineAt":"2026-10-09T14:42:58.361332022Z"}
{"@timestamp":"2026-10-09T11:42:57.729778073-03:00","@version":"1","message":"200 OK GET /workflows/bbcfffde-5300-4db7-9107-7c7c8e349880","logger_name":"io.ktor.test","thread_name":"DefaultDispatcher-worker-2 @request#2181","level":"INFO","level_value":20000,"traceId":"00000000000000000000000000000000","spanId":"0000000000000000"}
{"@timestamp":"2026-10-09T11:42:57.734063751-03:00","@version":"1","message":"200 OK GET /workflows/bbcfffde-5300-4db7-9107-7c7c8e349880","logger_name":"io.ktor.test","thread_name":"DefaultDispatcher-worker-4 @request#2185","level":"INFO","level_value":20000,"traceId":"00000000000000000000000000000000","spanId":"0000000000000000"}
{"@timestamp":"2026-10-09T11:42:57.939669568-03:00","@version":"1","message":"200 OK GET /workflows/bbcfffde-5300-4db7-9107-7c7c8e349880","logger_name":"io.ktor.test","thread_name":"DefaultDispatcher-worker-8 @request#2189","level":"INFO","level_value":20000,"traceId":"00000000000000000000000000000000","spanId":"0000000000000000"}
{"@timestamp":"2026-10-09T11:42:58.144322452-03:00","@version":"1","message":"200 OK GET /workflows/bbcfffde-5300-4db7-9107-7c7c8e349880","logger_name":"io.ktor.test","thread_name":"DefaultDispatcher-worker-5 @request#2193","level":"INFO","level_value":20000,"traceId":"00000000000000000000000000000000","spanId":"0000000000000000"}
{"@timestamp":"2026-10-09T11:42:58.349073127-03:00","@version":"1","message":"200 OK GET /workflows/bbcfffde-5300-4db7-9107-7c7c8e349880","logger_name":"io.ktor.test","thread_name":"DefaultDispatcher-worker-5 @request#2197","level":"INFO","level_value":20000,"traceId":"00000000000000000000000000000000","spanId":"0000000000000000"}
{"@timestamp":"2026-10-09T11:42:58.375175507-03:00","@version":"1","message":"retry scheduled","logger_name":"run.trama.saga.workflow.WorkflowExecutor","thread_name":"DefaultDispatcher-worker-2 @coroutine#2157","level":"INFO","level_value":20000,"traceId":"00000000000000000000000000000000","spanId":"0000000000000000","sagaId":"bbcfffde-5300-4db7-9107-7c7c8e349880","delayMillis":10,"attempt":1}
{"@timestamp":"2026-10-09T11:42:58.379658773-03:00","@version":"1","message":"callback timeout","logger_name":"run.trama.saga.workflow.WorkflowExecutor","thread_name":"DefaultDispatcher-worker-9 @coroutine#2157","level":"WARN","level_value":30000,"traceId":"00000000000000000000000000000000","spanId":"0000000000000000","sagaId":"bbcfffde-5300-4db7-9107-7c7c8e349880","nodeId":"authorize","attempt":0}
{"@timestamp":"2026-10-09T11:42:58.430671299-03:00","@version":"1","message":"async node waiting for callback","logger_name":"run.trama.saga.workflow.WorkflowExecutor","thread_name":"DefaultDispatcher-worker-4 @coroutine#2156","level":"INFO","level_value":20000,"traceId":"00000000000000000000000000000000","spanId":"0000000000000000","sagaId":"bbcfffde-5300-4db7-9107-7c7c8e349880","nodeId":"authorize","deadlineAt":"2026-10-09T14:42:59.223782787Z"}
{"@timestamp":"2026-10-09T11:42:58.553954854-03:00","@version":"1","message":"200 OK GET /workflows/bbcfffde-5300-4db7-9107-7c7c8e349880","logger_name":"io.ktor.test","thread_name":"DefaultDispatcher-worker-2 @request#2204","level":"INFO","level_value":20000,"traceId":"00000000000000000000000000000000","spanId":"0000000000000000"}
{"@timestamp":"2026-10-09T11:42:58.759198033-03:00","@version":"1","message":"200 OK GET /workflows/bbcfffde-5300-4db7-9107-7c7c8e349880","logger_name":"io.ktor.test","thread_name":"DefaultDispatcher-worker-2 @request#2208","level":"INFO","level_value":20000,"traceId":"00000000000000000000000000000000","spanId":"0000000000000000"}
{"@timestamp":"2026-10-09T11:42:58.964670551-03:00","@version":"1","message":"200 OK GET /workflows/bbcfffde-5300-4db7-9107-7c7c8e349880","logger_name":"io.ktor.test","thread_name":"DefaultDispatcher-worker-4 @request#2212","level":"INFO","level_value":20000,"traceId":"00000000000000000000000000000000","spanId":"0000000000000000"}
{"@timestamp":"2026-10-09T11:42:59.169985854-03:00","@version":"1","message":"200 OK GET /workflows/bbcfffde-5300-4db7-9107-7c7c8e349880","logger_name":"io.ktor.test","thread_name":"DefaultDispatcher-worker-8 @request#2216","level":"INFO","level_value":20000,"traceId":"00000000000000000000000000000000","spanId":"0000000000000000"}
{"@timestamp":"2026-10-09T11:42:59.238854228-03:00","@version":"1","message":"compensation scheduled","logger_name":"run.trama.saga.workflow.WorkflowExecutor","thread_name":"DefaultDispatcher-worker-8 @coroutine#2157","level":"INFO","level_value":20000,"traceId":"00000000000000000000000000000000","spanId":"0000000000000000","sagaId":"bbcfffde-5300-4db7-9107-7c7c8e349880","failedNodeId":"authorize"}
{"@timestamp":"2026-10-09T11:42:59.247092794-03:00","@version":"1","message":"callback timeout","logger_name":"run.trama.saga.workflow.WorkflowExecutor","thread_name":"DefaultDispatcher-worker-4 @coroutine#2157","level":"WARN","level_value":30000,"traceId":"00000000000000000000000000000000","spanId":"0000000000000000","sagaId":"bbcfffde-5300-4db7-9107-7c7c8e349880","nodeId":"authorize","attempt":1}
{"@timestamp":"2026-10-09T11:42:59.298136527-03:00","@version":"1","message":"saga finished","logger_name":"run.trama.saga.workflow.WorkflowExecutor","thread_name":"DefaultDispatcher-worker-12 @coroutine#2156","level":"INFO","level_value":20000,"traceId":"00000000000000000000000000000000","spanId":"0000000000000000","sagaId":"bbcfffde-5300-4db7-9107-7c7c8e349880","sagaName":"async-timeout-aa82a6b8","status":"FAILED","durationMs":1790}
{"@timestamp":"2026-10-09T11:42:59.373955691-03:00","@version":"1","message":"200 OK GET /workflows/bbcfffde-5300-4db7-9107-7c7c8e349880","logger_name":"io.ktor.test","thread_name":"DefaultDispatcher-worker-12 @request#2223","level":"INFO","level_value":20000,"traceId":"00000000000000000000000000000000","spanId":"0000000000000000"}
{"@timestamp":"2026-10-09T11:42:59.387436415-03:00","@version":"1","message":"saga-db-pool - Shutdown initiated...","logger_name":"com.zaxxer.hikari.HikariDataSource","thread_name":"DefaultDispatcher-worker-12","level":"INFO","level_value":20000}
{"@timestamp":"2026-10-09T11:42:59.387996347-03:00","@version":"1","message":"saga-db-pool - Shutdown completed.","logger_name":"com.zaxxer.hikari.HikariDataSource","thread_name":"DefaultDispatcher-worker-12","level":"INFO","level_value":20000}
{"@timestamp":"2026-10-09T11:42:59.470152246-03:00","@version":"1","message":"Application started in 0.074 seconds.","logger_name":"io.ktor.test","thread_name":"DefaultDispatcher-worker-12 @call-context#2231","level":"INFO","level_value":20000}
{"@timestamp":"2026-10-09T11:42:59.470431891-03:00","@version":"1","message":"Responding at http://localhost:80","logger_name":"io.ktor.test","thread_name":"DefaultDispatcher-worker-4 @coroutine#2316","level":"INFO","level_value":20000}
{"@timestamp":"2026-10-09T11:42:59.470572991-03:00","@version":"1","message":"Responding at https://localhost:443","logger_name":"io.ktor.test","thread_name":"DefaultDispatcher-worker-4 @coroutine#2316","level":"INFO","level_value":20000}
{"@timestamp":"2026-10-09T11:42:59.480074486-03:00","@version":"1","message":"200 OK POST /workflows/run","logger_name":"io.ktor.test","thread_name":"DefaultDispatcher-worker-5 @request#2231","level":"INFO","level_value":20000,"traceId":"00000000000000000000000000000000","spanId":"0000000000000000"}
{"@timestamp":"2026-10-09T11:42:59.490358679-03:00","@version":"1","message":"200 OK GET /workflows/ef03c101-f01e-4fbd-8fa1-b518070ac8e6","logger_name":"io.ktor.test","thread_name":"DefaultDispatcher-worker-6 @request#2323","level":"INFO","level_value":20000,"traceId":"00000000000000000000000000000000","spanId":"0000000000000000"}
{"@timestamp":"2026-10-09T11:42:59.53416358-03:00","@version":"1","message":"node completed","logger_name":"run.trama.saga.workflow.TaskNodeHandler","thread_name":"DefaultDispatcher-worker-1 @coroutine#2305","level":"INFO","level_value":20000,"traceId":"00000000000000000000000000000000","spanId":"0000000000000000","sagaId":"ef03c101-f01e-4fbd-8fa1-b518070ac8e6","nodeId":"authorize","phase":"UP","status":200}
{"@timestamp":"2026-10-09T11:42:59.53569914-03:00","@version":"1","message":"retry scheduled","logger_name":"run.trama.saga.workflow.WorkflowExecutor","thread_name":"DefaultDispatcher-worker-6 @coroutine#2305","level":"INFO","level_value":20000,"traceId":"00000000000000000000000000000000","spanId":"0000000000000000","sagaId":"ef03c101-f01e-4fbd-8fa1-b518070ac8e6","delayMillis":10,"attempt":1}
{"@timestamp":"2026-10-09T11:42:59.584817866-03:00","@version":"1","message":"node completed","logger_name":"run.trama.saga.workflow.TaskNodeHandler","thread_name":"DefaultDispatcher-worker-1 @coroutine#2306","level":"INFO","level_value":20000,"traceId":"00000000000000000000000000000000","spanId":"0000000000000000","sagaId":"ef03c101-f01e-4fbd-8fa1-b518070ac8e6","nodeId":"authorize","phase":"UP","status":200}
{"@timestamp":"2026-10-09T11:42:59.586051368-03:00","@version":"1","message":"compensation scheduled","logger_name":"run.trama.saga.workflow.WorkflowExecutor","thread_name":"DefaultDispatcher-worker-8 @coroutine#2306","level":"INFO","level_value":20000,"traceId":"00000000000000000000000000000000","spanId":"0000000000000000","sagaId":"ef03c101-f01e-4fbd-8fa1-b518070ac8e6","failedNodeId":"authorize"}
{"@timestamp":"2026-10-09T11:42:59.641456272-03:00","@version":"1","message":"saga finished","logger_name":"run.trama.saga.workflow.WorkflowExecutor","thread_name":"DefaultDispatcher-worker-5 @coroutine#2305","level":"INFO","level_value":20000,"traceId":"00000000000000000000000000000000","spanId":"0000000000000000","sagaId":"ef03c101-f01e-4fbd-8fa1-b518070ac8e6","sagaName":"async-wrong-status-9707ed2f","status":"FAILED","durationMs":168}
{"@timestamp":"2026-10-09T11:42:59.694754822-03:00","@version":"1","message":"200 OK GET /workflows/ef03c101-f01e-4fbd-8fa1-b518070ac8e6","logger_name":"io.ktor.test","thread_name":"DefaultDispatcher-worker-5 @request#2336","level":"INFO","level_value":20000,"traceId":"00000000000000000000000000000000","spanId":"0000000000000000"}
{"@timestamp":"2026-10-09T11:42:59.734970651-03:00","@version":"1","message":"saga-db-pool - Shutdown initiated...","logger_name":"com.zaxxer.hikari.HikariDataSource","thread_name":"DefaultDispatcher-worker-12","level":"INFO","level_value":20000,"traceId":"00000000000000000000000000000000","spanId":"0000000000000000"}
{"@timestamp":"2026-10-09T11:42:59.735551804-03:00","@version":"1","message":"saga-db-pool - Shutdown completed.","logger_name":"com.zaxxer.hikari.HikariDataSource","thread_name":"DefaultDispatcher-worker-12","level":"INFO","level_value":20000,"traceId":"00000000000000000000000000000000","spanId":"0000000000000000"}
{"@timestamp":"2026-10-09T11:42:59.811834786-03:00","@version":"1","message":"Application started in 0.068 seconds.","logger_name":"io.ktor.test","thread_name":"DefaultDispatcher-worker-12 @call-context#2344","level":"INFO","level_value":20000,"traceId":"00000000000000000000000000000000","spanId":"0000000000000000"}
{"@timestamp":"2026-10-09T11:42:59.812050018-03:00","@version":"1","message":"Responding at http://localhost:80","logger_name":"io.ktor.test","thread_name":"DefaultDispatcher-worker-9 @coroutine#2429","level":"INFO","level_value":20000}
{"@timestamp":"2026-10-09T11:42:59.812119091-03:00","@version":"1","message":"Responding at https://localhost:443","logger_name":"io.ktor.test","thread_name":"DefaultDispatcher-worker-9 @coroutine#2429","level":"INFO","level_value":20000}
{"@timestamp":"2026-10-09T11:42:59.825364684-03:00","@version":"1","message":"200 OK POST /workflows/run","logger_name":"io.ktor.test","thread_name":"DefaultDispatcher-worker-5 @request#2344","level":"INFO","level_value":20000,"traceId":"00000000000000000000000000000000","spanId":"0000000000000000"}
{"@timestamp":"2026-10-09T11:42:59.835397075-03:00","@version":"1","message":"200 OK GET /workflows/e0f2a15c-0486-4872-ab04-dfb523ec05f2","logger_name":"io.ktor.test","thread_name":"DefaultDispatcher-worker-2 @request#2436","level":"INFO","level_value":20000,"traceId":"00000000000000000000000000000000","spanId":"0000000000000000"}
{"@timestamp":"2026-10-09T11:42:59.87784616-03:00","@version":"1","message":"async node waiting for callback","logger_name":"run.trama.saga.workflow.WorkflowExecutor","thread_name":"DefaultDispatcher-worker-11 @coroutine#2418","level":"INFO","level_value":20000,"traceId":"00000000000000000000000000000000","spanId":"0000000000000000","sagaId":"e0f2a15c-0486-4872-ab04-dfb523ec05f2","nodeId":"authorize","deadlineAt":"2026-10-09T14:43:29.867806435Z"}
{"@timestamp":"2026-10-09T11:43:00.040546962-03:00","@version":"1","message":"200 OK GET /workflows/e0f2a15c-0486-4872-ab04-dfb523ec05f2","logger_name":"io.ktor.test","thread_name":"DefaultDispatcher-worker-11 @request#2443","level":"INFO","level_value":20000,"traceId":"00000000000000000000000000000000","spanId":"0000000000000000"}
{"@timestamp":"2026-10-09T11:43:00.046805635-03:00","@version":"1","message":"callback received","logger_name":"run.trama.saga.callback.CallbackReceiver","thread_name":"DefaultDispatcher-worker-5 @request#2447","level":"INFO","level_value":20000,"traceId":"00000000000000000000000000000000","spanId":"0000000000000000","executionId":"e0f2a15c-0486-4872-ab04-dfb523ec05f2","nodeId":"authorize","attempt":0,"isSuccess":true}
{"@timestamp":"2026-10-09T11:43:00.050204162-03:00","@version":"1","message":"execution resumed after async callback","logger_name":"run.trama.saga.callback.CallbackReceiver","thread_name":"DefaultDispatcher-worker-5 @request#2447","level":"INFO","level_value":20000,"traceId":"00000000000000000000000000000000","spanId":"0000000000000000","executionId":"e0f2a15c-0486-4872-ab04-dfb523ec05f2","nodeId":"authorize","nextNodeId":"capture"}
{"@timestamp":"2026-10-09T11:43:00.050663822-03:00","@version":"1","message":"202 Accepted POST /workflows/e0f2a15c-0486-4872-ab04-dfb523ec05f2/node/authorize/callback","logger_name":"io.ktor.test","thread_name":"DefaultDispatcher-worker-5 @request#2447","level":"INFO","level_value":20000,"traceId":"00000000000000000000000000000000","spanId":"0000000000000000"}
{"@timestamp":"2026-10-09T11:43:00.055404939-03:00","@version":"1","message":"200 OK GET /workflows/e0f2a15c-0486-4872-ab04-dfb523ec05f2","logger_name":"io.ktor.test","thread_name":"DefaultDispatcher-worker-11 @request#2448","level":"INFO","level_value":20000,"traceId":"00000000000000000000000000000000","spanId":"0000000000000000"}
{"@timestamp":"2026-10-09T11:43:00.095870365-03:00","@version":"1","message":"saga finished","logger_name":"run.trama.saga.workflow.WorkflowExecutor","thread_name":"DefaultDispatcher-worker-3 @coroutine#2419","level":"INFO","level_value":20000,"traceId":"00000000000000000000000000000000","spanId":"0000000000000000","sagaId":"e0f2a15c-0486-4872-ab04-dfb523ec05f2","sagaName":"async-resume-89cfde29","status":"SUCCEEDED","durationMs":281}
{"@timestamp":"2026-10-09T11:43:00.25995736-03:00","@version":"1","message":"200 OK GET /workflows/e0f2a15c-0486-4872-ab04-dfb523ec05f2","logger_name":"io.ktor.test","thread_name":"DefaultDispatcher-worker-5 @request#2461","level":"INFO","level_value":20000,"traceId":"00000000000000000000000000000000","spanId":"0000000000000000"}
{"@timestamp":"2026-10-09T11:43:00.28000309-03:00","@version":"1","message":"saga-db-pool - Shutdown initiated...","logger_name":"com.zaxxer.hikari.HikariDataSource","thread_name":"DefaultDispatcher-worker-2","level":"INFO","level_value":20000}
{"@timestamp":"2026-10-09T11:43:00.280482518-03:00","@version":"1","message":"saga-db-pool - Shutdown completed.","logger_name":"com.zaxxer.hikari.HikariDataSource","thread_name":"DefaultDispatcher-worker-2","level":"INFO","level_value":20000}
{"@timestamp":"2026-10-09T11:43:00.349325626-03:00","@version":"1","message":"Application started in 0.06 seconds.","logger_name":"io.ktor.test","thread_name":"DefaultDispatcher-worker-2 @call-context#2469","level":"INFO","level_value":20000}
{"@timestamp":"2026-10-09T11:43:00.349536189-03:00","@version":"1","message":"Responding at http://localhost:80","logger_name":"io.ktor.test","thread_name":"DefaultDispatcher-worker-12 @coroutine#2554","level":"INFO","level_value":20000,"traceId":"00000000000000000000000000000000","spanId":"0000000000000000"}
{"@timestamp":"2026-10-09T11:43:00.349645248-03:00","@version":"1","message":"Responding at https://localhost:443","logger_name":"io.ktor.test","thread_name":"DefaultDispatcher-worker-12 @coroutine#2554","level":"INFO","level_value":20000,"traceId":"00000000000000000000000000000000","spanId":"0000000000000000"}
{"@timestamp":"2026-10-09T11:43:00.358693422-03:00","@version":"1","message":"200 OK POST /workflows/run","logger_name":"io.ktor.test","thread_name":"DefaultDispatcher-worker-2 @request#2469","level":"INFO","level_value":20000,"traceId":"00000000000000000000000000000000","spanId":"0000000000000000"}
{"@timestamp":"2026-10-09T11:43:00.368338078-03:00","@version":"1","message":"200 OK GET /workflows/a335c6a9-122c-4b5e-84ea-8df11e131bcc","logger_name":"io.ktor.test","thread_name":"DefaultDispatcher-worker-9 @request#2561","level":"INFO","level_value":20000,"traceId":"00000000000000000000000000000000","spanId":"0000000000000000"}
{"@timestamp":"2026-10-09T11:43:00.419198226-03:00","@version":"1","message":"async node waiting for callback","logger_name":"run.trama.saga.workflow.WorkflowExecutor","thread_name":"DefaultDispatcher-worker-9 @coroutine#2544","level":"INFO","level_value":20000,"traceId":"00000000000000000000000000000000","spanId":"0000000000000000","sagaId":"a335c6a9-122c-4b5e-84ea-8df11e131bcc","nodeId":"authorize","deadlineAt":"2026-10-09T14:43:30.409285156Z"}
{"@timestamp":"2026-10-09T11:43:00.57372726-03:00","@version":"1","message":"200 OK GET /workflows/a335c6a9-122c-4b5e-84ea-8df11e131bcc","logger_name":"io.ktor.test","thread_name":"DefaultDispatcher-worker-12 @request#2568","level":"INFO","level_value":20000,"traceId":"00000000000000000000000000000000","spanId":"0000000000000000"}
{"@timestamp":"2026-10-09T11:43:00.6105392-03:00","@version":"1","message":"saga-db-pool - Shutdown initiated...","logger_name":"com.zaxxer.hikari.HikariDataSource","thread_name":"DefaultDispatcher-worker-10","level":"INFO","level_value":20000}
{"@timestamp":"2026-10-09T11:43:00.611013368-03:00","@version":"1","message":"saga-db-pool - Shutdown completed.","logger_name":"com.zaxxer.hikari.HikariDataSource","thread_name":"DefaultDispatcher-worker-10","level":"INFO","level_value":20000}
{"@timestamp":"2026-10-09T11:43:00.696902224-03:00","@version":"1","message":"Application started in 0.078 seconds.","logger_name":"io.ktor.test","thread_name":"DefaultDispatcher-worker-10 @call-context#2576","level":"INFO","level_value":20000}
{"@timestamp":"2026-10-09T11:43:00.697215183-03:00","@version":"1","message":"Responding at http://localhost:80","logger_name":"io.ktor.test","thread_name":"DefaultDispatcher-worker-2 @coroutine#2661","level":"INFO","level_value":20000}
{"@timestamp":"2026-10-09T11:43:00.697297861-03:00","@version":"1","message":"Responding at https://localhost:443","logger_name":"io.ktor.test","thread_name":"DefaultDispatcher-worker-2 @coroutine#2661","level":"INFO","level_value":20000}
{"@timestamp":"2026-10-09T11:43:00.707009576-03:00","@version":"1","message":"200 OK POST /workflows/run","logger_name":"io.ktor.test","thread_name":"DefaultDispatcher-worker-1 @request#2576","level":"INFO","level_value":20000,"traceId":"00000000000000000000000000000000","spanId":"0000000000000000"}
{"@timestamp":"2026-10-09T11:43:00.716756958-03:00","@version":"1","message":"200 OK GET /workflows/c48f8d00-e9b6-4ec2-8106-20d647f214ef","logger_name":"io.ktor.test","thread_name":"DefaultDispatcher-worker-2 @request#2668","level":"INFO","level_value":20000,"traceId":"00000000000000000000000000000000","spanId":"0000000000000000"}
{"@timestamp":"2026-10-09T11:43:00.768644313-03:00","@version":"1","message":"async node waiting for callback","logger_name":"run.trama.saga.workflow.WorkflowExecutor","thread_name":"DefaultDispatcher-worker-11 @coroutine#2650","level":"INFO","level_value":20000,"traceId":"00000000000000000000000000000000","spanId":"0000000000000000","sagaId":"c48f8d00-e9b6-4ec2-8106-20d647f214ef","nodeId":"authorize","deadlineAt":"2026-10-09T14:43:30.759004586Z"}
{"@timestamp":"2026-10-09T11:43:00.922155819-03:00","@version":"1","message":"200 OK GET /workflows/c48f8d00-e9b6-4ec2-8106-20d647f214ef","logger_name":"io.ktor.test","thread_name":"DefaultDispatcher-worker-2 @request#2675","level":"INFO","level_value":20000,"traceId":"00000000000000000000000000000000","spanId":"0000000000000000"}
{"@timestamp":"2026-10-09T11:43:00.927564805-03:00","@version":"1","message":"401 invalid callback token POST /workflows/c48f8d00-e9b6-4ec2-8106-20d647f214ef/node/authorize/callback","logger_name":"io.ktor.test","thread_name":"DefaultDispatcher-worker-1 @request#2679","level":"INFO","level_value":20000,"traceId":"00000000000000000000000000000000","spanId":"0000000000000000"}
{"@timestamp":"2026-10-09T11:43:00.961048564-03:00","@version":"1","message":"saga-db-pool - Shutdown initiated...","logger_name":"com.zaxxer.hikari.HikariDataSource","thread_name":"DefaultDispatcher-worker-6","level":"INFO","level_value":20000}
{"@timestamp":"2026-10-09T11:43:00.96164703-03:00","@version":"1","message":"saga-db-pool - Shutdown completed.","logger_name":"com.zaxxer.hikari.HikariDataSource","thread_name":"DefaultDispatcher-worker-6","level":"INFO","level_value":20000}
{"@timestamp":"2026-10-09T11:43:01.026834452-03:00","@version":"1","message":"Application started in 0.058 seconds.","logger_name":"io.ktor.test","thread_name":"DefaultDispatcher-worker-6 @call-context#2687","level":"INFO","level_value":20000}
{"@timestamp":"2026-10-09T11:43:01.027011471-03:00","@version":"1","message":"Responding at http://localhost:80","logger_name":"io.ktor.test","thread_name":"DefaultDispatcher-worker-1 @coroutine#2772","level":"INFO","level_value":20000}
{"@timestamp":"2026-10-09T11:43:01.027082597-03:00","@version":"1","message":"Responding at https://localhost:443","logger_name":"io.ktor.test","thread_name":"DefaultDispatcher-worker-1 @coroutine#2772","level":"INFO","level_value":20000}
{"@timestamp":"2026-10-09T11:43:01.035850683-03:00","@version":"1","message":"200 OK POST /workflows/run","logger_name":"io.ktor.test","thread_name":"DefaultDispatcher-worker-6 @request#2687","level":"INFO","level_value":20000,"traceId":"00000000000000000000000000000000","spanId":"0000000000000000"}
{"@timestamp":"2026-10-09T11:43:01.044735992-03:00","@version":"1","message":"200 OK GET /workflows/84513f6d-2d3d-4ad4-a8e4-085b1cbf13d0","logger_name":"io.ktor.test","thread_name":"DefaultDispatcher-worker-10 @request#2779","level":"INFO","level_value":20000,"traceId":"00000000000000000000000000000000","spanId":"0000000000000000"}
{"@timestamp":"2026-10-09T11:43:01.098034285-03:00","@version":"1","message":"async node waiting for callback","logger_name":"run.trama.saga.workflow.WorkflowExecutor","thread_name":"DefaultDispatcher-worker-1 @coroutine#2761","level":"INFO","level_value":20000,"traceId":"00000000000000000000000000000000","spanId":"0000000000000000","sagaId":"84513f6d-2d3d-4ad4-a8e4-085b1cbf13d0","nodeId":"authorize","deadlineAt":"2026-10-09T14:43:31.087376592Z"}
{"@timestamp":"2026-10-09T11:43:01.24996199-03:00","@version":"1","message":"200 OK GET /workflows/84513f6d-2d3d-4ad4-a8e4-085b1cbf13d0","logger_name":"io.ktor.test","thread_name":"DefaultDispatcher-worker-10 @request#2786","level":"INFO","level_value":20000,"traceId":"00000000000000000000000000000000","spanId":"0000000000000000"}
{"@timestamp":"2026-10-09T11:43:01.256247212-03:00","@version":"1","message":"callback received","logger_name":"run.trama.saga.callback.CallbackReceiver","thread_name":"DefaultDispatcher-worker-10 @request#2790","level":"INFO","level_value":20000,"traceId":"00000000000000000000000000000000","spanId":"0000000000000000","executionId":"84513f6d-2d3d-4ad4-a8e4-085b1cbf13d0","nodeId":"authorize","attempt":0,"isSuccess":true}
{"@timestamp":"2026-10-09T11:43:01.258965135-03:00","@version":"1","message":"execution resumed after async callback","logger_name":"run.trama.saga.callback.CallbackReceiver","thread_name":"DefaultDispatcher-worker-10 @request#2790","level":"INFO","level_value":20000,"traceId":"00000000000000000000000000000000","spanId":"0000000000000000","executionId":"84513f6d-2d3d-4ad4-a8e4-085b1cbf13d0","nodeId":"authorize","nextNodeId":"capture"}
{"@timestamp":"2026-10-09T11:43:01.259291179-03:00","@version":"1","message":"202 Accepted POST /workflows/84513f6d-2d3d-4ad4-a8e4-085b1cbf13d0/node/authorize/callback","logger_name":"io.ktor.test","thread_name":"DefaultDispatcher-worker-10 @request#2790","level":"INFO","level_value":20000,"traceId":"00000000000000000000000000000000","spanId":"0000000000000000"}
{"@timestamp":"2026-10-09T11:43:01.261269336-03:00","@version":"1","message":"callback replay detected","logger_name":"run.trama.saga.callback.CallbackReceiver","thread_name":"DefaultDispatcher-worker-10 @request#2791","level":"WARN","level_value":30000,"traceId":"00000000000000000000000000000000","spanId":"0000000000000000","executionId":"84513f6d-2d3d-4ad4-a8e4-085b1cbf13d0","nodeId":"authorize","nonce":"8bf8e76c-4a64-4540-9b91-80fa64652892"}
{"@timestamp":"2026-10-09T11:43:01.261734888-03:00","@version":"1","message":"409 duplicate callback (nonce already used) POST /workflows/84513f6d-2d3d-4ad4-a8e4-085b1cbf13d0/node/authorize/callback","logger_name":"io.ktor.test","thread_name":"DefaultDispatcher-worker-10 @request#2791","level":"INFO","level_value":20000,"traceId":"00000000000000000000000000000000","spanId":"0000000000000000"}
{"@timestamp":"2026-10-09T11:43:01.288315793-03:00","@version":"1","message":"saga-db-pool - Shutdown initiated...","logger_name":"com.zaxxer.hikari.HikariDataSource","thread_name":"DefaultDispatcher-worker-10","level":"INFO","level_value":20000}
{"@timestamp":"2026-10-09T11:43:01.2887999-03:00","@version":"1","message":"saga-db-pool - Shutdown completed.","logger_name":"com.zaxxer.hikari.HikariDataSource","thread_name":"DefaultDispatcher-worker-10","level":"INFO","level_value":20000}
{"@timestamp":"2026-10-09T11:43:01.35492635-03:00","@version":"1","message":"Application started in 0.057 seconds.","logger_name":"io.ktor.test","thread_name":"DefaultDispatcher-worker-10 @call-context#2799","level":"INFO","level_value":20000}
{"@timestamp":"2026-10-09T11:43:01.355253987-03:00","@version":"1","message":"Responding at http://localhost:80","logger_name":"io.ktor.test","thread_name":"DefaultDispatcher-worker-8 @coroutine#2884","level":"INFO","level_value":20000}
{"@timestamp":"2026-10-09T11:43:01.355373085-03:00","@version":"1","message":"Responding at https://localhost:443","logger_name":"io.ktor.test","thread_name":"DefaultDispatcher-worker-8 @coroutine#2884","level":"INFO","level_value":20000}
{"@timestamp":"2026-10-09T11:43:01.36373327-03:00","@version":"1","message":"200 OK POST /workflows/run","logger_name":"io.ktor.test","thread_name":"DefaultDispatcher-worker-10 @request#2799","level":"INFO","level_value":20000,"traceId":"00000000000000000000000000000000","spanId":"0000000000000000"}
{"@timestamp":"2026-10-09T11:43:01.373903369-03:00","@version":"1","message":"200 OK GET /workflows/dc3ac52b-7aab-4419-90c4-d2781406a83a","logger_name":"io.ktor.test","thread_name":"DefaultDispatcher-worker-12 @request#2891","level":"INFO","level_value":20000,"traceId":"00000000000000000000000000000000","spanId":"0000000000000000"}
{"@timestamp":"2026-10-09T11:43:01.37980135-03:00","@version":"1","message":"node failed","logger_name":"run.trama.saga.workflow.TaskNodeHandler","thread_name":"DefaultDispatcher-worker-10 @coroutine#2873","level":"WARN","level_value":30000,"traceId":"00000000000000000000000000000000","spanId":"0000000000000000","sagaId":"84513f6d-2d3d-4ad4-a8e4-085b1cbf13d0","nodeId":"capture","phase":"UP","error":"Failed to connect to localhost/[0:0:0:0:0:0:0:1]:45781"}
{"@timestamp":"2026-10-09T11:43:01.381182704-03:00","@version":"1","message":"retry scheduled","logger_name":"run.trama.saga.workflow.WorkflowExecutor","thread_name":"DefaultDispatcher-worker-12 @coroutine#2873","level":"INFO","level_value":20000,"traceId":"00000000000000000000000000000000","spanId":"0000000000000000","sagaId":"84513f6d-2d3d-4ad4-a8e4-085b1cbf13d0","delayMillis":10,"attempt":1}
{"@timestamp":"2026-10-09T11:43:01.422056542-03:00","@version":"1","message":"node failed","logger_name":"run.trama.saga.workflow.TaskNodeHandler","thread_name":"DefaultDispatcher-worker-10 @coroutine#2873","level":"WARN","level_value":30000,"traceId":"00000000000000000000000000000000","spanId":"0000000000000000","sagaId":"84513f6d-2d3d-4ad4-a8e4-085b1cbf13d0","nodeId":"capture","phase":"UP","error":"Failed to connect to localhost/[0:0:0:0:0:0:0:1]:45781"}
{"@timestamp":"2026-10-09T11:43:01.422989748-03:00","@version":"1","message":"compensation scheduled","logger_name":"run.trama.saga.workflow.WorkflowExecutor","thread_name":"DefaultDispatcher-worker-12 @coroutine#2873","level":"INFO","level_value":20000,"traceId":"00000000000000000000000000000000","spanId":"0000000000000000","sagaId":"84513f6d-2d3d-4ad4-a8e4-085b1cbf13d0","failedNodeId":"capture"}
{"@timestamp":"2026-10-09T11:43:01.429522775-03:00","@version":"1","message":"success callback failed","logger_name":"run.trama.saga.workflow.WorkflowExecutor","thread_name":"DefaultDispatcher-worker-11 @coroutine#2874","level":"WARN","level_value":30000,"traceId":"00000000000000000000000000000000","spanId":"0000000000000000","sagaId":"dc3ac52b-7aab-4419-90c4-d2781406a83a","warning":"success callback failed: node=onSuccessCallback status=503"}
{"@timestamp":"2026-10-09T11:43:01.431272184-03:00","@version":"1","message":"saga finished","logger_name":"run.trama.saga.workflow.WorkflowExecutor","thread_name":"DefaultDispatcher-worker-10 @coroutine#2874","level":"INFO","level_value":20000,"traceId":"00000000000000000000000000000000","spanId":"0000000000000000","sagaId":"dc3ac52b-7aab-4419-90c4-d2781406a83a","sagaName":"hook-warn-405993de","status":"SUCCEEDED","durationMs":74}
{"@timestamp":"2026-10-09T11:43:01.469798868-03:00","@version":"1","message":"node failed","logger_name":"run.trama.saga.workflow.TaskNodeHandler","thread_name":"DefaultDispatcher-worker-11 @coroutine#2873","level":"WARN","level_value":30000,"traceId":"00000000000000000000000000000000","spanId":"0000000000000000","sagaId":"84513f6d-2d3d-4ad4-a8e4-085b1cbf13d0","nodeId":"authorize","phase":"DOWN","error":"Failed to connect to localhost/[0:0:0:0:0:0:0:1]:45781"}
{"@timestamp":"2026-10-09T11:43:01.470798061-03:00","@version":"1","message":"compensation retry scheduled","logger_name":"run.trama.saga.workflow.WorkflowExecutor","thread_name":"DefaultDispatcher-worker-11 @coroutine#2873","level":"INFO","level_value":20000,"traceId":"00000000000000000000000000000000","spanId":"0000000000000000","sagaId":"84513f6d-2d3d-4ad4-a8e4-085b1cbf13d0","nodeId":"authorize"}
{"@timestamp":"2026-10-09T11:43:01.521466128-03:00","@version":"1","message":"node failed","logger_name":"run.trama.saga.workflow.TaskNodeHandler","thread_name":"DefaultDispatcher-worker-11 @coroutine#2874","level":"WARN","level_value":30000,"traceId":"00000000000000000000000000000000","spanId":"0000000000000000","sagaId":"84513f6d-2d3d-4ad4-a8e4-085b1cbf13d0","nodeId":"authorize","phase":"DOWN","error":"Failed to connect to localhost/[0:0:0:0:0:0:0:1]:45781"}
{"@timestamp":"2026-10-09T11:43:01.525730371-03:00","@version":"1","message":"saga finished","logger_name":"run.trama.saga.workflow.WorkflowExecutor","thread_name":"DefaultDispatcher-worker-11 @coroutine#2874","level":"INFO","level_value":20000,"traceId":"00000000000000000000000000000000","spanId":"0000000000000000","sagaId":"84513f6d-2d3d-4ad4-a8e4-085b1cbf13d0","sagaName":"async-replay-0391e30c","status":"CORRUPTED","durationMs":497}
{"@timestamp":"2026-10-09T11:43:01.579007303-03:00","@version":"1","message":"200 OK GET /workflows/dc3ac52b-7aab-4419-90c4-d2781406a83a","logger_name":"io.ktor.test","thread_name":"DefaultDispatcher-worker-11 @request#2909","level":"INFO","level_value":20000,"traceId":"00000000000000000000000000000000","spanId":"0000000000000000"}
{"@timestamp":"2026-10-09T11:43:01.58294454-03:00","@version":"1","message":"200 OK GET /workflows/dc3ac52b-7aab-4419-90c4-d2781406a83a","logger_name":"io.ktor.test","thread_name":"DefaultDispatcher-worker-12 @request#2913","level":"INFO","level_value":20000,"traceId":"00000000000000000000000000000000","spanId":"0000000000000000"}
{"@timestamp":"2026-10-09T11:43:01.586848073-03:00","@version":"1","message":"200 OK GET /workflows/dc3ac52b-7aab-4419-90c4-d2781406a83a","logger_name":"io.ktor.test","thread_name":"DefaultDispatcher-worker-10 @request#2917","level":"INFO","level_value":20000,"traceId":"00000000000000000000000000000000","spanId":"0000000000000000"}
{"@timestamp":"2026-10-09T11:43:01.618380948-03:00","@version":"1","message":"saga-db-pool - Shutdown initiated...","logger_name":"com.zaxxer.hikari.HikariDataSource","thread_name":"DefaultDispatcher-worker-9","level":"INFO","level_value":20000}
{"@timestamp":"2026-10-09T11:43:01.618870706-03:00","@version":"1","message":"saga-db-pool - Shutdown completed.","logger_name":"com.zaxxer.hikari.HikariDataSource","thread_name":"DefaultDispatcher-worker-9","level":"INFO","level_value":20000}
{"@timestamp":"2026-10-09T11:43:01.68882808-03:00","@version":"1","message":"Application started in 0.062 seconds.","logger_name":"io.ktor.test","thread_name":"DefaultDispatcher-worker-9 @call-context#2925","level":"INFO","level_value":20000}
{"@timestamp":"2026-10-09T11:43:01.689032942-03:00","@version":"1","message":"Responding at http://localhost:80","logger_name":"io.ktor.test","thread_name":"DefaultDispatcher-worker-10 @coroutine#3010","level":"INFO","level_value":20000}
{"@timestamp":"2026-10-09T11:43:01.689087326-03:00","@version":"1","message":"Responding at https://localhost:443","logger_name":"io.ktor.test","thread_name":"DefaultDispatcher-worker-10 @coroutine#3010","level":"INFO","level_value":20000}
{"@timestamp":"2026-10-09T11:43:01.697663875-03:00","@version":"1","message":"200 OK POST /workflows/run","logger_name":"io.ktor.test","thread_name":"DefaultDispatcher-worker-3 @request#2925","level":"INFO","level_value":20000,"traceId":"00000000000000000000000000000000","spanId":"0000000000000000"}
{"@timestamp":"2026-10-09T11:43:01.707455029-03:00","@version":"1","message":"200 OK GET /workflows/65a20403-e270-46f6-807f-108089bc0415","logger_name":"io.ktor.test","thread_name":"DefaultDispatcher-worker-4 @request#3017","level":"INFO","level_value":20000,"traceId":"00000000000000000000000000000000","spanId":"0000000000000000"}
{"@timestamp":"2026-10-09T11:43:01.759580566-03:00","@version":"1","message":"success callback failed","logger_name":"run.trama.saga.workflow.WorkflowExecutor","thread_name":"DefaultDispatcher-worker-3 @coroutine#2999","level":"WARN","level_value":30000,"traceId":"00000000000000000000000000000000","spanId":"0000000000000000","sagaId":"65a20403-e270-46f6-807f-108089bc0415","warning":"success callback failed: node=onSuccessCallback status=JSON body $.required: reference 'payload.missing' is missing key 'missing'"}
{"@timestamp":"2026-10-09T11:43:01.761252256-03:00","@version":"1","message":"saga finished","logger_name":"run.trama.saga.workflow.WorkflowExecutor","thread_name":"DefaultDispatcher-worker-4 @coroutine#2999","level":"INFO","level_value":20000,"traceId":"00000000000000000000000000000000","spanId":"0000000000000000","sagaId":"65a20403-e270-46f6-807f-108089bc0415","sagaName":"hook-missing-f3962882","status":"SUCCEEDED","durationMs":70}
{"@timestamp":"2026-10-09T11:43:01.912107198-03:00","@version":"1","message":"200 OK GET /workflows/65a20403-e270-46f6-807f-108089bc0415","logger_name":"io.ktor.test","thread_name":"DefaultDispatcher-worker-4 @request#3024","level":"INFO","level_value":20000,"traceId":"00000000000000000000000000000000","spanId":"0000000000000000"}
{"@timestamp":"2026-10-09T11:43:01.916374858-03:00","@version":"1","message":"200 OK GET /workflows/65a20403-e270-46f6-807f-108089bc0415","logger_name":"io.ktor.test","thread_name":"DefaultDispatcher-worker-9 @request#3028","level":"INFO","level_value":20000,"traceId":"00000000000000000000000000000000","spanId":"0000000000000000"}
{"@timestamp":"2026-10-09T11:43:01.950381769-03:00","@version":"1","message":"saga-db-pool - Shutdown initiated...","logger_name":"com.zaxxer.hikari.HikariDataSource","thread_name":"DefaultDispatcher-worker-9","level":"INFO","level_value":20000}
{"@timestamp":"2026-10-09T11:43:01.950871627-03:00","@version":"1","message":"saga-db-pool - Shutdown completed.","logger_name":"com.zaxxer.hikari.HikariDataSource","thread_name":"DefaultDispatcher-worker-9","level":"INFO","level_value":20000}
{"@timestamp":"2026-10-09T11:43:02.032326794-03:00","@version":"1","message":"Application started in 0.069 seconds.","logger_name":"io.ktor.test","thread_name":"DefaultDispatcher-worker-9 @call-context#3036","level":"INFO","level_value":20000}
{"@timestamp":"2026-10-09T11:43:02.032625255-03:00","@version":"1","message":"Responding at http://localhost:80","logger_name":"io.ktor.test","thread_name":"DefaultDispatcher-worker-7 @coroutine#3121","level":"INFO","level_value":20000}
{"@timestamp":"2026-10-09T11:43:02.032721139-03:00","@version":"1","message":"Responding at https://localhost:443","logger_name":"io.ktor.test","thread_name":"DefaultDispatcher-worker-7 @coroutine#3121","level":"INFO","level_value":20000}
{"@timestamp":"2026-10-09T11:43:02.041625713-03:00","@version":"1","message":"200 OK POST /workflows/run","logger_name":"io.ktor.test","thread_name":"DefaultDispatcher-worker-12 @request#3036","level":"INFO","level_value":20000,"traceId":"00000000000000000000000000000000","spanId":"0000000000000000"}
{"@timestamp":"2026-10-09T11:43:02.049561603-03:00","@version":"1","message":"200 OK GET /workflows/0b102fbb-9e2e-4339-8354-c5d6c65db61e","logger_name":"io.ktor.test","thread_name":"DefaultDispatcher-worker-7 @request#3128","level":"INFO","level_value":20000,"traceId":"00000000000000000000000000000000","spanId":"0000000000000000"}
{"@timestamp":"2026-10-09T11:43:02.098386399-03:00","@version":"1","message":"node completed","logger_name":"run.trama.saga.workflow.TaskNodeHandler","thread_name":"DefaultDispatcher-worker-2 @coroutine#3110","level":"INFO","level_value":20000,"traceId":"00000000000000000000000000000000","spanId":"0000000000000000","sagaId":"0b102fbb-9e2e-4339-8354-c5d6c65db61e","nodeId":"b","phase":"UP","status":500}
{"@timestamp":"2026-10-09T11:43:02.099780858-03:00","@version":"1","message":"compensation scheduled","logger_name":"run.trama.saga.workflow.WorkflowExecutor","thread_name":"DefaultDispatcher-worker-2 @coroutine#3110","level":"INFO","level_value":20000,"traceId":"00000000000000000000000000000000","spanId":"0000000000000000","sagaId":"0b102fbb-9e2e-4339-8354-c5d6c65db61e","failedNodeId":"b"}
{"@timestamp":"2026-10-09T11:43:02.154008195-03:00","@version":"1","message":"saga finished","logger_name":"run.trama.saga.workflow.WorkflowExecutor","thread_name":"DefaultDispatcher-worker-2 @coroutine#3111","level":"INFO","level_value":20000,"traceId":"00000000000000000000000000000000","spanId":"0000000000000000","sagaId":"0b102fbb-9e2e-4339-8354-c5d6c65db61e","sagaName":"hook-fail-c2b63e9f","status":"FAILED","durationMs":118}
{"@timestamp":"2026-10-09T11:43:02.254491-03:00","@version":"1","message":"200 OK GET /workflows/0b102fbb-9e2e-4339-8354-c5d6c65db61e","logger_name":"io.ktor.test","thread_name":"DefaultDispatcher-worker-2 @request#3144","level":"INFO","level_value":20000,"traceId":"00000000000000000000000000000000","spanId":"0000000000000000"}
{"@timestamp":"2026-10-09T11:43:02.293697616-03:00","@version":"1","message":"saga-db-pool - Shutdown initiated...","logger_name":"com.zaxxer.hikari.HikariDataSource","thread_name":"DefaultDispatcher-worker-2","level":"INFO","level_value":20000}
{"@timestamp":"2026-10-09T11:43:02.294261495-03:00","@version":"1","message":"saga-db-pool - Shutdown completed.","logger_name":"com.zaxxer.hikari.HikariDataSource","thread_name":"DefaultDispatcher-worker-2","level":"INFO","level_value":20000}
{"@timestamp":"2026-10-09T11:43:02.36531514-03:00","@version":"1","message":"Application started in 0.063 seconds.","logger_name":"io.ktor.test","thread_name":"DefaultDispatcher-worker-2 @call-context#3152","level":"INFO","level_value":20000}
{"@timestamp":"2026-10-09T11:43:02.365510584-03:00","@version":"1","message":"Responding at http://localhost:80","logger_name":"io.ktor.test","thread_name":"DefaultDispatcher-worker-1 @coroutine#3237","level":"INFO","level_value":20000}
{"@timestamp":"2026-10-09T11:43:02.365569607-03:00","@version":"1","message":"Responding at https://localhost:443","logger_name":"io.ktor.test","thread_name":"DefaultDispatcher-worker-1 @coroutine#3237","level":"INFO","level_value":20000}
{"@timestamp":"2026-10-09T11:43:02.374565967-03:00","@version":"1","message":"200 OK POST /workflows/run","logger_name":"io.ktor.test","thread_name":"DefaultDispatcher-worker-12 @request#3152","level":"INFO","level_value":20000,"traceId":"00000000000000000000000000000000","spanId":"0000000000000000"}
{"@timestamp":"2026-10-09T11:43:02.384863999-03:00","@version":"1","message":"200 OK GET /workflows/bdd7cac1-0a3a-483f-891f-84cfca0a5dac","logger_name":"io.ktor.test","thread_name":"DefaultDispatcher-worker-2 @request#3244","level":"INFO","level_value":20000,"traceId":"00000000000000000000000000000000","spanId":"0000000000000000"}
{"@timestamp":"2026-10-09T11:43:02.430682731-03:00","@version":"1","message":"async node waiting for callback","logger_name":"run.trama.saga.workflow.WorkflowExecutor","thread_name":"DefaultDispatcher-worker-1 @coroutine#3226","level":"INFO","level_value":20000,"traceId":"00000000000000000000000000000000","spanId":"0000000000000000","sagaId":"bdd7cac1-0a3a-483f-891f-84cfca0a5dac","nodeId":"last","deadlineAt":"2026-10-09T14:43:32.420405609Z"}
{"@timestamp":"2026-10-09T11:43:02.589729113-03:00","@version":"1","message":"200 OK GET /workflows/bdd7cac1-0a3a-483f-891f-84cfca0a5dac","logger_name":"io.ktor.test","thread_name":"DefaultDispatcher-worker-4 @request#3251","level":"INFO","level_value":20000,"traceId":"00000000000000000000000000000000","spanId":"0000000000000000"}
{"@timestamp":"2026-10-09T11:43:02.594704086-03:00","@version":"1","message":"callback received","logger_name":"run.trama.saga.callback.CallbackReceiver","thread_name":"DefaultDispatcher-worker-1 @request#3255","level":"INFO","level_value":20000,"traceId":"00000000000000000000000000000000","spanId":"0000000000000000","executionId":"bdd7cac1-0a3a-483f-891f-84cfca0a5dac","nodeId":"last","attempt":0,"isSuccess":true}
{"@timestamp":"2026-10-09T11:43:02.59694216-03:00","@version":"1","message":"saga succeeded via async callback","logger_name":"run.trama.saga.callback.CallbackReceiver","thread_name":"DefaultDispatcher-worker-1 @request#3255","level":"INFO","level_value":20000,"traceId":"00000000000000000000000000000000","spanId":"0000000000000000","executionId":"bdd7cac1-0a3a-483f-891f-84cfca0a5dac","nodeId":"last"}
{"@timestamp":"2026-10-09T11:43:02.597264076-03:00","@version":"1","message":"202 Accepted POST /workflows/bdd7cac1-0a3a-483f-891f-84cfca0a5dac/node/last/callback","logger_name":"io.ktor.test","thread_name":"DefaultDispatcher-worker-1 @request#3255","level":"INFO","level_value":20000,"traceId":"00000000000000000000000000000000","spanId":"0000000000000000"}
{"@timestamp":"2026-10-09T11:43:02.601003443-03:00","@version":"1","message":"200 OK GET /workflows/bdd7cac1-0a3a-483f-891f-84cfca0a5dac","logger_name":"io.ktor.test","thread_name":"DefaultDispatcher-worker-4 @request#3256","level":"INFO","level_value":20000,"traceId":"00000000000000000000000000000000","spanId":"0000000000000000"}
{"@timestamp":"2026-10-09T11:43:02.630880321-03:00","@version":"1","message":"saga finished","logger_name":"run.trama.saga.workflow.WorkflowExecutor","thread_name":"DefaultDispatcher-worker-2 @coroutine#3227","level":"INFO","level_value":20000,"traceId":"00000000000000000000000000000000","spanId":"0000000000000000","sagaId":"bdd7cac1-0a3a-483f-891f-84cfca0a5dac","sagaName":"hook-async-20384235","status":"SUCCEEDED","durationMs":263}
{"@timestamp":"2026-10-09T11:43:02.806793408-03:00","@version":"1","message":"200 OK GET /workflows/bdd7cac1-0a3a-483f-891f-84cfca0a5dac","logger_name":"io.ktor.test","thread_name":"DefaultDispatcher-worker-2 @request#3263","level":"INFO","level_value":20000,"traceId":"00000000000000000000000000000000","spanId":"0000000000000000"}
{"@timestamp":"2026-10-09T11:43:03.331392544-03:00","@version":"1","message":"saga-db-pool - Shutdown initiated...","logger_name":"com.zaxxer.hikari.HikariDataSource","thread_name":"DefaultDispatcher-worker-8","level":"INFO","level_value":20000}
{"@timestamp":"2026-10-09T11:43:03.331929813-03:00","@version":"1","message":"saga-db-pool - Shutdown completed.","logger_name":"com.zaxxer.hikari.HikariDataSource","thread_name":"DefaultDispatcher-worker-8","level":"INFO","level_value":20000}
{"@timestamp":"2026-10-09T11:43:03.397010247-03:00","@version":"1","message":"Application started in 0.056 seconds.","logger_name":"io.ktor.test","thread_name":"DefaultDispatcher-worker-8 @call-context#3271","level":"INFO","level_value":20000}
{"@timestamp":"2026-10-09T11:43:03.397191694-03:00","@version":"1","message":"Responding at http://localhost:80","logger_name":"io.ktor.test","thread_name":"DefaultDispatcher-worker-1 @coroutine#3356","level":"INFO","level_value":20000}
{"@timestamp":"2026-10-09T11:43:03.397242011-03:00","@version":"1","message":"Responding at https://localhost:443","logger_name":"io.ktor.test","thread_name":"DefaultDispatcher-worker-1 @coroutine#3356","level":"INFO","level_value":20000}
{"@timestamp":"2026-10-09T11:43:03.403610349-03:00","@version":"1","message":"200 OK POST /workflows/run","logger_name":"io.ktor.test","thread_name":"DefaultDispatcher-worker-4 @request#3271","level":"INFO","level_value":20000,"traceId":"00000000000000000000000000000000","spanId":"0000000000000000"}
{"@timestamp":"2026-10-09T11:43:03.411713036-03:00","@version":"1","message":"200 OK GET /workflows/4cc826b7-2a73-4bd6-b8d7-d3e011e92a3e","logger_name":"io.ktor.test","thread_name":"DefaultDispatcher-worker-10 @request#3363","level":"INFO","level_value":20000,"traceId":"00000000000000000000000000000000","spanId":"0000000000000000"}
{"@timestamp":"2026-10-09T11:43:03.463006124-03:00","@version":"1","message":"saga finished","logger_name":"run.trama.saga.workflow.WorkflowExecutor","thread_name":"DefaultDispatcher-worker-2 @coroutine#3346","level":"INFO","level_value":20000,"traceId":"00000000000000000000000000000000","spanId":"0000000000000000","sagaId":"4cc826b7-2a73-4bd6-b8d7-d3e011e92a3e","sagaName":"hook-ok-1a98ac25","status":"SUCCEEDED","durationMs":64}
{"@timestamp":"2026-10-09T11:43:03.616075065-03:00","@version":"1","message":"200 OK GET /workflows/4cc826b7-2a73-4bd6-b8d7-d3e011e92a3e","logger_name":"io.ktor.test","thread_name":"DefaultDispatcher-worker-10 @request#3373","level":"INFO","level_value":20000,"traceId":"00000000000000000000000000000000","spanId":"0000000000000000"}
{"@timestamp":"2026-10-09T11:43:03.656074439-03:00","@version":"1","message":"saga-db-pool - Shutdown initiated...","logger_name":"com.zaxxer.hikari.HikariDataSource","thread_name":"DefaultDispatcher-worker-10","level":"INFO","level_value":20000}
{"@timestamp":"2026-10-09T11:43:03.656604132-03:00","@version":"1","message":"saga-db-pool - Shutdown completed.","logger_name":"com.zaxxer.hikari.HikariDataSource","thread_name":"DefaultDispatcher-worker-10","level":"INFO","level_value":20000}
{"@timestamp":"2026-10-09T11:43:03.723383709-03:00","@version":"1","message":"Application started in 0.059 seconds.","logger_name":"io.ktor.test","thread_name":"DefaultDispatcher-worker-9 @call-context#3381","level":"INFO","level_value":20000,"traceId":"00000000000000000000000000000000","spanId":"0000000000000000"}
{"@timestamp":"2026-10-09T11:43:03.723600954-03:00","@version":"1","message":"Responding at http://localhost:80","logger_name":"io.ktor.test","thread_name":"DefaultDispatcher-worker-12 @coroutine#3466","level":"INFO","level_value":20000}
{"@timestamp":"2026-10-09T11:43:03.723704172-03:00","@version":"1","message":"Responding at https://localhost:443","logger_name":"io.ktor.test","thread_name":"DefaultDispatcher-worker-12 @coroutine#3466","level":"INFO","level_value":20000}
{"@timestamp":"2026-10-09T11:43:03.74706413-03:00","@version":"1","message":"200 OK POST /workflows/definitions","logger_name":"io.ktor.test","thread_name":"DefaultDispatcher-worker-9 @request#3381","level":"INFO","level_value":20000,"traceId":"00000000000000000000000000000000","spanId":"0000000000000000"}
{"@timestamp":"2026-10-09T11:43:03.751562228-03:00","@version":"1","message":"409 Conflict POST /workflows/definitions","logger_name":"io.ktor.test","thread_name":"DefaultDispatcher-worker-6 @request#3473","level":"INFO","level_value":20000,"traceId":"00000000000000000000000000000000","spanId":"0000000000000000"}
{"@timestamp":"2026-10-09T11:43:03.782606974-03:00","@version":"1","message":"saga-db-pool - Shutdown initiated...","logger_name":"com.zaxxer.hikari.HikariDataSource","thread_name":"DefaultDispatcher-worker-9","level":"INFO","level_value":20000}
{"@timestamp":"2026-10-09T11:43:03.783128832-03:00","@version":"1","message":"saga-db-pool - Shutdown completed.","logger_name":"com.zaxxer.hikari.HikariDataSource","thread_name":"DefaultDispatcher-worker-9","level":"INFO","level_value":20000}
{"@timestamp":"2026-10-09T11:43:03.858301582-03:00","@version":"1","message":"Application started in 0.066 seconds.","logger_name":"io.ktor.test","thread_name":"DefaultDispatcher-worker-9 @call-context#3481","level":"INFO","level_value":20000}
{"@timestamp":"2026-10-09T11:43:03.858584353-03:00","@version":"1","message":"Responding at http://localhost:80","logger_name":"io.ktor.test","thread_name":"DefaultDispatcher-worker-12 @coroutine#3566","level":"INFO","level_value":20000}
{"@timestamp":"2026-10-09T11:43:03.858674376-03:00","@version":"1","message":"Responding at https://localhost:443","logger_name":"io.ktor.test","thread_name":"DefaultDispatcher-worker-12 @coroutine#3566","level":"INFO","level_value":20000}
{"@timestamp":"2026-10-09T11:43:03.868068905-03:00","@version":"1","message":"200 OK POST /workflows/definitions","logger_name":"io.ktor.test","thread_name":"DefaultDispatcher-worker-9 @request#3481","level":"INFO","level_value":20000,"traceId":"00000000000000000000000000000000","spanId":"0000000000000000"}
{"@timestamp":"2026-10-09T11:43:03.872061266-03:00","@version":"1","message":"200 OK GET /workflows/definitions/a503a027-6692-420d-bbcc-fcb5483c26aa","logger_name":"io.ktor.test","thread_name":"DefaultDispatcher-worker-9 @request#3573","level":"INFO","level_value":20000,"traceId":"00000000000000000000000000000000","spanId":"0000000000000000"}
{"@timestamp":"2026-10-09T11:43:03.916927714-03:00","@version":"1","message":"saga-db-pool - Shutdown initiated...","logger_name":"com.zaxxer.hikari.HikariDataSource","thread_name":"DefaultDispatcher-worker-5","level":"INFO","level_value":20000}
{"@timestamp":"2026-10-09T11:43:03.917449673-03:00","@version":"1","message":"saga-db-pool - Shutdown completed.","logger_name":"com.zaxxer.hikari.HikariDataSource","thread_name":"DefaultDispatcher-worker-5","level":"INFO","level_value":20000}
{"@timestamp":"2026-10-09T11:43:04.001806079-03:00","@version":"1","message":"Application started in 0.075 seconds.","logger_name":"io.ktor.test","thread_name":"DefaultDispatcher-worker-5 @call-context#3581","level":"INFO","level_value":20000}
{"@timestamp":"2026-10-09T11:43:04.001964262-03:00","@version":"1","message":"Responding at http://localhost:80","logger_name":"io.ktor.test","thread_name":"DefaultDispatcher-worker-4 @coroutine#3666","level":"INFO","level_value":20000}
{"@timestamp":"2026-10-09T11:43:04.002012865-03:00","@version":"1","message":"Responding at https://localhost:443","logger_name":"io.ktor.test","thread_name":"DefaultDispatcher-worker-4 @coroutine#3666","level":"INFO","level_value":20000}
{"@timestamp":"2026-10-09T11:43:04.011199734-03:00","@version":"1","message":"200 OK POST /workflows/run","logger_name":"io.ktor.test","thread_name":"DefaultDispatcher-worker-5 @request#3581","level":"INFO","level_value":20000,"traceId":"00000000000000000000000000000000","spanId":"0000000000000000"}
{"@timestamp":"2026-10-09T11:43:04.020630641-03:00","@version":"1","message":"200 OK GET /workflows/a9151f2b-b47a-4613-9cd8-75f371574b51","logger_name":"io.ktor.test","thread_name":"DefaultDispatcher-worker-2 @request#3673","level":"INFO","level_value":20000,"traceId":"00000000000000000000000000000000","spanId":"0000000000000000"}
{"@timestamp":"2026-10-09T11:43:04.069401249-03:00","@version":"1","message":"saga finished","logger_name":"run.trama.saga.workflow.WorkflowExecutor","thread_name":"DefaultDispatcher-worker-9 @coroutine#3655","level":"INFO","level_value":20000,"traceId":"00000000000000000000000000000000","spanId":"0000000000000000","sagaId":"a9151f2b-b47a-4613-9cd8-75f371574b51","sagaName":"def-status-f1a9fdd2","status":"SUCCEEDED","durationMs":64}
{"@timestamp":"2026-10-09T11:43:04.2261373-03:00","@version":"1","message":"200 OK GET /workflows/a9151f2b-b47a-4613-9cd8-75f371574b51","logger_name":"io.ktor.test","thread_name":"DefaultDispatcher-worker-9 @request#3683","level":"INFO","level_value":20000,"traceId":"00000000000000000000000000000000","spanId":"0000000000000000"}
{"@timestamp":"2026-10-09T11:43:04.262562422-03:00","@version":"1","message":"saga-db-pool - Shutdown initiated...","logger_name":"com.zaxxer.hikari.HikariDataSource","thread_name":"DefaultDispatcher-worker-9","level":"INFO","level_value":20000}
{"@timestamp":"2026-10-09T11:43:04.263326875-03:00","@version":"1","message":"saga-db-pool - Shutdown completed.","logger_name":"com.zaxxer.hikari.HikariDataSource","thread_name":"DefaultDispatcher-worker-9","level":"INFO","level_value":20000}
{"@timestamp":"2026-10-09T11:43:04.340358203-03:00","@version":"1","message":"Application started in 0.068 seconds.","logger_name":"io.ktor.test","thread_name":"DefaultDispatcher-worker-9 @call-context#3691","level":"INFO","level_value":20000}
{"@timestamp":"2026-10-09T11:43:04.340543868-03:00","@version":"1","message":"Responding at http://localhost:80","logger_name":"io.ktor.test","thread_name":"DefaultDispatcher-worker-5 @coroutine#3776","level":"INFO","level_value":20000}
{"@timestamp":"2026-10-09T11:43:04.340605506-03:00","@version":"1","message":"Responding at https://localhost:443","logger_name":"io.ktor.test","thread_name":"DefaultDispatcher-worker-5 @coroutine#3776","level":"INFO","level_value":20000}
{"@timestamp":"2026-10-09T11:43:04.348954914-03:00","@version":"1","message":"200 OK POST /workflows/definitions","logger_name":"io.ktor.test","thread_name":"DefaultDispatcher-worker-9 @request#3691","level":"INFO","level_value":20000,"traceId":"00000000000000000000000000000000","spanId":"0000000000000000"}
{"@timestamp":"2026-10-09T11:43:04.357038833-03:00","@version":"1","message":"200 OK POST /workflows/definitions/def-run-0a74e9b2/v1/run","logger_name":"io.ktor.test","thread_name":"DefaultDispatcher-worker-12 @request#3783","level":"INFO","level_value":20000,"traceId":"00000000000000000000000000000000","spanId":"0000000000000000"}
{"@timestamp":"2026-10-09T11:43:04.36489124-03:00","@version":"1","message":"200 OK GET /workflows/663872a3-fdaf-48c8-885a-77967275a292","logger_name":"io.ktor.test","thread_name":"DefaultDispatcher-worker-2 @request#3787","level":"INFO","level_value":20000,"traceId":"00000000000000000000000000000000","spanId":"0000000000000000"}
{"@timestamp":"2026-10-09T11:43:04.409522586-03:00","@version":"1","message":"saga finished","logger_name":"run.trama.saga.workflow.WorkflowExecutor","thread_name":"DefaultDispatcher-worker-2 @coroutine#3765","level":"INFO","level_value":20000,"traceId":"00000000000000000000000000000000","spanId":"0000000000000000","sagaId":"663872a3-fdaf-48c8-885a-77967275a292","sagaName":"def-run-0a74e9b2","status":"SUCCEEDED","durationMs":55}
{"@timestamp":"2026-10-09T11:43:04.569194104-03:00","@version":"1","message":"200 OK GET /workflows/663872a3-fdaf-48c8-885a-77967275a292","logger_name":"io.ktor.test","thread_name":"DefaultDispatcher-worker-2 @request#3797","level":"INFO","level_value":20000,"traceId":"00000000000000000000000000000000","spanId":"0000000000000000"}
{"@timestamp":"2026-10-09T11:43:04.600517084-03:00","@version":"1","message":"saga-db-pool - Shutdown initiated...","logger_name":"com.zaxxer.hikari.HikariDataSource","thread_name":"DefaultDispatcher-worker-2","level":"INFO","level_value":20000}
{"@timestamp":"2026-10-09T11:43:04.60098573-03:00","@version":"1","message":"saga-db-pool - Shutdown completed.","logger_name":"com.zaxxer.hikari.HikariDataSource","thread_name":"DefaultDispatcher-worker-2","level":"INFO","level_value":20000}
{"@timestamp":"2026-10-09T11:43:04.672830673-03:00","@version":"1","message":"Application started in 0.063 seconds.","logger_name":"io.ktor.test","thread_name":"DefaultDispatcher-worker-2 @call-context#3805","level":"INFO","level_value":20000}
{"@timestamp":"2026-10-09T11:43:04.673117662-03:00","@version":"1","message":"Responding at http://localhost:80","logger_name":"io.ktor.test","thread_name":"DefaultDispatcher-worker-7 @coroutine#3890","level":"INFO","level_value":20000}
{"@timestamp":"2026-10-09T11:43:04.673188217-03:00","@version":"1","message":"Responding at https://localhost:443","logger_name":"io.ktor.test","thread_name":"DefaultDispatcher-worker-7 @coroutine#3890","level":"INFO","level_value":20000}
{"@timestamp":"2026-10-09T11:43:04.686168516-03:00","@version":"1","message":"200 OK POST /workflows/definitions","logger_name":"io.ktor.test","thread_name":"DefaultDispatcher-worker-2 @request#3805","level":"INFO","level_value":20000,"traceId":"00000000000000000000000000000000","spanId":"0000000000000000"}
{"@timestamp":"2026-10-09T11:43:04.689498168-03:00","@version":"1","message":"200 OK GET /workflows/definitions/def-del-0930f7a0/v1","logger_name":"io.ktor.test","thread_name":"DefaultDispatcher-worker-12 @request#3897","level":"INFO","level_value":20000,"traceId":"00000000000000000000000000000000","spanId":"0000000000000000"}
{"@timestamp":"2026-10-09T11:43:04.698967198-03:00","@version":"1","message":"204 No Content DELETE /workflows/definitions/7aa6a520-a76e-4bb7-886f-a532aba3a369","logger_name":"io.ktor.test","thread_name":"DefaultDispatcher-worker-12 @request#3901","level":"INFO","level_value":20000,"traceId":"00000000000000000000000000000000","spanId":"0000000000000000"}
{"@timestamp":"2026-10-09T11:43:04.703116167-03:00","@version":"1","message":"204 No Content GET /workflows/definitions/7aa6a520-a76e-4bb7-886f-a532aba3a369","logger_name":"io.ktor.test","thread_name":"DefaultDispatcher-worker-12 @request#3902","level":"INFO","level_value":20000,"traceId":"00000000000000000000000000000000","spanId":"0000000000000000"}
{"@timestamp":"2026-10-09T11:43:04.705900395-03:00","@version":"1","message":"204 No Content GET /workflows/definitions/def-del-0930f7a0/v1","logger_name":"io.ktor.test","thread_name":"DefaultDispatcher-worker-12 @request#3903","level":"INFO","level_value":20000,"traceId":"00000000000000000000000000000000","spanId":"0000000000000000"}
{"@timestamp":"2026-10-09T11:43:04.709421443-03:00","@version":"1","message":"204 No Content POST /workflows/definitions/def-del-0930f7a0/v1/run","logger_name":"io.ktor.test","thread_name":"DefaultDispatcher-worker-12 @request#3904","level":"INFO","level_value":20000,"traceId":"00000000000000000000000000000000","spanId":"0000000000000000"}
{"@timestamp":"2026-10-09T11:43:04.711619599-03:00","@version":"1","message":"204 No Content DELETE /workflows/definitions/7aa6a520-a76e-4bb7-886f-a532aba3a369","logger_name":"io.ktor.test","thread_name":"DefaultDispatcher-worker-12 @request#3905","level":"INFO","level_value":20000,"traceId":"00000000000000000000000000000000","spanId":"0000000000000000"}
{"@timestamp":"2026-10-09T11:43:04.712981556-03:00","@version":"1","message":"400 Bad Request DELETE /workflows/definitions/nope","logger_name":"io.ktor.test","thread_name":"DefaultDispatcher-worker-12 @request#3906","level":"INFO","level_value":20000,"traceId":"00000000000000000000000000000000","spanId":"0000000000000000"}
{"@timestamp":"2026-10-09T11:43:04.740102835-03:00","@version":"1","message":"saga-db-pool - Shutdown initiated...","logger_name":"com.zaxxer.hikari.HikariDataSource","thread_name":"DefaultDispatcher-worker-11","level":"INFO","level_value":20000}
{"@timestamp":"2026-10-09T11:43:04.74074812-03:00","@version":"1","message":"saga-db-pool - Shutdown completed.","logger_name":"com.zaxxer.hikari.HikariDataSource","thread_name":"DefaultDispatcher-worker-11","level":"INFO","level_value":20000}
{"@timestamp":"2026-10-09T11:43:04.803397676-03:00","@version":"1","message":"Application started in 0.054 seconds.","logger_name":"io.ktor.test","thread_name":"DefaultDispatcher-worker-11 @call-context#3914","level":"INFO","level_value":20000}
{"@timestamp":"2026-10-09T11:43:04.803567652-03:00","@version":"1","message":"Responding at http://localhost:80","logger_name":"io.ktor.test","thread_name":"DefaultDispatcher-worker-4 @coroutine#3999","level":"INFO","level_value":20000}
{"@timestamp":"2026-10-09T11:43:04.803615634-03:00","@version":"1","message":"Responding at https://localhost:443","logger_name":"io.ktor.test","thread_name":"DefaultDispatcher-worker-4 @coroutine#3999","level":"INFO","level_value":20000}
{"@timestamp":"2026-10-09T11:43:04.810911335-03:00","@version":"1","message":"204 No Content GET /workflows/definitions/215794da-8793-428e-8b16-acfc32baa6ae","logger_name":"io.ktor.test","thread_name":"DefaultDispatcher-worker-11 @request#3914","level":"INFO","level_value":20000,"traceId":"00000000000000000000000000000000","spanId":"0000000000000000"}
{"@timestamp":"2026-10-09T11:43:04.814223803-03:00","@version":"1","message":"204 No Content GET /workflows/definitions/nope-7807cf0f-55a7-4890-8dbd-3d4bca17923d/v1","logger_name":"io.ktor.test","thread_name":"DefaultDispatcher-worker-12 @request#4003","level":"INFO","level_value":20000,"traceId":"00000000000000000000000000000000","spanId":"0000000000000000"}
{"@timestamp":"2026-10-09T11:43:04.817557332-03:00","@version":"1","message":"204 No Content POST /workflows/definitions/nope-8bb7c24b-2d76-4fdc-9410-e5e1aaf0d595/v1/run","logger_name":"io.ktor.test","thread_name":"DefaultDispatcher-worker-12 @request#4004","level":"INFO","level_value":20000,"traceId":"00000000000000000000000000000000","spanId":"0000000000000000"}
{"@timestamp":"2026-10-09T11:43:04.862716619-03:00","@version":"1","message":"saga-db-pool - Shutdown initiated...","logger_name":"com.zaxxer.hikari.HikariDataSource","thread_name":"DefaultDispatcher-worker-12","level":"INFO","level_value":20000}
{"@timestamp":"2026-10-09T11:43:04.863290417-03:00","@version":"1","message":"saga-db-pool - Shutdown completed.","logger_name":"com.zaxxer.hikari.HikariDataSource","thread_name":"DefaultDispatcher-worker-12","level":"INFO","level_value":20000}
{"@timestamp":"2026-10-09T11:43:04.943835178-03:00","@version":"1","message":"Application started in 0.07 seconds.","logger_name":"io.ktor.test","thread_name":"DefaultDispatcher-worker-12 @call-context#4009","level":"INFO","level_value":20000}
{"@timestamp":"2026-10-09T11:43:04.944032145-03:00","@version":"1","message":"Responding at http://localhost:80","logger_name":"io.ktor.test","thread_name":"DefaultDispatcher-worker-9 @coroutine#4094","level":"INFO","level_value":20000}
{"@timestamp":"2026-10-09T11:43:04.9454873-03:00","@version":"1","message":"Responding at https://localhost:443","logger_name":"io.ktor.test","thread_name":"DefaultDispatcher-worker-9 @coroutine#4094","level":"INFO","level_value":20000}
{"@timestamp":"2026-10-09T11:43:04.953527876-03:00","@version":"1","message":"200 OK POST /workflows/definitions","logger_name":"io.ktor.test","thread_name":"DefaultDispatcher-worker-12 @request#4009","level":"INFO","level_value":20000,"traceId":"00000000000000000000000000000000","spanId":"0000000000000000"}
{"@timestamp":"2026-10-09T11:43:04.956075852-03:00","@version":"1","message":"200 OK GET /workflows/definitions/def-v2-91091b03/v1","logger_name":"io.ktor.test","thread_name":"DefaultDispatcher-worker-12 @request#4101","level":"INFO","level_value":20000,"traceId":"00000000000000000000000000000000","spanId":"0000000000000000"}
{"@timestamp":"2026-10-09T11:43:04.966418894-03:00","@version":"1","message":"200 OK GET /workflows/definitions","logger_name":"io.ktor.test","thread_name":"DefaultDispatcher-worker-12 @request#4105","level":"INFO","level_value":20000,"traceId":"00000000000000000000000000000000","spanId":"0000000000000000"}
{"@timestamp":"2026-10-09T11:43:05.006177755-03:00","@version":"1","message":"saga-db-pool - Shutdown initiated...","logger_name":"com.zaxxer.hikari.HikariDataSource","thread_name":"DefaultDispatcher-worker-12","level":"INFO","level_value":20000}
{"@timestamp":"2026-10-09T11:43:05.006806148-03:00","@version":"1","message":"saga-db-pool - Shutdown completed.","logger_name":"com.zaxxer.hikari.HikariDataSource","thread_name":"DefaultDispatcher-worker-12","level":"INFO","level_value":20000}
{"@timestamp":"2026-10-09T11:43:05.075521675-03:00","@version":"1","message":"Application started in 0.06 seconds.","logger_name":"io.ktor.test","thread_name":"DefaultDispatcher-worker-12 @call-context#4113","level":"INFO","level_value":20000}
{"@timestamp":"2026-10-09T11:43:05.075711758-03:00","@version":"1","message":"Responding at http://localhost:80","logger_name":"io.ktor.test","thread_name":"DefaultDispatcher-worker-2 @coroutine#4198","level":"INFO","level_value":20000}
{"@timestamp":"2026-10-09T11:43:05.07578563-03:00","@version":"1","message":"Responding at https://localhost:443","logger_name":"io.ktor.test","thread_name":"DefaultDispatcher-worker-2 @coroutine#4198","level":"INFO","level_value":20000}
{"@timestamp":"2026-10-09T11:43:05.084413347-03:00","@version":"1","message":"200 OK PUT /workflows/definitions/a8d41d74-96a9-4c5a-b049-6373dc14cbc3","logger_name":"io.ktor.test","thread_name":"DefaultDispatcher-worker-12 @request#4113","level":"INFO","level_value":20000,"traceId":"00000000000000000000000000000000","spanId":"0000000000000000"}
{"@timestamp":"2026-10-09T11:43:05.08640579-03:00","@version":"1","message":"200 OK GET /workflows/definitions/a8d41d74-96a9-4c5a-b049-6373dc14cbc3","logger_name":"io.ktor.test","thread_name":"DefaultDispatcher-worker-12 @request#4205","level":"INFO","level_value":20000,"traceId":"00000000000000000000000000000000","spanId":"0000000000000000"}
{"@timestamp":"2026-10-09T11:43:05.089795125-03:00","@version":"1","message":"409 Conflict PUT /workflows/definitions/a8d41d74-96a9-4c5a-b049-6373dc14cbc3","logger_name":"io.ktor.test","thread_name":"DefaultDispatcher-worker-12 @request#4209","level":"INFO","level_value":20000,"traceId":"00000000000000000000000000000000","spanId":"0000000000000000"}
{"@timestamp":"2026-10-09T11:43:05.093368302-03:00","@version":"1","message":"409 Conflict PUT /workflows/definitions/904a7858-47ed-4ab3-874e-51ae4d341e7b","logger_name":"io.ktor.test","thread_name":"DefaultDispatcher-worker-10 @request#4213","level":"INFO","level_value":20000,"traceId":"00000000000000000000000000000000","spanId":"0000000000000000"}
{"@timestamp":"2026-10-09T11:43:05.094840749-03:00","@version":"1","message":"400 Bad Request PUT /workflows/definitions/not-a-uuid","logger_name":"io.ktor.test","thread_name":"DefaultDispatcher-worker-4 @request#4217","level":"INFO","level_value":20000,"traceId":"00000000000000000000000000000000","spanId":"0000000000000000"}
{"@timestamp":"2026-10-09T11:43:05.13418063-03:00","@version":"1","message":"saga-db-pool - Shutdown initiated...","logger_name":"com.zaxxer.hikari.HikariDataSource","thread_name":"DefaultDispatcher-worker-10","level":"INFO","level_value":20000}
{"@timestamp":"2026-10-09T11:43:05.13463034-03:00","@version":"1","message":"saga-db-pool - Shutdown completed.","logger_name":"com.zaxxer.hikari.HikariDataSource","thread_name":"DefaultDispatcher-worker-10","level":"INFO","level_value":20000}
{"@timestamp":"2026-10-09T11:43:05.193618706-03:00","@version":"1","message":"Application started in 0.051 seconds.","logger_name":"io.ktor.test","thread_name":"DefaultDispatcher-worker-10 @call-context#4225","level":"INFO","level_value":20000}
{"@timestamp":"2026-10-09T11:43:05.193826313-03:00","@version":"1","message":"Responding at http://localhost:80","logger_name":"io.ktor.test","thread_name":"DefaultDispatcher-worker-9 @coroutine#4310","level":"INFO","level_value":20000}
{"@timestamp":"2026-10-09T11:43:05.193874024-03:00","@version":"1","message":"Responding at https://localhost:443","logger_name":"io.ktor.test","thread_name":"DefaultDispatcher-worker-9 @coroutine#4310","level":"INFO","level_value":20000}
{"@timestamp":"2026-10-09T11:43:05.201852881-03:00","@version":"1","message":"200 OK POST /workflows/definitions","logger_name":"io.ktor.test","thread_name":"DefaultDispatcher-worker-10 @request#4225","level":"INFO","level_value":20000,"traceId":"00000000000000000000000000000000","spanId":"0000000000000000"}
{"@timestamp":"2026-10-09T11:43:05.20620098-03:00","@version":"1","message":"200 OK POST /workflows/definitions/def-run-payload-a4c20855/v1/run","logger_name":"io.ktor.test","thread_name":"DefaultDispatcher-worker-12 @request#4317","level":"INFO","level_value":20000,"traceId":"00000000000000000000000000000000","spanId":"0000000000000000"}
{"@timestamp":"2026-10-09T11:43:05.214531058-03:00","@version":"1","message":"200 OK GET /workflows/93aee67d-d0ac-4c61-8b14-806d0fa68e2d","logger_name":"io.ktor.test","thread_name":"DefaultDispatcher-worker-5 @request#4321","level":"INFO","level_value":20000,"traceId":"00000000000000000000000000000000","spanId":"0000000000000000"}
{"@timestamp":"2026-10-09T11:43:05.261120941-03:00","@version":"1","message":"saga finished","logger_name":"run.trama.saga.workflow.WorkflowExecutor","thread_name":"DefaultDispatcher-worker-1 @coroutine#4299","level":"INFO","level_value":20000,"traceId":"00000000000000000000000000000000","spanId":"0000000000000000","sagaId":"93aee67d-d0ac-4c61-8b14-806d0fa68e2d","sagaName":"def-run-payload-a4c20855","status":"SUCCEEDED","durationMs":57}
{"@timestamp":"2026-10-09T11:43:05.418814294-03:00","@version":"1","message":"200 OK GET /workflows/93aee67d-d0ac-4c61-8b14-806d0fa68e2d","logger_name":"io.ktor.test","thread_name":"DefaultDispatcher-worker-1 @request#4328","level":"INFO","level_value":20000,"traceId":"00000000000000000000000000000000","spanId":"0000000000000000"}
{"@timestamp":"2026-10-09T11:43:05.452788659-03:00","@version":"1","message":"saga-db-pool - Shutdown initiated...","logger_name":"com.zaxxer.hikari.HikariDataSource","thread_name":"DefaultDispatcher-worker-1","level":"INFO","level_value":20000}
{"@timestamp":"2026-10-09T11:43:05.45325426-03:00","@version":"1","message":"saga-db-pool - Shutdown completed.","logger_name":"com.zaxxer.hikari.HikariDataSource","thread_name":"DefaultDispatcher-worker-1","level":"INFO","level_value":20000}
{"@timestamp":"2026-10-09T11:43:05.531853407-03:00","@version":"1","message":"Application started in 0.07 seconds.","logger_name":"io.ktor.test","thread_name":"DefaultDispatcher-worker-1 @call-context#4336","level":"INFO","level_value":20000}
{"@timestamp":"2026-10-09T11:43:05.532110339-03:00","@version":"1","message":"Responding at http://localhost:80","logger_name":"io.ktor.test","thread_name":"DefaultDispatcher-worker-8 @coroutine#4421","level":"INFO","level_value":20000,"traceId":"00000000000000000000000000000000","spanId":"0000000000000000"}
{"@timestamp":"2026-10-09T11:43:05.532170975-03:00","@version":"1","message":"Responding at https://localhost:443","logger_name":"io.ktor.test","thread_name":"DefaultDispatcher-worker-8 @coroutine#4421","level":"INFO","level_value":20000,"traceId":"00000000000000000000000000000000","spanId":"0000000000000000"}
{"@timestamp":"2026-10-09T11:43:05.535258111-03:00","@version":"1","message":"400 Bad Request POST /workflows/definitions","logger_name":"io.ktor.test","thread_name":"DefaultDispatcher-worker-1 @request#4336","level":"INFO","level_value":20000,"traceId":"00000000000000000000000000000000","spanId":"0000000000000000"}
{"@timestamp":"2026-10-09T11:43:05.538073508-03:00","@version":"1","message":"400 Bad Request POST /workflows/run","logger_name":"io.ktor.test","thread_name":"DefaultDispatcher-worker-6 @request#4428","level":"INFO","level_value":20000,"traceId":"00000000000000000000000000000000","spanId":"0000000000000000"}
{"@timestamp":"2026-10-09T11:43:05.588388739-03:00","@version":"1","message":"saga-db-pool - Shutdown initiated...","logger_name":"com.zaxxer.hikari.HikariDataSource","thread_name":"DefaultDispatcher-worker-11","level":"INFO","level_value":20000}
{"@timestamp":"2026-10-09T11:43:05.588884517-03:00","@version":"1","message":"saga-db-pool - Shutdown completed.","logger_name":"com.zaxxer.hikari.HikariDataSource","thread_name":"DefaultDispatcher-worker-11","level":"INFO","level_value":20000}
{"@timestamp":"2026-10-09T11:43:05.655466983-03:00","@version":"1","message":"Application started in 0.058 seconds.","logger_name":"io.ktor.test","thread_name":"DefaultDispatcher-worker-11 @call-context#4436","level":"INFO","level_value":20000}
{"@timestamp":"2026-10-09T11:43:05.655629664-03:00","@version":"1","message":"Responding at http://localhost:80","logger_name":"io.ktor.test","thread_name":"DefaultDispatcher-worker-9 @coroutine#4521","level":"INFO","level_value":20000}
{"@timestamp":"2026-10-09T11:43:05.655702494-03:00","@version":"1","message":"Responding at https://localhost:443","logger_name":"io.ktor.test","thread_name":"DefaultDispatcher-worker-9 @coroutine#4521","level":"INFO","level_value":20000}
{"@timestamp":"2026-10-09T11:43:05.664563328-03:00","@version":"1","message":"200 OK POST /workflows/definitions","logger_name":"io.ktor.test","thread_name":"DefaultDispatcher-worker-11 @request#4436","level":"INFO","level_value":20000,"traceId":"00000000000000000000000000000000","spanId":"0000000000000000"}
{"@timestamp":"2026-10-09T11:43:05.667220452-03:00","@version":"1","message":"422 Unprocessable Entity POST /workflows/definitions/def-v2-run-84f51049/v1/run","logger_name":"io.ktor.test","thread_name":"DefaultDispatcher-worker-4 @request#4528","level":"INFO","level_value":20000,"traceId":"00000000000000000000000000000000","spanId":"0000000000000000"}
{"@timestamp":"2026-10-09T11:43:05.714002653-03:00","@version":"1","message":"saga-db-pool - Shutdown initiated...","logger_name":"com.zaxxer.hikari.HikariDataSource","thread_name":"DefaultDispatcher-worker-12","level":"INFO","level_value":20000}
{"@timestamp":"2026-10-09T11:43:05.714530242-03:00","@version":"1","message":"saga-db-pool - Shutdown completed.","logger_name":"com.zaxxer.hikari.HikariDataSource","thread_name":"DefaultDispatcher-worker-12","level":"INFO","level_value":20000}
{"@timestamp":"2026-10-09T11:43:05.774522107-03:00","@version":"1","message":"Application started in 0.052 seconds.","logger_name":"io.ktor.test","thread_name":"DefaultDispatcher-worker-12 @call-context#4536","level":"INFO","level_value":20000}
{"@timestamp":"2026-10-09T11:43:05.774734574-03:00","@version":"1","message":"Responding at http://localhost:80","logger_name":"io.ktor.test","thread_name":"DefaultDispatcher-worker-5 @coroutine#4621","level":"INFO","level_value":20000}
{"@timestamp":"2026-10-09T11:43:05.774872358-03:00","@version":"1","message":"Responding at https://localhost:443","logger_name":"io.ktor.test","thread_name":"DefaultDispatcher-worker-5 @coroutine#4621","level":"INFO","level_value":20000}
{"@timestamp":"2026-10-09T11:43:05.783334228-03:00","@version":"1","message":"200 OK POST /workflows/run","logger_name":"io.ktor.test","thread_name":"DefaultDispatcher-worker-12 @request#4536","level":"INFO","level_value":20000,"traceId":"00000000000000000000000000000000","spanId":"0000000000000000"}
{"@timestamp":"2026-10-09T11:43:05.792726308-03:00","@version":"1","message":"200 OK GET /workflows/96679646-e35e-4f4b-a76c-a1f4cadd48aa","logger_name":"io.ktor.test","thread_name":"DefaultDispatcher-worker-5 @request#4628","level":"INFO","level_value":20000,"traceId":"00000000000000000000000000000000","spanId":"0000000000000000"}
{"@timestamp":"2026-10-09T11:43:05.838632072-03:00","@version":"1","message":"saga finished","logger_name":"run.trama.saga.workflow.WorkflowExecutor","thread_name":"DefaultDispatcher-worker-4 @coroutine#4610","level":"INFO","level_value":20000,"traceId":"00000000000000000000000000000000","spanId":"0000000000000000","sagaId":"96679646-e35e-4f4b-a76c-a1f4cadd48aa","sagaName":"same-nv-2ea4710f","status":"SUCCEEDED","durationMs":61}
{"@timestamp":"2026-10-09T11:43:05.997176604-03:00","@version":"1","message":"200 OK GET /workflows/96679646-e35e-4f4b-a76c-a1f4cadd48aa","logger_name":"io.ktor.test","thread_name":"DefaultDispatcher-worker-4 @request#4635","level":"INFO","level_value":20000,"traceId":"00000000000000000000000000000000","spanId":"0000000000000000"}
{"@timestamp":"2026-10-09T11:43:06.000493079-03:00","@version":"1","message":"200 OK POST /workflows/run","logger_name":"io.ktor.test","thread_name":"DefaultDispatcher-worker-11 @request#4639","level":"INFO","level_value":20000,"traceId":"00000000000000000000000000000000","spanId":"0000000000000000"}
{"@timestamp":"2026-10-09T11:43:06.00400068-03:00","@version":"1","message":"200 OK GET /workflows/bd344cbf-def2-4608-b3a7-5527c2a5ebc4","logger_name":"io.ktor.test","thread_name":"DefaultDispatcher-worker-2 @request#4643","level":"INFO","level_value":20000,"traceId":"00000000000000000000000000000000","spanId":"0000000000000000"}
{"@timestamp":"2026-10-09T11:43:06.035659646-03:00","@version":"1","message":"node completed","logger_name":"run.trama.saga.workflow.TaskNodeHandler","thread_name":"DefaultDispatcher-worker-11 @coroutine#4611","level":"INFO","level_value":20000,"traceId":"00000000000000000000000000000000","spanId":"0000000000000000","sagaId":"bd344cbf-def2-4608-b3a7-5527c2a5ebc4","nodeId":"b","phase":"UP","status":500}
{"@timestamp":"2026-10-09T11:43:06.036444638-03:00","@version":"1","message":"compensation scheduled","logger_name":"run.trama.saga.workflow.WorkflowExecutor","thread_name":"DefaultDispatcher-worker-11 @coroutine#4611","level":"INFO","level_value":20000,"traceId":"00000000000000000000000000000000","spanId":"0000000000000000","sagaId":"bd344cbf-def2-4608-b3a7-5527c2a5ebc4","failedNodeId":"b"}
{"@timestamp":"2026-10-09T11:43:06.088135909-03:00","@version":"1","message":"saga finished","logger_name":"run.trama.saga.workflow.WorkflowExecutor","thread_name":"DefaultDispatcher-worker-2 @coroutine#4610","level":"INFO","level_value":20000,"traceId":"00000000000000000000000000000000","spanId":"0000000000000000","sagaId":"bd344cbf-def2-4608-b3a7-5527c2a5ebc4","sagaName":"same-nv-2ea4710f","status":"FAILED","durationMs":89}
{"@timestamp":"2026-10-09T11:43:06.209258247-03:00","@version":"1","message":"200 OK GET /workflows/bd344cbf-def2-4608-b3a7-5527c2a5ebc4","logger_name":"io.ktor.test","thread_name":"DefaultDispatcher-worker-11 @request#4650","level":"INFO","level_value":20000,"traceId":"00000000000000000000000000000000","spanId":"0000000000000000"}
{"@timestamp":"2026-10-09T11:43:06.234338959-03:00","@version":"1","message":"saga-db-pool - Shutdown initiated...","logger_name":"com.zaxxer.hikari.HikariDataSource","thread_name":"DefaultDispatcher-worker-11","level":"INFO","level_value":20000}
{"@timestamp":"2026-10-09T11:43:06.234764273-03:00","@version":"1","message":"saga-db-pool - Shutdown completed.","logger_name":"com.zaxxer.hikari.HikariDataSource","thread_name":"DefaultDispatcher-worker-11","level":"INFO","level_value":20000}
{"@timestamp":"2026-10-09T11:43:06.290247027-03:00","@version":"1","message":"Application started in 0.048 seconds.","logger_name":"io.ktor.test","thread_name":"DefaultDispatcher-worker-11 @call-context#4658","level":"INFO","level_value":20000}
{"@timestamp":"2026-10-09T11:43:06.290382787-03:00","@version":"1","message":"Responding at http://localhost:80","logger_name":"io.ktor.test","thread_name":"DefaultDispatcher-worker-1 @coroutine#4743","level":"INFO","level_value":20000}
{"@timestamp":"2026-10-09T11:43:06.290427232-03:00","@version":"1","message":"Responding at https://localhost:443","logger_name":"io.ktor.test","thread_name":"DefaultDispatcher-worker-1 @coroutine#4743","level":"INFO","level_value":20000}
{"@timestamp":"2026-10-09T11:43:06.297564626-03:00","@version":"1","message":"200 OK POST /workflows/run","logger_name":"io.ktor.test","thread_name":"DefaultDispatcher-worker-11 @request#4658","level":"INFO","level_value":20000,"traceId":"00000000000000000000000000000000","spanId":"0000000000000000"}
{"@timestamp":"2026-10-09T11:43:06.304930688-03:00","@version":"1","message":"200 OK GET /workflows/6b655dd1-b431-4330-bbc3-436b09391580","logger_name":"io.ktor.test","thread_name":"DefaultDispatcher-worker-1 @request#4750","level":"INFO","level_value":20000,"traceId":"00000000000000000000000000000000","spanId":"0000000000000000"}
{"@timestamp":"2026-10-09T11:43:06.356807474-03:00","@version":"1","message":"node completed","logger_name":"run.trama.saga.workflow.TaskNodeHandler","thread_name":"DefaultDispatcher-worker-6 @coroutine#4733","level":"INFO","level_value":20000,"traceId":"00000000000000000000000000000000","spanId":"0000000000000000","sagaId":"6b655dd1-b431-4330-bbc3-436b09391580","nodeId":"b","phase":"UP","status":500}
{"@timestamp":"2026-10-09T11:43:06.358267807-03:00","@version":"1","message":"compensation scheduled","logger_name":"run.trama.saga.workflow.WorkflowExecutor","thread_name":"DefaultDispatcher-worker-11 @coroutine#4733","level":"INFO","level_value":20000,"traceId":"00000000000000000000000000000000","spanId":"0000000000000000","sagaId":"6b655dd1-b431-4330-bbc3-436b09391580","failedNodeId":"b"}
{"@timestamp":"2026-10-09T11:43:06.406381113-03:00","@version":"1","message":"saga finished","logger_name":"run.trama.saga.workflow.WorkflowExecutor","thread_name":"DefaultDispatcher-worker-5 @coroutine#4732","level":"INFO","level_value":20000,"traceId":"00000000000000000000000000000000","spanId":"0000000000000000","sagaId":"6b655dd1-b431-4330-bbc3-436b09391580","sagaName":"steps-order-649ce955","status":"FAILED","durationMs":114}
{"@timestamp":"2026-10-09T11:43:06.509181781-03:00","@version":"1","message":"200 OK GET /workflows/6b655dd1-b431-4330-bbc3-436b09391580","logger_name":"io.ktor.test","thread_name":"DefaultDispatcher-worker-5 @request#4763","level":"INFO","level_value":20000,"traceId":"00000000000000000000000000000000","spanId":"0000000000000000"}
{"@timestamp":"2026-10-09T11:43:06.519549606-03:00","@version":"1","message":"200 OK GET /workflows/6b655dd1-b431-4330-bbc3-436b09391580/steps","logger_name":"io.ktor.test","thread_name":"DefaultDispatcher-worker-1 @request#4767","level":"INFO","level_value":20000,"traceId":"00000000000000000000000000000000","spanId":"0000000000000000"}
{"@timestamp":"2026-10-09T11:43:06.548798722-03:00","@version":"1","message":"saga-db-pool - Shutdown initiated...","logger_name":"com.zaxxer.hikari.HikariDataSource","thread_name":"DefaultDispatcher-worker-8","level":"INFO","level_value":20000,"traceId":"00000000000000000000000000000000","spanId":"0000000000000000"}
{"@timestamp":"2026-10-09T11:43:06.549295302-03:00","@version":"1","message":"saga-db-pool - Shutdown completed.","logger_name":"com.zaxxer.hikari.HikariDataSource","thread_name":"DefaultDispatcher-worker-8","level":"INFO","level_value":20000,"traceId":"00000000000000000000000000000000","spanId":"0000000000000000"}
{"@timestamp":"2026-10-09T11:43:06.60412152-03:00","@version":"1","message":"Application started in 0.047 seconds.","logger_name":"io.ktor.test","thread_name":"DefaultDispatcher-worker-8 @call-context#4775","level":"INFO","level_value":20000,"traceId":"00000000000000000000000000000000","spanId":"0000000000000000"}
{"@timestamp":"2026-10-09T11:43:06.604404742-03:00","@version":"1","message":"Responding at http://localhost:80","logger_name":"io.ktor.test","thread_name":"DefaultDispatcher-worker-9 @coroutine#4860","level":"INFO","level_value":20000}
{"@timestamp":"2026-10-09T11:43:06.60444565-03:00","@version":"1","message":"Responding at https://localhost:443","logger_name":"io.ktor.test","thread_name":"DefaultDispatcher-worker-9 @coroutine#4860","level":"INFO","level_value":20000}
{"@timestamp":"2026-10-09T11:43:06.612698048-03:00","@version":"1","message":"200 OK POST /workflows/run","logger_name":"io.ktor.test","thread_name":"DefaultDispatcher-worker-8 @request#4775","level":"INFO","level_value":20000,"traceId":"00000000000000000000000000000000","spanId":"0000000000000000"}
{"@timestamp":"2026-10-09T11:43:06.621612873-03:00","@version":"1","message":"200 OK GET /workflows/c038b607-e9b5-4105-9fb2-e751d983f42f","logger_name":"io.ktor.test","thread_name":"DefaultDispatcher-worker-7 @request#4867","level":"INFO","level_value":20000,"traceId":"00000000000000000000000000000000","spanId":"0000000000000000"}
{"@timestamp":"2026-10-09T11:43:06.671155763-03:00","@version":"1","message":"node completed","logger_name":"run.trama.saga.workflow.TaskNodeHandler","thread_name":"DefaultDispatcher-worker-8 @coroutine#4849","level":"INFO","level_value":20000,"traceId":"00000000000000000000000000000000","spanId":"0000000000000000","sagaId":"c038b607-e9b5-4105-9fb2-e751d983f42f","nodeId":"b","phase":"UP","status":500}
{"@timestamp":"2026-10-09T11:43:06.672446282-03:00","@version":"1","message":"compensation scheduled","logger_name":"run.trama.saga.workflow.WorkflowExecutor","thread_name":"DefaultDispatcher-worker-10 @coroutine#4849","level":"INFO","level_value":20000,"traceId":"00000000000000000000000000000000","spanId":"0000000000000000","sagaId":"c038b607-e9b5-4105-9fb2-e751d983f42f","failedNodeId":"b"}
{"@timestamp":"2026-10-09T11:43:06.723264462-03:00","@version":"1","message":"saga finished","logger_name":"run.trama.saga.workflow.WorkflowExecutor","thread_name":"DefaultDispatcher-worker-6 @coroutine#4850","level":"INFO","level_value":20000,"traceId":"00000000000000000000000000000000","spanId":"0000000000000000","sagaId":"c038b607-e9b5-4105-9fb2-e751d983f42f","sagaName":"steps-50ba77bf","status":"FAILED","durationMs":117}
{"@timestamp":"2026-10-09T11:43:06.826671851-03:00","@version":"1","message":"200 OK GET /workflows/c038b607-e9b5-4105-9fb2-e751d983f42f","logger_name":"io.ktor.test","thread_name":"DefaultDispatcher-worker-8 @request#4880","level":"INFO","level_value":20000,"traceId":"00000000000000000000000000000000","spanId":"0000000000000000"}
{"@timestamp":"2026-10-09T11:43:06.831002736-03:00","@version":"1","message":"200 OK GET /workflows/c038b607-e9b5-4105-9fb2-e751d983f42f/steps","logger_name":"io.ktor.test","thread_name":"DefaultDispatcher-worker-8 @request#4884","level":"INFO","level_value":20000,"traceId":"00000000000000000000000000000000","spanId":"0000000000000000"}
{"@timestamp":"2026-10-09T11:43:06.865671882-03:00","@version":"1","message":"saga-db-pool - Shutdown initiated...","logger_name":"com.zaxxer.hikari.HikariDataSource","thread_name":"DefaultDispatcher-worker-6","level":"INFO","level_value":20000}
{"@timestamp":"2026-10-09T11:43:06.866441675-03:00","@version":"1","message":"saga-db-pool - Shutdown completed.","logger_name":"com.zaxxer.hikari.HikariDataSource","thread_name":"DefaultDispatcher-worker-6","level":"INFO","level_value":20000}
{"@timestamp":"2026-10-09T11:43:06.962548967-03:00","@version":"1","message":"Application started in 0.083 seconds.","logger_name":"io.ktor.test","thread_name":"DefaultDispatcher-worker-6 @call-context#4892","level":"INFO","level_value":20000}
{"@timestamp":"2026-10-09T11:43:06.962753128-03:00","@version":"1","message":"Responding at http://localhost:80","logger_name":"io.ktor.test","thread_name":"DefaultDispatcher-worker-1 @coroutine#4977","level":"INFO","level_value":20000}
{"@timestamp":"2026-10-09T11:43:06.962808434-03:00","@version":"1","message":"Responding at https://localhost:443","logger_name":"io.ktor.test","thread_name":"DefaultDispatcher-worker-1 @coroutine#4977","level":"INFO","level_value":20000}
{"@timestamp":"2026-10-09T11:43:06.971573803-03:00","@version":"1","message":"200 OK POST /workflows/run","logger_name":"io.ktor.test","thread_name":"DefaultDispatcher-worker-6 @request#4892","level":"INFO","level_value":20000,"traceId":"00000000000000000000000000000000","spanId":"0000000000000000"}
{"@timestamp":"2026-10-09T11:43:06.982337424-03:00","@version":"1","message":"200 OK GET /workflows/c7142d83-e44c-4bf2-b8cc-6823a0095be2","logger_name":"io.ktor.test","thread_name":"DefaultDispatcher-worker-9 @request#4984","level":"INFO","level_value":20000,"traceId":"00000000000000000000000000000000","spanId":"0000000000000000"}
{"@timestamp":"2026-10-09T11:43:07.031330075-03:00","@version":"1","message":"saga sleeping","logger_name":"run.trama.saga.workflow.WorkflowExecutor","thread_name":"DefaultDispatcher-worker-6 @coroutine#4966","level":"INFO","level_value":20000,"traceId":"00000000000000000000000000000000","spanId":"0000000000000000","sagaId":"c7142d83-e44c-4bf2-b8cc-6823a0095be2","nodeId":"nap","wakeAt":"2026-10-09T14:43:08.528051834Z","delayMillis":1500}
{"@timestamp":"2026-10-09T11:43:07.187394633-03:00","@version":"1","message":"200 OK GET /workflows/c7142d83-e44c-4bf2-b8cc-6823a0095be2","logger_name":"io.ktor.test","thread_name":"DefaultDispatcher-worker-9 @request#4991","level":"INFO","level_value":20000,"traceId":"00000000000000000000000000000000","spanId":"0000000000000000"}
{"@timestamp":"2026-10-09T11:43:07.391584888-03:00","@version":"1","message":"200 OK GET /workflows/c7142d83-e44c-4bf2-b8cc-6823a0095be2","logger_name":"io.ktor.test","thread_name":"DefaultDispatcher-worker-9 @request#4995","level":"INFO","level_value":20000,"traceId":"00000000000000000000000000000000","spanId":"0000000000000000"}
{"@timestamp":"2026-10-09T11:43:07.596530367-03:00","@version":"1","message":"200 OK GET /workflows/c7142d83-e44c-4bf2-b8cc-6823a0095be2","logger_name":"io.ktor.test","thread_name":"DefaultDispatcher-worker-9 @request#4999","level":"INFO","level_value":20000,"traceId":"00000000000000000000000000000000","spanId":"0000000000000000"}
{"@timestamp":"2026-10-09T11:43:07.801677062-03:00","@version":"1","message":"200 OK GET /workflows/c7142d83-e44c-4bf2-b8cc-6823a0095be2","logger_name":"io.ktor.test","thread_name":"DefaultDispatcher-worker-3 @request#5003","level":"INFO","level_value":20000,"traceId":"00000000000000000000000000000000","spanId":"0000000000000000"}
{"@timestamp":"2026-10-09T11:43:08.006023565-03:00","@version":"1","message":"200 OK GET /workflows/c7142d83-e44c-4bf2-b8cc-6823a0095be2","logger_name":"io.ktor.test","thread_name":"DefaultDispatcher-worker-9 @request#5007","level":"INFO","level_value":20000,"traceId":"00000000000000000000000000000000","spanId":"0000000000000000"}
{"@timestamp":"2026-10-09T11:43:08.211158416-03:00","@version":"1","message":"200 OK GET /workflows/c7142d83-e44c-4bf2-b8cc-6823a0095be2","logger_name":"io.ktor.test","thread_name":"DefaultDispatcher-worker-6 @request#5011","level":"INFO","level_value":20000,"traceId":"00000000000000000000000000000000","spanId":"0000000000000000"}
{"@timestamp":"2026-10-09T11:43:08.416474573-03:00","@version":"1","message":"200 OK GET /workflows/c7142d83-e44c-4bf2-b8cc-6823a0095be2","logger_name":"io.ktor.test","thread_name":"DefaultDispatcher-worker-11 @request#5015","level":"INFO","level_value":20000,"traceId":"00000000000000000000000000000000","spanId":"0000000000000000"}
{"@timestamp":"2026-10-09T11:43:08.538595601-03:00","@version":"1","message":"saga waking up","logger_name":"run.trama.saga.workflow.WorkflowExecutor","thread_name":"DefaultDispatcher-worker-11 @coroutine#4967","level":"INFO","level_value":20000,"traceId":"00000000000000000000000000000000","spanId":"0000000000000000","sagaId":"c7142d83-e44c-4bf2-b8cc-6823a0095be2","nextNodeId":"b"}
{"@timestamp":"2026-10-09T11:43:08.551015816-03:00","@version":"1","message":"saga finished","logger_name":"run.trama.saga.workflow.WorkflowExecutor","thread_name":"DefaultDispatcher-worker-11 @coroutine#4967","level":"INFO","level_value":20000,"traceId":"00000000000000000000000000000000","spanId":"0000000000000000","sagaId":"c7142d83-e44c-4bf2-b8cc-6823a0095be2","sagaName":"latency-a28dda37","status":"SUCCEEDED","durationMs":1585}
{"@timestamp":"2026-10-09T11:43:08.621160816-03:00","@version":"1","message":"200 OK GET /workflows/c7142d83-e44c-4bf2-b8cc-6823a0095be2","logger_name":"io.ktor.test","thread_name":"DefaultDispatcher-worker-9 @request#5022","level":"INFO","level_value":20000,"traceId":"00000000000000000000000000000000","spanId":"0000000000000000"}
{"@timestamp":"2026-10-09T11:43:08.625403751-03:00","@version":"1","message":"200 OK GET /workflows/c7142d83-e44c-4bf2-b8cc-6823a0095be2/steps","logger_name":"io.ktor.test","thread_name":"DefaultDispatcher-worker-9 @request#5026","level":"INFO","level_value":20000,"traceId":"00000000000000000000000000000000","spanId":"0000000000000000"}
{"@timestamp":"2026-10-09T11:43:08.63629948-03:00","@version":"1","message":"saga-db-pool - Shutdown initiated...","logger_name":"com.zaxxer.hikari.HikariDataSource","thread_name":"DefaultDispatcher-worker-12","level":"INFO","level_value":20000}
{"@timestamp":"2026-10-09T11:43:08.636838882-03:00","@version":"1","message":"saga-db-pool - Shutdown completed.","logger_name":"com.zaxxer.hikari.HikariDataSource","thread_name":"DefaultDispatcher-worker-12","level":"INFO","level_value":20000}
{"@timestamp":"2026-10-09T11:43:08.696979947-03:00","@version":"1","message":"Application started in 0.052 seconds.","logger_name":"io.ktor.test","thread_name":"DefaultDispatcher-worker-12 @call-context#5034","level":"INFO","level_value":20000}
{"@timestamp":"2026-10-09T11:43:08.697150383-03:00","@version":"1","message":"Responding at http://localhost:80","logger_name":"io.ktor.test","thread_name":"DefaultDispatcher-worker-8 @coroutine#5119","level":"INFO","level_value":20000}
{"@timestamp":"2026-10-09T11:43:08.697204978-03:00","@version":"1","message":"Responding at https://localhost:443","logger_name":"io.ktor.test","thread_name":"DefaultDispatcher-worker-8 @coroutine#5119","level":"INFO","level_value":20000}
{"@timestamp":"2026-10-09T11:43:08.704762743-03:00","@version":"1","message":"200 OK POST /workflows/run","logger_name":"io.ktor.test","thread_name":"DefaultDispatcher-worker-12 @request#5034","level":"INFO","level_value":20000,"traceId":"00000000000000000000000000000000","spanId":"0000000000000000"}
{"@timestamp":"2026-10-09T11:43:08.71379607-03:00","@version":"1","message":"200 OK GET /workflows/8c734d8e-75c8-41ae-b818-0377403c69d9","logger_name":"io.ktor.test","thread_name":"DefaultDispatcher-worker-6 @request#5126","level":"INFO","level_value":20000,"traceId":"00000000000000000000000000000000","spanId":"0000000000000000"}
{"@timestamp":"2026-10-09T11:43:08.752325902-03:00","@version":"1","message":"compensation scheduled","logger_name":"run.trama.saga.workflow.WorkflowExecutor","thread_name":"DefaultDispatcher-worker-5 @coroutine#5109","level":"INFO","level_value":20000,"traceId":"00000000000000000000000000000000","spanId":"0000000000000000","sagaId":"8c734d8e-75c8-41ae-b818-0377403c69d9","failedNodeId":"a"}
{"@timestamp":"2026-10-09T11:43:08.807256242-03:00","@version":"1","message":"saga finished","logger_name":"run.trama.saga.workflow.WorkflowExecutor","thread_name":"DefaultDispatcher-worker-6 @coroutine#5108","level":"INFO","level_value":20000,"traceId":"00000000000000000000000000000000","spanId":"0000000000000000","sagaId":"8c734d8e-75c8-41ae-b818-0377403c69d9","sagaName":"query-750ac82c","status":"FAILED","durationMs":108}
{"@timestamp":"2026-10-09T11:43:08.917877536-03:00","@version":"1","message":"200 OK GET /workflows/8c734d8e-75c8-41ae-b818-0377403c69d9","logger_name":"io.ktor.test","thread_name":"DefaultDispatcher-worker-6 @request#5130","level":"INFO","level_value":20000,"traceId":"00000000000000000000000000000000","spanId":"0000000000000000"}
{"@timestamp":"2026-10-09T11:43:08.92147141-03:00","@version":"1","message":"200 OK POST /workflows/run","logger_name":"io.ktor.test","thread_name":"DefaultDispatcher-worker-10 @request#5134","level":"INFO","level_value":20000,"traceId":"00000000000000000000000000000000","spanId":"0000000000000000"}
{"@timestamp":"2026-10-09T11:43:08.924756453-03:00","@version":"1","message":"200 OK GET /workflows/67f13d03-1703-4246-b670-adad2725f433","logger_name":"io.ktor.test","thread_name":"DefaultDispatcher-worker-6 @request#5138","level":"INFO","level_value":20000,"traceId":"00000000000000000000000000000000","spanId":"0000000000000000"}
{"@timestamp":"2026-10-09T11:43:08.954624568-03:00","@version":"1","message":"compensation scheduled","logger_name":"run.trama.saga.workflow.WorkflowExecutor","thread_name":"DefaultDispatcher-worker-5 @coroutine#5109","level":"INFO","level_value":20000,"traceId":"00000000000000000000000000000000","spanId":"0000000000000000","sagaId":"67f13d03-1703-4246-b670-adad2725f433","failedNodeId":"a"}
{"@timestamp":"2026-10-09T11:43:09.006739502-03:00","@version":"1","message":"saga finished","logger_name":"run.trama.saga.workflow.WorkflowExecutor","thread_name":"DefaultDispatcher-worker-12 @coroutine#5108","level":"INFO","level_value":20000,"traceId":"00000000000000000000000000000000","spanId":"0000000000000000","sagaId":"67f13d03-1703-4246-b670-adad2725f433","sagaName":"query-750ac82c","status":"FAILED","durationMs":87}
{"@timestamp":"2026-10-09T11:43:09.129408238-03:00","@version":"1","message":"200 OK GET /workflows/67f13d03-1703-4246-b670-adad2725f433","logger_name":"io.ktor.test","thread_name":"DefaultDispatcher-worker-12 @request#5142","level":"INFO","level_value":20000,"traceId":"00000000000000000000000000000000","spanId":"0000000000000000"}
{"@timestamp":"2026-10-09T11:43:09.133049972-03:00","@version":"1","message":"200 OK POST /workflows/run","logger_name":"io.ktor.test","thread_name":"DefaultDispatcher-worker-12 @request#5146","level":"INFO","level_value":20000,"traceId":"00000000000000000000000000000000","spanId":"0000000000000000"}
{"@timestamp":"2026-10-09T11:43:09.137014944-03:00","@version":"1","message":"200 OK GET /workflows/d67307de-2e82-449f-8ff5-e862d36e00af","logger_name":"io.ktor.test","thread_name":"DefaultDispatcher-worker-5 @request#5150","level":"INFO","level_value":20000,"traceId":"00000000000000000000000000000000","spanId":"0000000000000000"}
{"@timestamp":"2026-10-09T11:43:09.15704545-03:00","@version":"1","message":"compensation scheduled","logger_name":"run.trama.saga.workflow.WorkflowExecutor","thread_name":"DefaultDispatcher-worker-11 @coroutine#5109","level":"INFO","level_value":20000,"traceId":"00000000000000000000000000000000","spanId":"0000000000000000","sagaId":"d67307de-2e82-449f-8ff5-e862d36e00af","failedNodeId":"a"}
{"@timestamp":"2026-10-09T11:43:09.210194489-03:00","@version":"1","message":"saga finished","logger_name":"run.trama.saga.workflow.WorkflowExecutor","thread_name":"DefaultDispatcher-worker-5 @coroutine#5108","level":"INFO","level_value":20000,"traceId":"00000000000000000000000000000000","spanId":"0000000000000000","sagaId":"d67307de-2e82-449f-8ff5-e862d36e00af","sagaName":"query-750ac82c","status":"FAILED","durationMs":79}
{"@timestamp":"2026-10-09T11:43:09.341308465-03:00","@version":"1","message":"200 OK GET /workflows/d67307de-2e82-449f-8ff5-e862d36e00af","logger_name":"io.ktor.test","thread_name":"DefaultDispatcher-worker-6 @request#5154","level":"INFO","level_value":20000,"traceId":"00000000000000000000000000000000","spanId":"0000000000000000"}
{"@timestamp":"2026-10-09T11:43:09.351807974-03:00","@version":"1","message":"200 OK GET /workflows?name=query-750ac82c","logger_name":"io.ktor.test","thread_name":"DefaultDispatcher-worker-12 @request#5158","level":"INFO","level_value":20000,"traceId":"00000000000000000000000000000000","spanId":"0000000000000000"}
{"@timestamp":"2026-10-09T11:43:09.356105733-03:00","@version":"1","message":"200 OK GET /workflows?name=query-750ac82c&status=FAILED","logger_name":"io.ktor.test","thread_name":"DefaultDispatcher-worker-12 @request#5162","level":"INFO","level_value":20000,"traceId":"00000000000000000000000000000000","spanId":"0000000000000000"}
{"@timestamp":"2026-10-09T11:43:09.368878228-03:00","@version":"1","message":"No ktor.deployment.watch patterns specified, automatic reload is not active.","logger_name":"io.ktor.test","thread_name":"DefaultDispatcher-worker-1 @call-context#5168","level":"INFO","level_value":20000}
{"@timestamp":"2026-10-09T11:43:09.374913831-03:00","@version":"1","message":"saga-db-pool - Starting...","logger_name":"com.zaxxer.hikari.HikariDataSource","thread_name":"DefaultDispatcher-worker-1 @coroutine#5169","level":"INFO","level_value":20000}
{"@timestamp":"2026-10-09T11:43:09.381141971-03:00","@version":"1","message":"saga-db-pool - Added connection org.postgresql.jdbc.PgConnection@49c8195a","logger_name":"com.zaxxer.hikari.pool.HikariPool","thread_name":"DefaultDispatcher-worker-1 @coroutine#5169","level":"INFO","level_value":20000}
{"@timestamp":"2026-10-09T11:43:09.38153352-03:00","@version":"1","message":"saga-db-pool - Start completed.","logger_name":"com.zaxxer.hikari.HikariDataSource","thread_name":"DefaultDispatcher-worker-1 @coroutine#5169","level":"INFO","level_value":20000}

UPDATE SUMMARY
Run:                          2
Previously run:               9
Filtered out:                 0
-------------------------------
Total change sets:           11

{"@timestamp":"2026-10-09T11:43:09.427343645-03:00","@version":"1","message":"Application started in 0.059 seconds.","logger_name":"io.ktor.test","thread_name":"DefaultDispatcher-worker-1 @call-context#5168","level":"INFO","level_value":20000}
{"@timestamp":"2026-10-09T11:43:09.427511205-03:00","@version":"1","message":"Responding at http://localhost:80","logger_name":"io.ktor.test","thread_name":"DefaultDispatcher-worker-9 @coroutine#5253","level":"INFO","level_value":20000}
{"@timestamp":"2026-10-09T11:43:09.427557915-03:00","@version":"1","message":"Responding at https://localhost:443","logger_name":"io.ktor.test","thread_name":"DefaultDispatcher-worker-9 @coroutine#5253","level":"INFO","level_value":20000}
{"@timestamp":"2026-10-09T11:43:09.42911373-03:00","@version":"1","message":"400 Bad Request GET /workflows/nope","logger_name":"io.ktor.test","thread_name":"DefaultDispatcher-worker-1 @request#5168","level":"INFO","level_value":20000,"traceId":"00000000000000000000000000000000","spanId":"0000000000000000"}
{"@timestamp":"2026-10-09T11:43:09.430892882-03:00","@version":"1","message":"400 Bad Request GET /workflows/nope/steps","logger_name":"io.ktor.test","thread_name":"DefaultDispatcher-worker-2 @request#5260","level":"INFO","level_value":20000,"traceId":"00000000000000000000000000000000","spanId":"0000000000000000"}
{"@timestamp":"2026-10-09T11:43:09.432475719-03:00","@version":"1","message":"400 Bad Request GET /workflows/nope/steps/calls","logger_name":"io.ktor.test","thread_name":"DefaultDispatcher-worker-2 @request#5264","level":"INFO","level_value":20000,"traceId":"00000000000000000000000000000000","spanId":"0000000000000000"}

> Task :test

E2EExecutionQueryTest > list filters by name and status and paginates newest first() FAILED
    org.opentest4j.AssertionFailedError at JUnitSupport.kt:32

{"@timestamp":"2026-10-09T11:43:09.44284029-03:00","@version":"1","message":"204 No Content GET /workflows/c8617dd9-f846-4133-b8c4-d2403cb6daef","logger_name":"io.ktor.test","thread_name":"DefaultDispatcher-worker-9 @request#5268","level":"INFO","level_value":20000,"traceId":"00000000000000000000000000000000","spanId":"0000000000000000"}
{"@timestamp":"2026-10-09T11:43:09.450662629-03:00","@version":"1","message":"200 OK GET /workflows/c8617dd9-f846-4133-b8c4-d2403cb6daef/steps","logger_name":"io.ktor.test","thread_name":"DefaultDispatcher-worker-11 @request#5269","level":"INFO","level_value":20000,"traceId":"00000000000000000000000000000000","spanId":"0000000000000000"}
{"@timestamp":"2026-10-09T11:43:09.464558823-03:00","@version":"1","message":"200 OK GET /workflows/c8617dd9-f846-4133-b8c4-d2403cb6daef/steps/calls","logger_name":"io.ktor.test","thread_name":"DefaultDispatcher-worker-4 @request#5273","level":"INFO","level_value":20000,"traceId":"00000000000000000000000000000000","spanId":"0000000000000000"}
{"@timestamp":"2026-10-09T11:43:09.48861134-03:00","@version":"1","message":"saga-db-pool - Shutdown initiated...","logger_name":"com.zaxxer.hikari.HikariDataSource","thread_name":"DefaultDispatcher-worker-11","level":"INFO","level_value":20000}
{"@timestamp":"2026-10-09T11:43:09.489106197-03:00","@version":"1","message":"saga-db-pool - Shutdown completed.","logger_name":"com.zaxxer.hikari.HikariDataSource","thread_name":"DefaultDispatcher-worker-11","level":"INFO","level_value":20000}
{"@timestamp":"2026-10-09T11:43:09.49949836-03:00","@version":"1","message":"No ktor.deployment.watch patterns specified, automatic reload is not active.","logger_name":"io.ktor.test","thread_name":"DefaultDispatcher-worker-11 @call-context#5281","level":"INFO","level_value":20000}
{"@timestamp":"2026-10-09T11:43:09.509319081-03:00","@version":"1","message":"saga-db-pool - Starting...","logger_name":"com.zaxxer.hikari.HikariDataSource","thread_name":"DefaultDispatcher-worker-11 @coroutine#5282","level":"INFO","level_value":20000}
{"@timestamp":"2026-10-09T11:43:09.515491635-03:00","@version":"1","message":"saga-db-pool - Added connection org.postgresql.jdbc.PgConnection@195baaa1","logger_name":"com.zaxxer.hikari.pool.HikariPool","thread_name":"DefaultDispatcher-worker-11 @coroutine#5282","level":"INFO","level_value":20000}
{"@timestamp":"2026-10-09T11:43:09.51581359-03:00","@version":"1","message":"saga-db-pool - Start completed.","logger_name":"com.zaxxer.hikari.HikariDataSource","thread_name":"DefaultDispatcher-worker-11 @coroutine#5282","level":"INFO","level_value":20000}

UPDATE SUMMARY
Run:                          2
Previously run:               9
Filtered out:                 0
-------------------------------
Total change sets:           11

{"@timestamp":"2026-10-09T11:43:09.563135937-03:00","@version":"1","message":"Application started in 0.064 seconds.","logger_name":"io.ktor.test","thread_name":"DefaultDispatcher-worker-11 @call-context#5281","level":"INFO","level_value":20000}
{"@timestamp":"2026-10-09T11:43:09.563309509-03:00","@version":"1","message":"Responding at http://localhost:80","logger_name":"io.ktor.test","thread_name":"DefaultDispatcher-worker-3 @coroutine#5366","level":"INFO","level_value":20000}
{"@timestamp":"2026-10-09T11:43:09.563347782-03:00","@version":"1","message":"Responding at https://localhost:443","logger_name":"io.ktor.test","thread_name":"DefaultDispatcher-worker-3 @coroutine#5366","level":"INFO","level_value":20000}
{"@timestamp":"2026-10-09T11:43:09.572198638-03:00","@version":"1","message":"200 OK POST /workflows/run","logger_name":"io.ktor.test","thread_name":"DefaultDispatcher-worker-11 @request#5281","level":"INFO","level_value":20000,"traceId":"00000000000000000000000000000000","spanId":"0000000000000000"}
{"@timestamp":"2026-10-09T11:43:09.582455744-03:00","@version":"1","message":"200 OK GET /workflows/b5d54a65-a781-47b7-b70b-d0ac2009aa8f","logger_name":"io.ktor.test","thread_name":"DefaultDispatcher-worker-3 @request#5373","level":"INFO","level_value":20000,"traceId":"00000000000000000000000000000000","spanId":"0000000000000000"}
{"@timestamp":"2026-10-09T11:43:09.624061077-03:00","@version":"1","message":"node completed","logger_name":"run.trama.saga.workflow.TaskNodeHandler","thread_name":"DefaultDispatcher-worker-3 @coroutine#5109","level":"INFO","level_value":20000,"traceId":"00000000000000000000000000000000","spanId":"0000000000000000","sagaId":"b5d54a65-a781-47b7-b70b-d0ac2009aa8f","nodeId":"b","phase":"UP","status":500}
{"@timestamp":"2026-10-09T11:43:09.625142576-03:00","@version":"1","message":"retry scheduled","logger_name":"run.trama.saga.workflow.WorkflowExecutor","thread_name":"DefaultDispatcher-worker-3 @coroutine#5109","level":"INFO","level_value":20000,"traceId":"00000000000000000000000000000000","spanId":"0000000000000000","sagaId":"b5d54a65-a781-47b7-b70b-d0ac2009aa8f","delayMillis":10,"attempt":1}
{"@timestamp":"2026-10-09T11:43:09.668356556-03:00","@version":"1","message":"node completed","logger_name":"run.trama.saga.workflow.TaskNodeHandler","thread_name":"DefaultDispatcher-worker-9 @coroutine#5108","level":"INFO","level_value":20000,"traceId":"00000000000000000000000000000000","spanId":"0000000000000000","sagaId":"b5d54a65-a781-47b7-b70b-d0ac2009aa8f","nodeId":"b","phase":"UP","status":500}
{"@timestamp":"2026-10-09T11:43:09.669313296-03:00","@version":"1","message":"compensation scheduled","logger_name":"run.trama.saga.workflow.WorkflowExecutor","thread_name":"DefaultDispatcher-worker-11 @coroutine#5108","level":"INFO","level_value":20000,"traceId":"00000000000000000000000000000000","spanId":"0000000000000000","sagaId":"b5d54a65-a781-47b7-b70b-d0ac2009aa8f","failedNodeId":"b"}
{"@timestamp":"2026-10-09T11:43:09.723769565-03:00","@version":"1","message":"saga finished","logger_name":"run.trama.saga.workflow.WorkflowExecutor","thread_name":"DefaultDispatcher-worker-9 @coroutine#5109","level":"INFO","level_value":20000,"traceId":"00000000000000000000000000000000","spanId":"0000000000000000","sagaId":"b5d54a65-a781-47b7-b70b-d0ac2009aa8f","sagaName":"calls-58758a4a","status":"FAILED","durationMs":158}
{"@timestamp":"2026-10-09T11:43:09.787100596-03:00","@version":"1","message":"200 OK GET /workflows/b5d54a65-a781-47b7-b70b-d0ac2009aa8f","logger_name":"io.ktor.test","thread_name":"DefaultDispatcher-worker-11 @request#5389","level":"INFO","level_value":20000,"traceId":"00000000000000000000000000000000","spanId":"0000000000000000"}
{"@timestamp":"2026-10-09T11:43:09.795390179-03:00","@version":"1","message":"200 OK GET /workflows/b5d54a65-a781-47b7-b70b-d0ac2009aa8f/steps/calls","logger_name":"io.ktor.test","thread_name":"DefaultDispatcher-worker-12 @request#5393","level":"INFO","level_value":20000,"traceId":"00000000000000000000000000000000","spanId":"0000000000000000"}
{"@timestamp":"2026-10-09T11:43:09.823974061-03:00","@version":"1","message":"saga-db-pool - Shutdown initiated...","logger_name":"com.zaxxer.hikari.HikariDataSource","thread_name":"DefaultDispatcher-worker-11","level":"INFO","level_value":20000}
{"@timestamp":"2026-10-09T11:43:09.824388604-03:00","@version":"1","message":"saga-db-pool - Shutdown completed.","logger_name":"com.zaxxer.hikari.HikariDataSource","thread_name":"DefaultDispatcher-worker-11","level":"INFO","level_value":20000}
{"@timestamp":"2026-10-09T11:43:09.832771525-03:00","@version":"1","message":"No ktor.deployment.watch patterns specified, automatic reload is not active.","logger_name":"io.ktor.test","thread_name":"DefaultDispatcher-worker-11 @call-context#5401","level":"INFO","level_value":20000}
{"@timestamp":"2026-10-09T11:43:09.837572657-03:00","@version":"1","message":"saga-db-pool - Starting...","logger_name":"com.zaxxer.hikari.HikariDataSource","thread_name":"DefaultDispatcher-worker-11 @coroutine#5402","level":"INFO","level_value":20000}
{"@timestamp":"2026-10-09T11:43:09.842393666-03:00","@version":"1","message":"saga-db-pool - Added connection org.postgresql.jdbc.PgConnection@3490a40f","logger_name":"com.zaxxer.hikari.pool.HikariPool","thread_name":"DefaultDispatcher-worker-11 @coroutine#5402","level":"INFO","level_value":20000}
{"@timestamp":"2026-10-09T11:43:09.842669604-03:00","@version":"1","message":"saga-db-pool - Start completed.","logger_name":"com.zaxxer.hikari.HikariDataSource","thread_name":"DefaultDispatcher-worker-11 @coroutine#5402","level":"INFO","level_value":20000}

UPDATE SUMMARY
Run:                          2
Previously run:               9
Filtered out:                 0
-------------------------------
Total change sets:           11

{"@timestamp":"2026-10-09T11:43:09.896733663-03:00","@version":"1","message":"Application started in 0.064 seconds.","logger_name":"io.ktor.test","thread_name":"DefaultDispatcher-worker-11 @call-context#5401","level":"INFO","level_value":20000}
{"@timestamp":"2026-10-09T11:43:09.897014911-03:00","@version":"1","message":"Responding at http://localhost:80","logger_name":"io.ktor.test","thread_name":"DefaultDispatcher-worker-2 @coroutine#5486","level":"INFO","level_value":20000}
{"@timestamp":"2026-10-09T11:43:09.89706124-03:00","@version":"1","message":"Responding at https://localhost:443","logger_name":"io.ktor.test","thread_name":"DefaultDispatcher-worker-2 @coroutine#5486","level":"INFO","level_value":20000}
{"@timestamp":"2026-10-09T11:43:09.899145486-03:00","@version":"1","message":"404 Not Found GET /metrics","logger_name":"io.ktor.test","thread_name":"DefaultDispatcher-worker-11 @request#5401","level":"INFO","level_value":20000,"traceId":"00000000000000000000000000000000","spanId":"0000000000000000"}
{"@timestamp":"2026-10-09T11:43:09.907638457-03:00","@version":"1","message":"partition maintenance failed","logger_name":"run.trama.runtime.PartitionMaintenance","thread_name":"DefaultDispatcher-worker-4 @coroutine#5477","level":"WARN","level_value":30000,"stack_trace":"kotlinx.coroutines.JobCancellationException: StandaloneCoroutine was cancelled; job=\"coroutine#5477\":StandaloneCoroutine{Cancelling}@34a1f8f1\n\tat kotlinx.coroutines.JobSupport.cancel(JobSupport.kt:1682)\n\tat kotlinx.coroutines.Job.cancel$default(Job.kt:207)\n\tat run.trama.runtime.RuntimeBootstrap$stop$1.invokeSuspend(RuntimeBootstrap.kt:326)\n\tat _COROUTINE._BOUNDARY._(CoroutineDebugging.kt:42)\n\tat run.trama.runtime.PartitionMaintenance.runLoop(PartitionMaintenance.kt:24)\n\tat run.trama.runtime.RuntimeBootstrap$startWorkers$7.invokeSuspend(RuntimeBootstrap.kt:212)\nCaused by: kotlinx.coroutines.JobCancellationException: StandaloneCoroutine was cancelled; job=\"coroutine#5477\":StandaloneCoroutine{Cancelling}@34a1f8f1\n\tat kotlinx.coroutines.JobSupport.cancel(JobSupport.kt:1682)\n\tat kotlinx.coroutines.Job.cancel$default(Job.kt:207)\n\tat run.trama.runtime.RuntimeBootstrap$stop$1.invokeSuspend(RuntimeBootstrap.kt:326)\n\tat kotlin.coroutines.jvm.internal.BaseContinuationImpl.resumeWith(ContinuationImpl.kt:34)\n\tat kotlinx.coroutines.DispatchedTask.run(DispatchedTask.kt:100)\n\tat kotlinx.coroutines.EventLoopImplBase.processNextEvent(EventLoop.common.kt:256)\n\tat kotlinx.coroutines.BlockingCoroutine.joinBlocking(Builders.kt:54)\n\tat kotlinx.coroutines.BuildersKt__BuildersKt.runBlockingImpl(Builders.kt:30)\n\tat kotlinx.coroutines.BuildersKt.runBlockingImpl(Unknown Source)\n\tat kotlinx.coroutines.BuildersKt__Builders_concurrentKt.runBlockingK(Builders.concurrent.kt:172)\n\tat kotlinx.coroutines.BuildersKt.runBlockingK(Unknown Source)\n\tat kotlinx.coroutines.BuildersKt__Builders_concurrentKt.runBlockingK$default(Builders.concurrent.kt:157)\n\tat kotlinx.coroutines.BuildersKt.runBlockingK$default(Unknown Source)\n\tat run.trama.runtime.RuntimeBootstrap.stop(RuntimeBootstrap.kt:322)\n\tat run.trama.app.ApplicationKt.module$lambda$2(Application.kt:134)\n\tat io.ktor.events.Events.raise(Events.kt:52)\n\tat io.ktor.server.engine.EmbeddedServer.safeRaiseEvent(EmbeddedServerJvm.kt:287)\n\tat io.ktor.server.engine.EmbeddedServer.destroyApplication(EmbeddedServerJvm.kt:300)\n\tat io.ktor.server.engine.EmbeddedServer.stop(EmbeddedServerJvm.kt:411)\n\tat io.ktor.server.engine.EmbeddedServer.stop(EmbeddedServerJvm.kt:419)\n\tat io.ktor.server.engine.EmbeddedServer$stopSuspend$2.invokeSuspend(EmbeddedServerJvm.kt:423)\n\tat kotlin.coroutines.jvm.internal.BaseContinuationImpl.resumeWith(ContinuationImpl.kt:34)\n\tat kotlinx.coroutines.DispatchedTask.run(DispatchedTask.kt:100)\n\tat kotlinx.coroutines.internal.LimitedDispatcher$Worker.run(LimitedDispatcher.kt:124)\n\tat kotlinx.coroutines.scheduling.TaskImpl.run(Tasks.kt:89)\n\tat kotlinx.coroutines.scheduling.CoroutineScheduler.runSafely(CoroutineScheduler.kt:586)\n\tat kotlinx.coroutines.scheduling.CoroutineScheduler$Worker.executeTask(CoroutineScheduler.kt:798)\n\tat kotlinx.coroutines.scheduling.CoroutineScheduler$Worker.runWorker(CoroutineScheduler.kt:717)\n\tat kotlinx.coroutines.scheduling.CoroutineScheduler$Worker.run(CoroutineScheduler.kt:704)\n","enabled":true}
{"@timestamp":"2026-10-09T11:43:10.902950671-03:00","@version":"1","message":"saga-db-pool - Shutdown initiated...","logger_name":"com.zaxxer.hikari.HikariDataSource","thread_name":"DefaultDispatcher-worker-6","level":"INFO","level_value":20000}
{"@timestamp":"2026-10-09T11:43:10.903463401-03:00","@version":"1","message":"saga-db-pool - Shutdown completed.","logger_name":"com.zaxxer.hikari.HikariDataSource","thread_name":"DefaultDispatcher-worker-6","level":"INFO","level_value":20000}
{"@timestamp":"2026-10-09T11:43:10.912713989-03:00","@version":"1","message":"No ktor.deployment.watch patterns specified, automatic reload is not active.","logger_name":"io.ktor.test","thread_name":"DefaultDispatcher-worker-6 @call-context#5494","level":"INFO","level_value":20000}
{"@timestamp":"2026-10-09T11:43:10.917847785-03:00","@version":"1","message":"Publishing metrics for LoggingMeterRegistry every 1m","logger_name":"io.micrometer.core.instrument.push.PushMeterRegistry","thread_name":"DefaultDispatcher-worker-6 @coroutine#5495","level":"INFO","level_value":20000}
{"@timestamp":"2026-10-09T11:43:10.919970735-03:00","@version":"1","message":"saga-db-pool - Starting...","logger_name":"com.zaxxer.hikari.HikariDataSource","thread_name":"DefaultDispatcher-worker-6 @coroutine#5495","level":"INFO","level_value":20000}
{"@timestamp":"2026-10-09T11:43:10.924971166-03:00","@version":"1","message":"saga-db-pool - Added connection org.postgresql.jdbc.PgConnection@2289cad","logger_name":"com.zaxxer.hikari.pool.HikariPool","thread_name":"DefaultDispatcher-worker-6 @coroutine#5495","level":"INFO","level_value":20000}
{"@timestamp":"2026-10-09T11:43:10.925432047-03:00","@version":"1","message":"saga-db-pool - Start completed.","logger_name":"com.zaxxer.hikari.HikariDataSource","thread_name":"DefaultDispatcher-worker-6 @coroutine#5495","level":"INFO","level_value":20000}

UPDATE SUMMARY
Run:                          2
Previously run:               9
Filtered out:                 0
-------------------------------
Total change sets:           11

{"@timestamp":"2026-10-09T11:43:10.966117773-03:00","@version":"1","message":"Application started in 0.054 seconds.","logger_name":"io.ktor.test","thread_name":"DefaultDispatcher-worker-6 @call-context#5494","level":"INFO","level_value":20000}
{"@timestamp":"2026-10-09T11:43:10.966301434-03:00","@version":"1","message":"Responding at http://localhost:80","logger_name":"io.ktor.test","thread_name":"DefaultDispatcher-worker-11 @coroutine#5579","level":"INFO","level_value":20000}
{"@timestamp":"2026-10-09T11:43:10.966336852-03:00","@version":"1","message":"Responding at https://localhost:443","logger_name":"io.ktor.test","thread_name":"DefaultDispatcher-worker-11 @coroutine#5579","level":"INFO","level_value":20000}
{"@timestamp":"2026-10-09T11:43:10.975257068-03:00","@version":"1","message":"200 OK POST /workflows/run","logger_name":"io.ktor.test","thread_name":"DefaultDispatcher-worker-6 @request#5494","level":"INFO","level_value":20000,"traceId":"00000000000000000000000000000000","spanId":"0000000000000000"}
{"@timestamp":"2026-10-09T11:43:10.985632427-03:00","@version":"1","message":"200 OK GET /workflows/51fd2745-e0aa-441f-993d-ec73cd1eb86c","logger_name":"io.ktor.test","thread_name":"DefaultDispatcher-worker-5 @request#5586","level":"INFO","level_value":20000,"traceId":"00000000000000000000000000000000","spanId":"0000000000000000"}
{"@timestamp":"2026-10-09T11:43:11.040969126-03:00","@version":"1","message":"saga finished","logger_name":"run.trama.saga.workflow.WorkflowExecutor","thread_name":"DefaultDispatcher-worker-3 @coroutine#5568","level":"INFO","level_value":20000,"traceId":"00000000000000000000000000000000","spanId":"0000000000000000","sagaId":"51fd2745-e0aa-441f-993d-ec73cd1eb86c","sagaName":"metrics-enq-3644f599","status":"SUCCEEDED","durationMs":72}
{"@timestamp":"2026-10-09T11:43:11.191153137-03:00","@version":"1","message":"200 OK GET /workflows/51fd2745-e0aa-441f-993d-ec73cd1eb86c","logger_name":"io.ktor.test","thread_name":"DefaultDispatcher-worker-3 @request#5593","level":"INFO","level_value":20000,"traceId":"00000000000000000000000000000000","spanId":"0000000000000000"}
{"@timestamp":"2026-10-09T11:43:11.21071167-03:00","@version":"1","message":"200 OK GET /metrics","logger_name":"io.ktor.test","thread_name":"DefaultDispatcher-worker-3 @request#5597","level":"INFO","level_value":20000,"traceId":"00000000000000000000000000000000","spanId":"0000000000000000"}
{"@timestamp":"2026-10-09T11:43:11.225954853-03:00","@version":"1","message":"saga-db-pool - Shutdown initiated...","logger_name":"com.zaxxer.hikari.HikariDataSource","thread_name":"DefaultDispatcher-worker-3","level":"INFO","level_value":20000}
{"@timestamp":"2026-10-09T11:43:11.226417397-03:00","@version":"1","message":"saga-db-pool - Shutdown completed.","logger_name":"com.zaxxer.hikari.HikariDataSource","thread_name":"DefaultDispatcher-worker-3","level":"INFO","level_value":20000}
{"@timestamp":"2026-10-09T11:43:11.233107668-03:00","@version":"1","message":"No ktor.deployment.watch patterns specified, automatic reload is not active.","logger_name":"io.ktor.test","thread_name":"DefaultDispatcher-worker-3 @call-context#5605","level":"INFO","level_value":20000}
{"@timestamp":"2026-10-09T11:43:11.238531006-03:00","@version":"1","message":"saga-db-pool - Starting...","logger_name":"com.zaxxer.hikari.HikariDataSource","thread_name":"DefaultDispatcher-worker-3 @coroutine#5606","level":"INFO","level_value":20000}
{"@timestamp":"2026-10-09T11:43:11.242700648-03:00","@version":"1","message":"saga-db-pool - Added connection org.postgresql.jdbc.PgConnection@5396a93f","logger_name":"com.zaxxer.hikari.pool.HikariPool","thread_name":"DefaultDispatcher-worker-3 @coroutine#5606","level":"INFO","level_value":20000}
{"@timestamp":"2026-10-09T11:43:11.242960215-03:00","@version":"1","message":"saga-db-pool - Start completed.","logger_name":"com.zaxxer.hikari.HikariDataSource","thread_name":"DefaultDispatcher-worker-3 @coroutine#5606","level":"INFO","level_value":20000}
Running Changeset: db/changelog/db.changelog-master.xml::001b-init-partitions::codex
relation "saga_execution_202609" already exists, skipping
relation "saga_step_result_202609" already exists, skipping
relation "saga_step_call_202609" already exists, skipping
relation "saga_execution_202610" already exists, skipping
relation "saga_step_result_202610" already exists, skipping
relation "saga_step_call_202610" already exists, skipping
relation "saga_execution_202611" already exists, skipping
relation "saga_step_result_202611" already exists, skipping
relation "saga_step_call_202611" already exists, skipping
relation "saga_execution_202612" already exists, skipping
relation "saga_step_result_202612" already exists, skipping
relation "saga_step_call_202612" already exists, skipping
relation "saga_execution_202701" already exists, skipping
relation "saga_step_result_202701" already exists, skipping
relation "saga_step_call_202701" already exists, skipping
relation "saga_execution_202702" already exists, skipping
relation "saga_step_result_202702" already exists, skipping
relation "saga_step_call_202702" already exists, skipping
relation "saga_execution_202703" already exists, skipping
relation "saga_step_result_202703" already exists, skipping
relation "saga_step_call_202703" already exists, skipping
relation "saga_execution_202704" already exists, skipping
relation "saga_step_result_202704" already exists, skipping
relation "saga_step_call_202704" already exists, skipping
relation "saga_execution_202705" already exists, skipping
relation "saga_step_result_202705" already exists, skipping
relation "saga_step_call_202705" already exists, skipping
relation "saga_execution_202706" already exists, skipping
relation "saga_step_result_202706" already exists, skipping
relation "saga_step_call_202706" already exists, skipping
relation "saga_execution_202707" already exists, skipping
relation "saga_step_result_202707" already exists, skipping
relation "saga_step_call_202707" already exists, skipping
relation "saga_execution_202708" already exists, skipping
relation "saga_step_result_202708" already exists, skipping
relation "saga_step_call_202708" already exists, skipping
relation "saga_execution_202709" already exists, skipping
relation "saga_step_result_202709" already exists, skipping
relation "saga_step_call_202709" already exists, skipping
relation "saga_execution_202710" already exists, skipping
relation "saga_step_result_202710" already exists, skipping
relation "saga_step_call_202710" already exists, skipping
Running Changeset: db/changelog/db.changelog-master.xml::004b-step-call-partitions::trama
relation "saga_execution_202609" already exists, skipping
relation "saga_step_result_202609" already exists, skipping
relation "saga_step_call_202609" already exists, skipping
relation "saga_execution_202610" already exists, skipping
relation "saga_step_result_202610" already exists, skipping
relation "saga_step_call_202610" already exists, skipping
relation "saga_execution_202611" already exists, skipping
relation "saga_step_result_202611" already exists, skipping
relation "saga_step_call_202611" already exists, skipping
relation "saga_execution_202612" already exists, skipping
relation "saga_step_result_202612" already exists, skipping
relation "saga_step_call_202612" already exists, skipping
relation "saga_execution_202701" already exists, skipping
relation "saga_step_result_202701" already exists, skipping
relation "saga_step_call_202701" already exists, skipping
relation "saga_execution_202702" already exists, skipping
relation "saga_step_result_202702" already exists, skipping
relation "saga_step_call_202702" already exists, skipping
relation "saga_execution_202703" already exists, skipping
relation "saga_step_result_202703" already exists, skipping
relation "saga_step_call_202703" already exists, skipping
relation "saga_execution_202704" already exists, skipping
relation "saga_step_result_202704" already exists, skipping
relation "saga_step_call_202704" already exists, skipping
relation "saga_execution_202705" already exists, skipping
relation "saga_step_result_202705" already exists, skipping
relation "saga_step_call_202705" already exists, skipping
relation "saga_execution_202706" already exists, skipping
relation "saga_step_result_202706" already exists, skipping
relation "saga_step_call_202706" already exists, skipping
relation "saga_execution_202707" already exists, skipping
relation "saga_step_result_202707" already exists, skipping
relation "saga_step_call_202707" already exists, skipping
relation "saga_execution_202708" already exists, skipping
relation "saga_step_result_202708" already exists, skipping
relation "saga_step_call_202708" already exists, skipping
relation "saga_execution_202709" already exists, skipping
relation "saga_step_result_202709" already exists, skipping
relation "saga_step_call_202709" already exists, skipping
relation "saga_execution_202710" already exists, skipping
relation "saga_step_result_202710" already exists, skipping
relation "saga_step_call_202710" already exists, skipping

UPDATE SUMMARY
Run:                          2
Previously run:               9
Filtered out:                 0
-------------------------------
Total change sets:           11

Liquibase: Update has been successful. Rows affected: 0
{"@timestamp":"2026-10-09T11:43:11.290691029-03:00","@version":"1","message":"Application started in 0.057 seconds.","logger_name":"io.ktor.test","thread_name":"DefaultDispatcher-worker-3 @call-context#5605","level":"INFO","level_value":20000}
{"@timestamp":"2026-10-09T11:43:11.290830004-03:00","@version":"1","message":"Responding at http://localhost:80","logger_name":"io.ktor.test","thread_name":"DefaultDispatcher-worker-11 @coroutine#5690","level":"INFO","level_value":20000}
{"@timestamp":"2026-10-09T11:43:11.290870241-03:00","@version":"1","message":"Responding at https://localhost:443","logger_name":"io.ktor.test","thread_name":"DefaultDispatcher-worker-11 @coroutine#5690","level":"INFO","level_value":20000}
{"@timestamp":"2026-10-09T11:43:11.291841528-03:00","@version":"1","message":"200 OK GET /healthz","logger_name":"io.ktor.test","thread_name":"DefaultDispatcher-worker-3 @request#5605","level":"INFO","level_value":20000,"traceId":"00000000000000000000000000000000","spanId":"0000000000000000"}
{"@timestamp":"2026-10-09T11:43:11.293715321-03:00","@version":"1","message":"200 OK GET /readyz","logger_name":"io.ktor.test","thread_name":"DefaultDispatcher-worker-6 @request#5697","level":"INFO","level_value":20000,"traceId":"00000000000000000000000000000000","spanId":"0000000000000000"}
{"@timestamp":"2026-10-09T11:43:11.296444799-03:00","@version":"1","message":"partition maintenance failed","logger_name":"run.trama.runtime.PartitionMaintenance","thread_name":"DefaultDispatcher-worker-4 @coroutine#5681","level":"WARN","level_value":30000,"stack_trace":"kotlinx.coroutines.JobCancellationException: StandaloneCoroutine was cancelled; job=\"coroutine#5681\":StandaloneCoroutine{Cancelling}@3bea886c\n\tat kotlinx.coroutines.JobSupport.cancel(JobSupport.kt:1682)\n\tat kotlinx.coroutines.Job.cancel$default(Job.kt:207)\n\tat run.trama.runtime.RuntimeBootstrap$stop$1.invokeSuspend(RuntimeBootstrap.kt:326)\n\tat _COROUTINE._BOUNDARY._(CoroutineDebugging.kt:42)\n\tat run.trama.runtime.PartitionMaintenance.runLoop(PartitionMaintenance.kt:24)\n\tat run.trama.runtime.RuntimeBootstrap$startWorkers$7.invokeSuspend(RuntimeBootstrap.kt:212)\nCaused by: kotlinx.coroutines.JobCancellationException: StandaloneCoroutine was cancelled; job=\"coroutine#5681\":StandaloneCoroutine{Cancelling}@3bea886c\n\tat kotlinx.coroutines.JobSupport.cancel(JobSupport.kt:1682)\n\tat kotlinx.coroutines.Job.cancel$default(Job.kt:207)\n\tat run.trama.runtime.RuntimeBootstrap$stop$1.invokeSuspend(RuntimeBootstrap.kt:326)\n\tat kotlin.coroutines.jvm.internal.BaseContinuationImpl.resumeWith(ContinuationImpl.kt:34)\n\tat kotlinx.coroutines.DispatchedTask.run(DispatchedTask.kt:100)\n\tat kotlinx.coroutines.EventLoopImplBase.processNextEvent(EventLoop.common.kt:256)\n\tat kotlinx.coroutines.BlockingCoroutine.joinBlocking(Builders.kt:54)\n\tat kotlinx.coroutines.BuildersKt__BuildersKt.runBlockingImpl(Builders.kt:30)\n\tat kotlinx.coroutines.BuildersKt.runBlockingImpl(Unknown Source)\n\tat kotlinx.coroutines.BuildersKt__Builders_concurrentKt.runBlockingK(Builders.concurrent.kt:172)\n\tat kotlinx.coroutines.BuildersKt.runBlockingK(Unknown Source)\n\tat kotlinx.coroutines.BuildersKt__Builders_concurrentKt.runBlockingK$default(Builders.concurrent.kt:157)\n\tat kotlinx.coroutines.BuildersKt.runBlockingK$default(Unknown Source)\n\tat run.trama.runtime.RuntimeBootstrap.stop(RuntimeBootstrap.kt:322)\n\tat run.trama.app.ApplicationKt.module$lambda$2(Application.kt:134)\n\tat io.ktor.events.Events.raise(Events.kt:52)\n\tat io.ktor.server.engine.EmbeddedServer.safeRaiseEvent(EmbeddedServerJvm.kt:287)\n\tat io.ktor.server.engine.EmbeddedServer.destroyApplication(EmbeddedServerJvm.kt:300)\n\tat io.ktor.server.engine.EmbeddedServer.stop(EmbeddedServerJvm.kt:411)\n\tat io.ktor.server.engine.EmbeddedServer.stop(EmbeddedServerJvm.kt:419)\n\tat io.ktor.server.engine.EmbeddedServer$stopSuspend$2.invokeSuspend(EmbeddedServerJvm.kt:423)\n\tat kotlin.coroutines.jvm.internal.BaseContinuationImpl.resumeWith(ContinuationImpl.kt:34)\n\tat kotlinx.coroutines.DispatchedTask.run(DispatchedTask.kt:100)\n\tat kotlinx.coroutines.internal.LimitedDispatcher$Worker.run(LimitedDispatcher.kt:124)\n\tat kotlinx.coroutines.scheduling.TaskImpl.run(Tasks.kt:89)\n\tat kotlinx.coroutines.scheduling.CoroutineScheduler.runSafely(CoroutineScheduler.kt:586)\n\tat kotlinx.coroutines.scheduling.CoroutineScheduler$Worker.executeTask(CoroutineScheduler.kt:798)\n\tat kotlinx.coroutines.scheduling.CoroutineScheduler$Worker.runWorker(CoroutineScheduler.kt:717)\n\tat kotlinx.coroutines.scheduling.CoroutineScheduler$Worker.run(CoroutineScheduler.kt:704)\n","traceId":"00000000000000000000000000000000","spanId":"0000000000000000","enabled":true}
{"@timestamp":"2026-10-09T11:43:12.297775107-03:00","@version":"1","message":"saga-db-pool - Shutdown initiated...","logger_name":"com.zaxxer.hikari.HikariDataSource","thread_name":"DefaultDispatcher-worker-8","level":"INFO","level_value":20000}
{"@timestamp":"2026-10-09T11:43:12.298196793-03:00","@version":"1","message":"saga-db-pool - Shutdown completed.","logger_name":"com.zaxxer.hikari.HikariDataSource","thread_name":"DefaultDispatcher-worker-8","level":"INFO","level_value":20000}
{"@timestamp":"2026-10-09T11:43:12.305233435-03:00","@version":"1","message":"No ktor.deployment.watch patterns specified, automatic reload is not active.","logger_name":"io.ktor.test","thread_name":"DefaultDispatcher-worker-8 @call-context#5705","level":"INFO","level_value":20000}
{"@timestamp":"2026-10-09T11:43:12.308938437-03:00","@version":"1","message":"Publishing metrics for LoggingMeterRegistry every 1m","logger_name":"io.micrometer.core.instrument.push.PushMeterRegistry","thread_name":"DefaultDispatcher-worker-8 @coroutine#5706","level":"INFO","level_value":20000}
{"@timestamp":"2026-10-09T11:43:12.310363802-03:00","@version":"1","message":"saga-db-pool - Starting...","logger_name":"com.zaxxer.hikari.HikariDataSource","thread_name":"DefaultDispatcher-worker-8 @coroutine#5706","level":"INFO","level_value":20000}
{"@timestamp":"2026-10-09T11:43:12.31811005-03:00","@version":"1","message":"saga-db-pool - Added connection org.postgresql.jdbc.PgConnection@f729d49","logger_name":"com.zaxxer.hikari.pool.HikariPool","thread_name":"DefaultDispatcher-worker-8 @coroutine#5706","level":"INFO","level_value":20000}
{"@timestamp":"2026-10-09T11:43:12.318465189-03:00","@version":"1","message":"saga-db-pool - Start completed.","logger_name":"com.zaxxer.hikari.HikariDataSource","thread_name":"DefaultDispatcher-worker-8 @coroutine#5706","level":"INFO","level_value":20000}

UPDATE SUMMARY
Run:                          2
Previously run:               9
Filtered out:                 0
-------------------------------
Total change sets:           11

{"@timestamp":"2026-10-09T11:43:12.372866072-03:00","@version":"1","message":"Application started in 0.067 seconds.","logger_name":"io.ktor.test","thread_name":"DefaultDispatcher-worker-8 @call-context#5705","level":"INFO","level_value":20000}
{"@timestamp":"2026-10-09T11:43:12.373107724-03:00","@version":"1","message":"Responding at http://localhost:80","logger_name":"io.ktor.test","thread_name":"DefaultDispatcher-worker-9 @coroutine#5790","level":"INFO","level_value":20000}
{"@timestamp":"2026-10-09T11:43:12.373145947-03:00","@version":"1","message":"Responding at https://localhost:443","logger_name":"io.ktor.test","thread_name":"DefaultDispatcher-worker-9 @coroutine#5790","level":"INFO","level_value":20000}
{"@timestamp":"2026-10-09T11:43:12.382426879-03:00","@version":"1","message":"200 OK POST /workflows/run","logger_name":"io.ktor.test","thread_name":"DefaultDispatcher-worker-8 @request#5705","level":"INFO","level_value":20000,"traceId":"00000000000000000000000000000000","spanId":"0000000000000000"}
{"@timestamp":"2026-10-09T11:43:12.392592181-03:00","@version":"1","message":"200 OK GET /workflows/64b6145d-4191-473c-bab4-6e14f18a7f57","logger_name":"io.ktor.test","thread_name":"DefaultDispatcher-worker-1 @request#5797","level":"INFO","level_value":20000,"traceId":"00000000000000000000000000000000","spanId":"0000000000000000"}
{"@timestamp":"2026-10-09T11:43:12.433164249-03:00","@version":"1","message":"switch evaluated","logger_name":"run.trama.saga.workflow.WorkflowExecutor","thread_name":"DefaultDispatcher-worker-1 @coroutine#5779","level":"INFO","level_value":20000,"traceId":"00000000000000000000000000000000","spanId":"0000000000000000","sagaId":"64b6145d-4191-473c-bab4-6e14f18a7f57","nodeId":"route","target":"a","matchedCase":null,"usedDefault":true}
{"@timestamp":"2026-10-09T11:43:12.443815029-03:00","@version":"1","message":"saga finished","logger_name":"run.trama.saga.workflow.WorkflowExecutor","thread_name":"DefaultDispatcher-worker-1 @coroutine#5779","level":"INFO","level_value":20000,"traceId":"00000000000000000000000000000000","spanId":"0000000000000000","sagaId":"64b6145d-4191-473c-bab4-6e14f18a7f57","sagaName":"metrics-4215e1aa","status":"SUCCEEDED","durationMs":68}
{"@timestamp":"2026-10-09T11:43:12.598427158-03:00","@version":"1","message":"200 OK GET /workflows/64b6145d-4191-473c-bab4-6e14f18a7f57","logger_name":"io.ktor.test","thread_name":"DefaultDispatcher-worker-4 @request#5804","level":"INFO","level_value":20000,"traceId":"00000000000000000000000000000000","spanId":"0000000000000000"}
{"@timestamp":"2026-10-09T11:43:12.605695421-03:00","@version":"1","message":"200 OK GET /metrics","logger_name":"io.ktor.test","thread_name":"DefaultDispatcher-worker-4 @request#5808","level":"INFO","level_value":20000,"traceId":"00000000000000000000000000000000","spanId":"0000000000000000"}
{"@timestamp":"2026-10-09T11:43:12.632932849-03:00","@version":"1","message":"saga-db-pool - Shutdown initiated...","logger_name":"com.zaxxer.hikari.HikariDataSource","thread_name":"DefaultDispatcher-worker-8","level":"INFO","level_value":20000}
{"@timestamp":"2026-10-09T11:43:12.633400994-03:00","@version":"1","message":"saga-db-pool - Shutdown completed.","logger_name":"com.zaxxer.hikari.HikariDataSource","thread_name":"DefaultDispatcher-worker-8","level":"INFO","level_value":20000}
{"@timestamp":"2026-10-09T11:43:12.642583838-03:00","@version":"1","message":"No ktor.deployment.watch patterns specified, automatic reload is not active.","logger_name":"io.ktor.test","thread_name":"DefaultDispatcher-worker-8 @call-context#5816","level":"INFO","level_value":20000}
{"@timestamp":"2026-10-09T11:43:12.648273454-03:00","@version":"1","message":"saga-db-pool - Starting...","logger_name":"com.zaxxer.hikari.HikariDataSource","thread_name":"DefaultDispatcher-worker-8 @coroutine#5817","level":"INFO","level_value":20000}
{"@timestamp":"2026-10-09T11:43:12.653713904-03:00","@version":"1","message":"saga-db-pool - Added connection org.postgresql.jdbc.PgConnection@74f9e55e","logger_name":"com.zaxxer.hikari.pool.HikariPool","thread_name":"DefaultDispatcher-worker-8 @coroutine#5817","level":"INFO","level_value":20000}
{"@timestamp":"2026-10-09T11:43:12.653989721-03:00","@version":"1","message":"saga-db-pool - Start completed.","logger_name":"com.zaxxer.hikari.HikariDataSource","thread_name":"DefaultDispatcher-worker-8 @coroutine#5817","level":"INFO","level_value":20000}

UPDATE SUMMARY
Run:                          2
Previously run:               9
Filtered out:                 0
-------------------------------
Total change sets:           11

{"@timestamp":"2026-10-09T11:43:12.698918127-03:00","@version":"1","message":"Application started in 0.056 seconds.","logger_name":"io.ktor.test","thread_name":"DefaultDispatcher-worker-8 @call-context#5816","level":"INFO","level_value":20000}
{"@timestamp":"2026-10-09T11:43:12.699058766-03:00","@version":"1","message":"Responding at http://localhost:80","logger_name":"io.ktor.test","thread_name":"DefaultDispatcher-worker-1 @coroutine#5901","level":"INFO","level_value":20000}
{"@timestamp":"2026-10-09T11:43:12.699114603-03:00","@version":"1","message":"Responding at https://localhost:443","logger_name":"io.ktor.test","thread_name":"DefaultDispatcher-worker-1 @coroutine#5901","level":"INFO","level_value":20000}
{"@timestamp":"2026-10-09T11:43:12.70706976-03:00","@version":"1","message":"200 OK POST /workflows/run","logger_name":"io.ktor.test","thread_name":"DefaultDispatcher-worker-8 @request#5816","level":"INFO","level_value":20000,"traceId":"00000000000000000000000000000000","spanId":"0000000000000000"}
{"@timestamp":"2026-10-09T11:43:12.716010872-03:00","@version":"1","message":"200 OK GET /workflows/6bfd0bf4-ac09-4f08-9884-56cba5cbf139","logger_name":"io.ktor.test","thread_name":"DefaultDispatcher-worker-4 @request#5908","level":"INFO","level_value":20000,"traceId":"00000000000000000000000000000000","spanId":"0000000000000000"}
{"@timestamp":"2026-10-09T11:43:12.763907542-03:00","@version":"1","message":"async node waiting for callback","logger_name":"run.trama.saga.workflow.WorkflowExecutor","thread_name":"DefaultDispatcher-worker-1 @coroutine#5890","level":"INFO","level_value":20000,"traceId":"00000000000000000000000000000000","spanId":"0000000000000000","sagaId":"6bfd0bf4-ac09-4f08-9884-56cba5cbf139","nodeId":"auth","deadlineAt":"2026-10-09T14:43:42.755327580Z"}
{"@timestamp":"2026-10-09T11:43:12.920093028-03:00","@version":"1","message":"200 OK GET /workflows/6bfd0bf4-ac09-4f08-9884-56cba5cbf139","logger_name":"io.ktor.test","thread_name":"DefaultDispatcher-worker-2 @request#5915","level":"INFO","level_value":20000,"traceId":"00000000000000000000000000000000","spanId":"0000000000000000"}
{"@timestamp":"2026-10-09T11:43:12.925114557-03:00","@version":"1","message":"callback received","logger_name":"run.trama.saga.callback.CallbackReceiver","thread_name":"DefaultDispatcher-worker-4 @request#5919","level":"INFO","level_value":20000,"traceId":"00000000000000000000000000000000","spanId":"0000000000000000","executionId":"6bfd0bf4-ac09-4f08-9884-56cba5cbf139","nodeId":"auth","attempt":0,"isSuccess":true}
{"@timestamp":"2026-10-09T11:43:12.928062993-03:00","@version":"1","message":"execution resumed after async callback","logger_name":"run.trama.saga.callback.CallbackReceiver","thread_name":"DefaultDispatcher-worker-4 @request#5919","level":"INFO","level_value":20000,"traceId":"00000000000000000000000000000000","spanId":"0000000000000000","executionId":"6bfd0bf4-ac09-4f08-9884-56cba5cbf139","nodeId":"auth","nextNodeId":"done"}
{"@timestamp":"2026-10-09T11:43:12.928373387-03:00","@version":"1","message":"202 Accepted POST /workflows/6bfd0bf4-ac09-4f08-9884-56cba5cbf139/node/auth/callback","logger_name":"io.ktor.test","thread_name":"DefaultDispatcher-worker-4 @request#5919","level":"INFO","level_value":20000,"traceId":"00000000000000000000000000000000","spanId":"0000000000000000"}
{"@timestamp":"2026-10-09T11:43:12.932519052-03:00","@version":"1","message":"callback arrived but no waiting entry found","logger_name":"run.trama.saga.callback.CallbackReceiver","thread_name":"DefaultDispatcher-worker-1 @request#5920","level":"WARN","level_value":30000,"traceId":"00000000000000000000000000000000","spanId":"0000000000000000","executionId":"6bfd0bf4-ac09-4f08-9884-56cba5cbf139","nodeId":"auth"}
{"@timestamp":"2026-10-09T11:43:12.933254698-03:00","@version":"1","message":"410 callback expired or already processed POST /workflows/6bfd0bf4-ac09-4f08-9884-56cba5cbf139/node/auth/callback","logger_name":"io.ktor.test","thread_name":"DefaultDispatcher-worker-1 @request#5920","level":"INFO","level_value":20000,"traceId":"00000000000000000000000000000000","spanId":"0000000000000000"}
{"@timestamp":"2026-10-09T11:43:12.937068067-03:00","@version":"1","message":"200 OK GET /workflows/6bfd0bf4-ac09-4f08-9884-56cba5cbf139","logger_name":"io.ktor.test","thread_name":"DefaultDispatcher-worker-8 @request#5924","level":"INFO","level_value":20000,"traceId":"00000000000000000000000000000000","spanId":"0000000000000000"}
{"@timestamp":"2026-10-09T11:43:12.96950804-03:00","@version":"1","message":"saga finished","logger_name":"run.trama.saga.workflow.WorkflowExecutor","thread_name":"DefaultDispatcher-worker-5 @coroutine#5891","level":"INFO","level_value":20000,"traceId":"00000000000000000000000000000000","spanId":"0000000000000000","sagaId":"6bfd0bf4-ac09-4f08-9884-56cba5cbf139","sagaName":"pg-async-22c68bc0","status":"SUCCEEDED","durationMs":269}
{"@timestamp":"2026-10-09T11:43:13.141228108-03:00","@version":"1","message":"200 OK GET /workflows/6bfd0bf4-ac09-4f08-9884-56cba5cbf139","logger_name":"io.ktor.test","thread_name":"DefaultDispatcher-worker-2 @request#5931","level":"INFO","level_value":20000,"traceId":"00000000000000000000000000000000","spanId":"0000000000000000"}
{"@timestamp":"2026-10-09T11:43:13.157661649-03:00","@version":"1","message":"saga-db-pool - Shutdown initiated...","logger_name":"com.zaxxer.hikari.HikariDataSource","thread_name":"DefaultDispatcher-worker-8","level":"INFO","level_value":20000}
{"@timestamp":"2026-10-09T11:43:13.158050341-03:00","@version":"1","message":"saga-db-pool - Shutdown completed.","logger_name":"com.zaxxer.hikari.HikariDataSource","thread_name":"DefaultDispatcher-worker-8","level":"INFO","level_value":20000}
{"@timestamp":"2026-10-09T11:43:13.166056474-03:00","@version":"1","message":"No ktor.deployment.watch patterns specified, automatic reload is not active.","logger_name":"io.ktor.test","thread_name":"DefaultDispatcher-worker-8 @call-context#5939","level":"INFO","level_value":20000}
{"@timestamp":"2026-10-09T11:43:13.169566343-03:00","@version":"1","message":"saga-db-pool - Starting...","logger_name":"com.zaxxer.hikari.HikariDataSource","thread_name":"DefaultDispatcher-worker-8 @coroutine#5940","level":"INFO","level_value":20000}
{"@timestamp":"2026-10-09T11:43:13.174334837-03:00","@version":"1","message":"saga-db-pool - Added connection org.postgresql.jdbc.PgConnection@4150ca4c","logger_name":"com.zaxxer.hikari.pool.HikariPool","thread_name":"DefaultDispatcher-worker-8 @coroutine#5940","level":"INFO","level_value":20000}
{"@timestamp":"2026-10-09T11:43:13.174595215-03:00","@version":"1","message":"saga-db-pool - Start completed.","logger_name":"com.zaxxer.hikari.HikariDataSource","thread_name":"DefaultDispatcher-worker-8 @coroutine#5940","level":"INFO","level_value":20000}

UPDATE SUMMARY
Run:                          2
Previously run:               9
Filtered out:                 0
-------------------------------
Total change sets:           11

{"@timestamp":"2026-10-09T11:43:13.21181228-03:00","@version":"1","message":"Application started in 0.046 seconds.","logger_name":"io.ktor.test","thread_name":"DefaultDispatcher-worker-8 @call-context#5939","level":"INFO","level_value":20000}
{"@timestamp":"2026-10-09T11:43:13.211939213-03:00","@version":"1","message":"Responding at http://localhost:80","logger_name":"io.ktor.test","thread_name":"DefaultDispatcher-worker-6 @coroutine#6024","level":"INFO","level_value":20000}
{"@timestamp":"2026-10-09T11:43:13.211966926-03:00","@version":"1","message":"Responding at https://localhost:443","logger_name":"io.ktor.test","thread_name":"DefaultDispatcher-worker-6 @coroutine#6024","level":"INFO","level_value":20000}
{"@timestamp":"2026-10-09T11:43:13.22008368-03:00","@version":"1","message":"200 OK POST /workflows/run","logger_name":"io.ktor.test","thread_name":"DefaultDispatcher-worker-8 @request#5939","level":"INFO","level_value":20000,"traceId":"00000000000000000000000000000000","spanId":"0000000000000000"}
{"@timestamp":"2026-10-09T11:43:13.22853326-03:00","@version":"1","message":"200 OK GET /workflows/056c2921-4349-4901-9062-90504dfe00a4","logger_name":"io.ktor.test","thread_name":"DefaultDispatcher-worker-10 @request#6031","level":"INFO","level_value":20000,"traceId":"00000000000000000000000000000000","spanId":"0000000000000000"}
{"@timestamp":"2026-10-09T11:43:13.276410741-03:00","@version":"1","message":"saga sleeping","logger_name":"run.trama.saga.workflow.WorkflowExecutor","thread_name":"DefaultDispatcher-worker-10 @coroutine#6013","level":"INFO","level_value":20000,"traceId":"00000000000000000000000000000000","spanId":"0000000000000000","sagaId":"056c2921-4349-4901-9062-90504dfe00a4","nodeId":"nap","wakeAt":"2026-10-09T14:53:13.274022837Z","delayMillis":600000}
{"@timestamp":"2026-10-09T11:43:13.432883228-03:00","@version":"1","message":"200 OK GET /workflows/056c2921-4349-4901-9062-90504dfe00a4","logger_name":"io.ktor.test","thread_name":"DefaultDispatcher-worker-4 @request#6038","level":"INFO","level_value":20000,"traceId":"00000000000000000000000000000000","spanId":"0000000000000000"}
{"@timestamp":"2026-10-09T11:43:13.443889605-03:00","@version":"1","message":"202 Accepted POST /workflows/056c2921-4349-4901-9062-90504dfe00a4/wake","logger_name":"io.ktor.test","thread_name":"DefaultDispatcher-worker-4 @request#6042","level":"INFO","level_value":20000,"traceId":"00000000000000000000000000000000","spanId":"0000000000000000"}
{"@timestamp":"2026-10-09T11:43:13.448138937-03:00","@version":"1","message":"200 OK GET /workflows/056c2921-4349-4901-9062-90504dfe00a4","logger_name":"io.ktor.test","thread_name":"DefaultDispatcher-worker-10 @request#6043","level":"INFO","level_value":20000,"traceId":"00000000000000000000000000000000","spanId":"0000000000000000"}
{"@timestamp":"2026-10-09T11:43:13.472290029-03:00","@version":"1","message":"saga waking up","logger_name":"run.trama.saga.workflow.WorkflowExecutor","thread_name":"DefaultDispatcher-worker-8 @coroutine#6014","level":"INFO","level_value":20000,"traceId":"00000000000000000000000000000000","spanId":"0000000000000000","sagaId":"056c2921-4349-4901-9062-90504dfe00a4","nextNodeId":"b"}
{"@timestamp":"2026-10-09T11:43:13.484896915-03:00","@version":"1","message":"saga finished","logger_name":"run.trama.saga.workflow.WorkflowExecutor","thread_name":"DefaultDispatcher-worker-10 @coroutine#6014","level":"INFO","level_value":20000,"traceId":"00000000000000000000000000000000","spanId":"0000000000000000","sagaId":"056c2921-4349-4901-9062-90504dfe00a4","sagaName":"pg-wake-54f47517","status":"SUCCEEDED","durationMs":271}
{"@timestamp":"2026-10-09T11:43:13.652753461-03:00","@version":"1","message":"200 OK GET /workflows/056c2921-4349-4901-9062-90504dfe00a4","logger_name":"io.ktor.test","thread_name":"DefaultDispatcher-worker-6 @request#6050","level":"INFO","level_value":20000,"traceId":"00000000000000000000000000000000","spanId":"0000000000000000"}
{"@timestamp":"2026-10-09T11:43:13.670818961-03:00","@version":"1","message":"saga-db-pool - Shutdown initiated...","logger_name":"com.zaxxer.hikari.HikariDataSource","thread_name":"DefaultDispatcher-worker-8","level":"INFO","level_value":20000}
{"@timestamp":"2026-10-09T11:43:13.671225618-03:00","@version":"1","message":"saga-db-pool - Shutdown completed.","logger_name":"com.zaxxer.hikari.HikariDataSource","thread_name":"DefaultDispatcher-worker-8","level":"INFO","level_value":20000}
{"@timestamp":"2026-10-09T11:43:13.678472399-03:00","@version":"1","message":"No ktor.deployment.watch patterns specified, automatic reload is not active.","logger_name":"io.ktor.test","thread_name":"DefaultDispatcher-worker-8 @call-context#6058","level":"INFO","level_value":20000}
{"@timestamp":"2026-10-09T11:43:13.686802191-03:00","@version":"1","message":"saga-db-pool - Starting...","logger_name":"com.zaxxer.hikari.HikariDataSource","thread_name":"DefaultDispatcher-worker-8 @coroutine#6059","level":"INFO","level_value":20000}
{"@timestamp":"2026-10-09T11:43:13.692898453-03:00","@version":"1","message":"saga-db-pool - Added connection org.postgresql.jdbc.PgConnection@5d6466fb","logger_name":"com.zaxxer.hikari.pool.HikariPool","thread_name":"DefaultDispatcher-worker-8 @coroutine#6059","level":"INFO","level_value":20000}
{"@timestamp":"2026-10-09T11:43:13.693208766-03:00","@version":"1","message":"saga-db-pool - Start completed.","logger_name":"com.zaxxer.hikari.HikariDataSource","thread_name":"DefaultDispatcher-worker-8 @coroutine#6059","level":"INFO","level_value":20000}

UPDATE SUMMARY
Run:                          2
Previously run:               9
Filtered out:                 0
-------------------------------
Total change sets:           11

{"@timestamp":"2026-10-09T11:43:13.751045153-03:00","@version":"1","message":"Application started in 0.073 seconds.","logger_name":"io.ktor.test","thread_name":"DefaultDispatcher-worker-8 @call-context#6058","level":"INFO","level_value":20000}
{"@timestamp":"2026-10-09T11:43:13.751287877-03:00","@version":"1","message":"Responding at http://localhost:80","logger_name":"io.ktor.test","thread_name":"DefaultDispatcher-worker-6 @coroutine#6143","level":"INFO","level_value":20000}
{"@timestamp":"2026-10-09T11:43:13.751322252-03:00","@version":"1","message":"Responding at https://localhost:443","logger_name":"io.ktor.test","thread_name":"DefaultDispatcher-worker-6 @coroutine#6143","level":"INFO","level_value":20000}
{"@timestamp":"2026-10-09T11:43:13.759270715-03:00","@version":"1","message":"200 OK POST /workflows/run","logger_name":"io.ktor.test","thread_name":"DefaultDispatcher-worker-8 @request#6058","level":"INFO","level_value":20000,"traceId":"00000000000000000000000000000000","spanId":"0000000000000000"}
{"@timestamp":"2026-10-09T11:43:13.769268434-03:00","@version":"1","message":"200 OK GET /workflows/a16e0ee9-245e-4e42-9378-32199fa85255","logger_name":"io.ktor.test","thread_name":"DefaultDispatcher-worker-10 @request#6150","level":"INFO","level_value":20000,"traceId":"00000000000000000000000000000000","spanId":"0000000000000000"}
{"@timestamp":"2026-10-09T11:43:13.817029343-03:00","@version":"1","message":"node completed","logger_name":"run.trama.saga.workflow.TaskNodeHandler","thread_name":"DefaultDispatcher-worker-8 @coroutine#6132","level":"INFO","level_value":20000,"traceId":"00000000000000000000000000000000","spanId":"0000000000000000","sagaId":"a16e0ee9-245e-4e42-9378-32199fa85255","nodeId":"b","phase":"UP","status":500}
{"@timestamp":"2026-10-09T11:43:13.818442654-03:00","@version":"1","message":"compensation scheduled","logger_name":"run.trama.saga.workflow.WorkflowExecutor","thread_name":"DefaultDispatcher-worker-8 @coroutine#6132","level":"INFO","level_value":20000,"traceId":"00000000000000000000000000000000","spanId":"0000000000000000","sagaId":"a16e0ee9-245e-4e42-9378-32199fa85255","failedNodeId":"b"}
{"@timestamp":"2026-10-09T11:43:13.867411521-03:00","@version":"1","message":"saga finished","logger_name":"run.trama.saga.workflow.WorkflowExecutor","thread_name":"DefaultDispatcher-worker-1 @coroutine#6133","level":"INFO","level_value":20000,"traceId":"00000000000000000000000000000000","spanId":"0000000000000000","sagaId":"a16e0ee9-245e-4e42-9378-32199fa85255","sagaName":"pg-sync-e2d4bb5d","status":"FAILED","durationMs":114}
{"@timestamp":"2026-10-09T11:43:13.974028776-03:00","@version":"1","message":"200 OK GET /workflows/a16e0ee9-245e-4e42-9378-32199fa85255","logger_name":"io.ktor.test","thread_name":"DefaultDispatcher-worker-8 @request#6163","level":"INFO","level_value":20000,"traceId":"00000000000000000000000000000000","spanId":"0000000000000000"}
{"@timestamp":"2026-10-09T11:43:13.978479934-03:00","@version":"1","message":"200 OK GET /workflows/a16e0ee9-245e-4e42-9378-32199fa85255/steps","logger_name":"io.ktor.test","thread_name":"DefaultDispatcher-worker-11 @request#6167","level":"INFO","level_value":20000,"traceId":"00000000000000000000000000000000","spanId":"0000000000000000"}
{"@timestamp":"2026-10-09T11:43:14.008480724-03:00","@version":"1","message":"saga-db-pool - Shutdown initiated...","logger_name":"com.zaxxer.hikari.HikariDataSource","thread_name":"DefaultDispatcher-worker-10","level":"INFO","level_value":20000}
{"@timestamp":"2026-10-09T11:43:14.008868295-03:00","@version":"1","message":"saga-db-pool - Shutdown completed.","logger_name":"com.zaxxer.hikari.HikariDataSource","thread_name":"DefaultDispatcher-worker-10","level":"INFO","level_value":20000}
{"@timestamp":"2026-10-09T11:43:14.015909051-03:00","@version":"1","message":"No ktor.deployment.watch patterns specified, automatic reload is not active.","logger_name":"io.ktor.test","thread_name":"DefaultDispatcher-worker-10 @call-context#6175","level":"INFO","level_value":20000}
{"@timestamp":"2026-10-09T11:43:14.021258885-03:00","@version":"1","message":"saga-db-pool - Starting...","logger_name":"com.zaxxer.hikari.HikariDataSource","thread_name":"DefaultDispatcher-worker-10 @coroutine#6176","level":"INFO","level_value":20000}
{"@timestamp":"2026-10-09T11:43:14.026197363-03:00","@version":"1","message":"saga-db-pool - Added connection org.postgresql.jdbc.PgConnection@19858fe3","logger_name":"com.zaxxer.hikari.pool.HikariPool","thread_name":"DefaultDispatcher-worker-10 @coroutine#6176","level":"INFO","level_value":20000}
{"@timestamp":"2026-10-09T11:43:14.026459163-03:00","@version":"1","message":"saga-db-pool - Start completed.","logger_name":"com.zaxxer.hikari.HikariDataSource","thread_name":"DefaultDispatcher-worker-10 @coroutine#6176","level":"INFO","level_value":20000}

UPDATE SUMMARY
Run:                          2
Previously run:               9
Filtered out:                 0
-------------------------------
Total change sets:           11

{"@timestamp":"2026-10-09T11:43:14.075104631-03:00","@version":"1","message":"Application started in 0.06 seconds.","logger_name":"io.ktor.test","thread_name":"DefaultDispatcher-worker-10 @call-context#6175","level":"INFO","level_value":20000}
{"@timestamp":"2026-10-09T11:43:14.075259357-03:00","@version":"1","message":"Responding at http://localhost:80","logger_name":"io.ktor.test","thread_name":"DefaultDispatcher-worker-9 @coroutine#6260","level":"INFO","level_value":20000}
{"@timestamp":"2026-10-09T11:43:14.075316245-03:00","@version":"1","message":"Responding at https://localhost:443","logger_name":"io.ktor.test","thread_name":"DefaultDispatcher-worker-9 @coroutine#6260","level":"INFO","level_value":20000}
{"@timestamp":"2026-10-09T11:43:14.085650175-03:00","@version":"1","message":"200 OK POST /workflows/run","logger_name":"io.ktor.test","thread_name":"DefaultDispatcher-worker-10 @request#6175","level":"INFO","level_value":20000,"traceId":"00000000000000000000000000000000","spanId":"0000000000000000"}
{"@timestamp":"2026-10-09T11:43:14.094463548-03:00","@version":"1","message":"200 OK GET /workflows/aa810998-d477-4ed4-a26f-73e62675521b","logger_name":"io.ktor.test","thread_name":"DefaultDispatcher-worker-1 @request#6267","level":"INFO","level_value":20000,"traceId":"00000000000000000000000000000000","spanId":"0000000000000000"}
{"@timestamp":"2026-10-09T11:43:14.147954857-03:00","@version":"1","message":"saga sleeping","logger_name":"run.trama.saga.workflow.WorkflowExecutor","thread_name":"DefaultDispatcher-worker-4 @coroutine#6249","level":"INFO","level_value":20000,"traceId":"00000000000000000000000000000000","spanId":"0000000000000000","sagaId":"aa810998-d477-4ed4-a26f-73e62675521b","nodeId":"nap","wakeAt":"2026-10-09T14:43:16.145202336Z","delayMillis":2000}
{"@timestamp":"2026-10-09T11:43:14.298832733-03:00","@version":"1","message":"200 OK GET /workflows/aa810998-d477-4ed4-a26f-73e62675521b","logger_name":"io.ktor.test","thread_name":"DefaultDispatcher-worker-10 @request#6274","level":"INFO","level_value":20000,"traceId":"00000000000000000000000000000000","spanId":"0000000000000000"}
{"@timestamp":"2026-10-09T11:43:14.302199608-03:00","@version":"1","message":"200 OK GET /workflows/aa810998-d477-4ed4-a26f-73e62675521b","logger_name":"io.ktor.test","thread_name":"DefaultDispatcher-worker-10 @request#6278","level":"INFO","level_value":20000,"traceId":"00000000000000000000000000000000","spanId":"0000000000000000"}
{"@timestamp":"2026-10-09T11:43:14.505887941-03:00","@version":"1","message":"200 OK GET /workflows/aa810998-d477-4ed4-a26f-73e62675521b","logger_name":"io.ktor.test","thread_name":"DefaultDispatcher-worker-9 @request#6282","level":"INFO","level_value":20000,"traceId":"00000000000000000000000000000000","spanId":"0000000000000000"}
{"@timestamp":"2026-10-09T11:43:14.709924771-03:00","@version":"1","message":"200 OK GET /workflows/aa810998-d477-4ed4-a26f-73e62675521b","logger_name":"io.ktor.test","thread_name":"DefaultDispatcher-worker-2 @request#6286","level":"INFO","level_value":20000,"traceId":"00000000000000000000000000000000","spanId":"0000000000000000"}
{"@timestamp":"2026-10-09T11:43:14.914166693-03:00","@version":"1","message":"200 OK GET /workflows/aa810998-d477-4ed4-a26f-73e62675521b","logger_name":"io.ktor.test","thread_name":"DefaultDispatcher-worker-10 @request#6290","level":"INFO","level_value":20000,"traceId":"00000000000000000000000000000000","spanId":"0000000000000000"}
{"@timestamp":"2026-10-09T11:43:15.119047146-03:00","@version":"1","message":"200 OK GET /workflows/aa810998-d477-4ed4-a26f-73e62675521b","logger_name":"io.ktor.test","thread_name":"DefaultDispatcher-worker-1 @request#6294","level":"INFO","level_value":20000,"traceId":"00000000000000000000000000000000","spanId":"0000000000000000"}
{"@timestamp":"2026-10-09T11:43:15.32400167-03:00","@version":"1","message":"200 OK GET /workflows/aa810998-d477-4ed4-a26f-73e62675521b","logger_name":"io.ktor.test","thread_name":"DefaultDispatcher-worker-2 @request#6298","level":"INFO","level_value":20000,"traceId":"00000000000000000000000000000000","spanId":"0000000000000000"}
{"@timestamp":"2026-10-09T11:43:15.529065993-03:00","@version":"1","message":"200 OK GET /workflows/aa810998-d477-4ed4-a26f-73e62675521b","logger_name":"io.ktor.test","thread_name":"DefaultDispatcher-worker-10 @request#6302","level":"INFO","level_value":20000,"traceId":"00000000000000000000000000000000","spanId":"0000000000000000"}
{"@timestamp":"2026-10-09T11:43:15.734776752-03:00","@version":"1","message":"200 OK GET /workflows/aa810998-d477-4ed4-a26f-73e62675521b","logger_name":"io.ktor.test","thread_name":"DefaultDispatcher-worker-10 @request#6306","level":"INFO","level_value":20000,"traceId":"00000000000000000000000000000000","spanId":"0000000000000000"}
{"@timestamp":"2026-10-09T11:43:15.938460708-03:00","@version":"1","message":"200 OK GET /workflows/aa810998-d477-4ed4-a26f-73e62675521b","logger_name":"io.ktor.test","thread_name":"DefaultDispatcher-worker-9 @request#6310","level":"INFO","level_value":20000,"traceId":"00000000000000000000000000000000","spanId":"0000000000000000"}
{"@timestamp":"2026-10-09T11:43:16.141497383-03:00","@version":"1","message":"200 OK GET /workflows/aa810998-d477-4ed4-a26f-73e62675521b","logger_name":"io.ktor.test","thread_name":"DefaultDispatcher-worker-1 @request#6314","level":"INFO","level_value":20000,"traceId":"00000000000000000000000000000000","spanId":"0000000000000000"}
{"@timestamp":"2026-10-09T11:43:16.153751676-03:00","@version":"1","message":"saga waking up","logger_name":"run.trama.saga.workflow.WorkflowExecutor","thread_name":"DefaultDispatcher-worker-9 @coroutine#6250","level":"INFO","level_value":20000,"traceId":"00000000000000000000000000000000","spanId":"0000000000000000","sagaId":"aa810998-d477-4ed4-a26f-73e62675521b","nextNodeId":"b"}
{"@timestamp":"2026-10-09T11:43:16.165381096-03:00","@version":"1","message":"saga finished","logger_name":"run.trama.saga.workflow.WorkflowExecutor","thread_name":"DefaultDispatcher-worker-5 @coroutine#6250","level":"INFO","level_value":20000,"traceId":"00000000000000000000000000000000","spanId":"0000000000000000","sagaId":"aa810998-d477-4ed4-a26f-73e62675521b","sagaName":"pg-sleep-fce05f75","status":"SUCCEEDED","durationMs":2088}
{"@timestamp":"2026-10-09T11:43:16.344975356-03:00","@version":"1","message":"200 OK GET /workflows/aa810998-d477-4ed4-a26f-73e62675521b","logger_name":"io.ktor.test","thread_name":"DefaultDispatcher-worker-10 @request#6321","level":"INFO","level_value":20000,"traceId":"00000000000000000000000000000000","spanId":"0000000000000000"}
{"@timestamp":"2026-10-09T11:43:16.352719623-03:00","@version":"1","message":"saga-db-pool - Shutdown initiated...","logger_name":"com.zaxxer.hikari.HikariDataSource","thread_name":"DefaultDispatcher-worker-10","level":"INFO","level_value":20000}
{"@timestamp":"2026-10-09T11:43:16.353128584-03:00","@version":"1","message":"saga-db-pool - Shutdown completed.","logger_name":"com.zaxxer.hikari.HikariDataSource","thread_name":"DefaultDispatcher-worker-10","level":"INFO","level_value":20000}
{"@timestamp":"2026-10-09T11:43:16.359673709-03:00","@version":"1","message":"No ktor.deployment.watch patterns specified, automatic reload is not active.","logger_name":"io.ktor.test","thread_name":"DefaultDispatcher-worker-10 @call-context#6329","level":"INFO","level_value":20000}
{"@timestamp":"2026-10-09T11:43:16.3638036-03:00","@version":"1","message":"saga-db-pool - Starting...","logger_name":"com.zaxxer.hikari.HikariDataSource","thread_name":"DefaultDispatcher-worker-10 @coroutine#6330","level":"INFO","level_value":20000}
{"@timestamp":"2026-10-09T11:43:16.368745713-03:00","@version":"1","message":"saga-db-pool - Added connection org.postgresql.jdbc.PgConnection@5ea8181e","logger_name":"com.zaxxer.hikari.pool.HikariPool","thread_name":"DefaultDispatcher-worker-10 @coroutine#6330","level":"INFO","level_value":20000}
{"@timestamp":"2026-10-09T11:43:16.368994147-03:00","@version":"1","message":"saga-db-pool - Start completed.","logger_name":"com.zaxxer.hikari.HikariDataSource","thread_name":"DefaultDispatcher-worker-10 @coroutine#6330","level":"INFO","level_value":20000}

UPDATE SUMMARY
Run:                          2
Previously run:               9
Filtered out:                 0
-------------------------------
Total change sets:           11

{"@timestamp":"2026-10-09T11:43:16.415360817-03:00","@version":"1","message":"Application started in 0.056 seconds.","logger_name":"io.ktor.test","thread_name":"DefaultDispatcher-worker-10 @call-context#6329","level":"INFO","level_value":20000}
{"@timestamp":"2026-10-09T11:43:16.415640011-03:00","@version":"1","message":"Responding at http://localhost:80","logger_name":"io.ktor.test","thread_name":"DefaultDispatcher-worker-3 @coroutine#6414","level":"INFO","level_value":20000}
{"@timestamp":"2026-10-09T11:43:16.415684526-03:00","@version":"1","message":"Responding at https://localhost:443","logger_name":"io.ktor.test","thread_name":"DefaultDispatcher-worker-3 @coroutine#6414","level":"INFO","level_value":20000}
{"@timestamp":"2026-10-09T11:43:16.428485013-03:00","@version":"1","message":"200 OK POST /workflows/run","logger_name":"io.ktor.test","thread_name":"DefaultDispatcher-worker-10 @request#6329","level":"INFO","level_value":20000,"traceId":"00000000000000000000000000000000","spanId":"0000000000000000"}
{"@timestamp":"2026-10-09T11:43:16.438355632-03:00","@version":"1","message":"200 OK GET /workflows/e2094e13-f35d-45bd-997c-0ac933ba69c2","logger_name":"io.ktor.test","thread_name":"DefaultDispatcher-worker-10 @request#6421","level":"INFO","level_value":20000,"traceId":"00000000000000000000000000000000","spanId":"0000000000000000"}
{"@timestamp":"2026-10-09T11:43:16.47492867-03:00","@version":"1","message":"node completed","logger_name":"run.trama.saga.workflow.TaskNodeHandler","thread_name":"DefaultDispatcher-worker-7 @coroutine#5108","level":"INFO","level_value":20000,"traceId":"00000000000000000000000000000000","spanId":"0000000000000000","sagaId":"e2094e13-f35d-45bd-997c-0ac933ba69c2","nodeId":"b","phase":"UP","status":500}
{"@timestamp":"2026-10-09T11:43:16.475970711-03:00","@version":"1","message":"compensation scheduled","logger_name":"run.trama.saga.workflow.WorkflowExecutor","thread_name":"DefaultDispatcher-worker-7 @coroutine#5108","level":"INFO","level_value":20000,"traceId":"00000000000000000000000000000000","spanId":"0000000000000000","sagaId":"e2094e13-f35d-45bd-997c-0ac933ba69c2","failedNodeId":"b"}
{"@timestamp":"2026-10-09T11:43:16.522170993-03:00","@version":"1","message":"saga finished","logger_name":"run.trama.saga.workflow.WorkflowExecutor","thread_name":"DefaultDispatcher-worker-12 @coroutine#5109","level":"INFO","level_value":20000,"traceId":"00000000000000000000000000000000","spanId":"0000000000000000","sagaId":"e2094e13-f35d-45bd-997c-0ac933ba69c2","sagaName":"retry-v2-83245ba4","status":"FAILED","durationMs":97}
{"@timestamp":"2026-10-09T11:43:16.642644575-03:00","@version":"1","message":"200 OK GET /workflows/e2094e13-f35d-45bd-997c-0ac933ba69c2","logger_name":"io.ktor.test","thread_name":"DefaultDispatcher-worker-8 @request#6428","level":"INFO","level_value":20000,"traceId":"00000000000000000000000000000000","spanId":"0000000000000000"}
{"@timestamp":"2026-10-09T11:43:16.64965043-03:00","@version":"1","message":"422 Unprocessable Entity POST /workflows/e2094e13-f35d-45bd-997c-0ac933ba69c2/retry","logger_name":"io.ktor.test","thread_name":"DefaultDispatcher-worker-1 @request#6432","level":"INFO","level_value":20000,"traceId":"00000000000000000000000000000000","spanId":"0000000000000000"}
{"@timestamp":"2026-10-09T11:43:16.68322015-03:00","@version":"1","message":"saga-db-pool - Shutdown initiated...","logger_name":"com.zaxxer.hikari.HikariDataSource","thread_name":"DefaultDispatcher-worker-10","level":"INFO","level_value":20000}
{"@timestamp":"2026-10-09T11:43:16.683661062-03:00","@version":"1","message":"saga-db-pool - Shutdown completed.","logger_name":"com.zaxxer.hikari.HikariDataSource","thread_name":"DefaultDispatcher-worker-10","level":"INFO","level_value":20000}
{"@timestamp":"2026-10-09T11:43:16.6919556-03:00","@version":"1","message":"No ktor.deployment.watch patterns specified, automatic reload is not active.","logger_name":"io.ktor.test","thread_name":"DefaultDispatcher-worker-10 @call-context#6440","level":"INFO","level_value":20000}
{"@timestamp":"2026-10-09T11:43:16.696986002-03:00","@version":"1","message":"saga-db-pool - Starting...","logger_name":"com.zaxxer.hikari.HikariDataSource","thread_name":"DefaultDispatcher-worker-10 @coroutine#6441","level":"INFO","level_value":20000}
{"@timestamp":"2026-10-09T11:43:16.702352725-03:00","@version":"1","message":"saga-db-pool - Added connection org.postgresql.jdbc.PgConnection@35c87ed1","logger_name":"com.zaxxer.hikari.pool.HikariPool","thread_name":"DefaultDispatcher-worker-10 @coroutine#6441","level":"INFO","level_value":20000}
{"@timestamp":"2026-10-09T11:43:16.702654352-03:00","@version":"1","message":"saga-db-pool - Start completed.","logger_name":"com.zaxxer.hikari.HikariDataSource","thread_name":"DefaultDispatcher-worker-10 @coroutine#6441","level":"INFO","level_value":20000}

UPDATE SUMMARY
Run:                          2
Previously run:               9
Filtered out:                 0
-------------------------------
Total change sets:           11

{"@timestamp":"2026-10-09T11:43:16.743703161-03:00","@version":"1","message":"Application started in 0.052 seconds.","logger_name":"io.ktor.test","thread_name":"DefaultDispatcher-worker-10 @call-context#6440","level":"INFO","level_value":20000}
{"@timestamp":"2026-10-09T11:43:16.743830434-03:00","@version":"1","message":"Responding at http://localhost:80","logger_name":"io.ktor.test","thread_name":"DefaultDispatcher-worker-8 @coroutine#6525","level":"INFO","level_value":20000}
{"@timestamp":"2026-10-09T11:43:16.743866674-03:00","@version":"1","message":"Responding at https://localhost:443","logger_name":"io.ktor.test","thread_name":"DefaultDispatcher-worker-8 @coroutine#6525","level":"INFO","level_value":20000}
{"@timestamp":"2026-10-09T11:43:16.751446165-03:00","@version":"1","message":"200 OK POST /workflows/run","logger_name":"io.ktor.test","thread_name":"DefaultDispatcher-worker-10 @request#6440","level":"INFO","level_value":20000,"traceId":"00000000000000000000000000000000","spanId":"0000000000000000"}
{"@timestamp":"2026-10-09T11:43:16.759986503-03:00","@version":"1","message":"200 OK GET /workflows/416c4ba7-5288-4b01-a0b4-322922ba5077","logger_name":"io.ktor.test","thread_name":"DefaultDispatcher-worker-6 @request#6532","level":"INFO","level_value":20000,"traceId":"00000000000000000000000000000000","spanId":"0000000000000000"}
{"@timestamp":"2026-10-09T11:43:16.814598397-03:00","@version":"1","message":"node completed","logger_name":"run.trama.saga.workflow.TaskNodeHandler","thread_name":"DefaultDispatcher-worker-4 @coroutine#6514","level":"INFO","level_value":20000,"traceId":"00000000000000000000000000000000","spanId":"0000000000000000","sagaId":"416c4ba7-5288-4b01-a0b4-322922ba5077","nodeId":"charge","phase":"UP","status":500}
{"@timestamp":"2026-10-09T11:43:16.815964797-03:00","@version":"1","message":"compensation scheduled","logger_name":"run.trama.saga.workflow.WorkflowExecutor","thread_name":"DefaultDispatcher-worker-6 @coroutine#6514","level":"INFO","level_value":20000,"traceId":"00000000000000000000000000000000","spanId":"0000000000000000","sagaId":"416c4ba7-5288-4b01-a0b4-322922ba5077","failedNodeId":"charge"}
{"@timestamp":"2026-10-09T11:43:16.863247638-03:00","@version":"1","message":"saga finished","logger_name":"run.trama.saga.workflow.WorkflowExecutor","thread_name":"DefaultDispatcher-worker-10 @coroutine#6515","level":"INFO","level_value":20000,"traceId":"00000000000000000000000000000000","spanId":"0000000000000000","sagaId":"416c4ba7-5288-4b01-a0b4-322922ba5077","sagaName":"retry-payload-29f8ae78","status":"FAILED","durationMs":118}
{"@timestamp":"2026-10-09T11:43:16.964533639-03:00","@version":"1","message":"200 OK GET /workflows/416c4ba7-5288-4b01-a0b4-322922ba5077","logger_name":"io.ktor.test","thread_name":"DefaultDispatcher-worker-4 @request#6545","level":"INFO","level_value":20000,"traceId":"00000000000000000000000000000000","spanId":"0000000000000000"}
{"@timestamp":"2026-10-09T11:43:16.973722626-03:00","@version":"1","message":"202 Accepted POST /workflows/416c4ba7-5288-4b01-a0b4-322922ba5077/retry","logger_name":"io.ktor.test","thread_name":"DefaultDispatcher-worker-4 @request#6549","level":"INFO","level_value":20000,"traceId":"00000000000000000000000000000000","spanId":"0000000000000000"}
{"@timestamp":"2026-10-09T11:43:16.977290432-03:00","@version":"1","message":"200 OK GET /workflows/416c4ba7-5288-4b01-a0b4-322922ba5077","logger_name":"io.ktor.test","thread_name":"DefaultDispatcher-worker-10 @request#6553","level":"INFO","level_value":20000,"traceId":"00000000000000000000000000000000","spanId":"0000000000000000"}
{"@timestamp":"2026-10-09T11:43:17.01317397-03:00","@version":"1","message":"saga finished","logger_name":"run.trama.saga.workflow.WorkflowExecutor","thread_name":"DefaultDispatcher-worker-4 @coroutine#6514","level":"INFO","level_value":20000,"traceId":"00000000000000000000000000000000","spanId":"0000000000000000","sagaId":"416c4ba7-5288-4b01-a0b4-322922ba5077","sagaName":"retry-payload-29f8ae78","status":"SUCCEEDED","durationMs":268}
{"@timestamp":"2026-10-09T11:43:17.18168312-03:00","@version":"1","message":"200 OK GET /workflows/416c4ba7-5288-4b01-a0b4-322922ba5077","logger_name":"io.ktor.test","thread_name":"DefaultDispatcher-worker-10 @request#6563","level":"INFO","level_value":20000,"traceId":"00000000000000000000000000000000","spanId":"0000000000000000"}
{"@timestamp":"2026-10-09T11:43:17.202107388-03:00","@version":"1","message":"saga-db-pool - Shutdown initiated...","logger_name":"com.zaxxer.hikari.HikariDataSource","thread_name":"DefaultDispatcher-worker-6","level":"INFO","level_value":20000}
{"@timestamp":"2026-10-09T11:43:17.202483597-03:00","@version":"1","message":"saga-db-pool - Shutdown completed.","logger_name":"com.zaxxer.hikari.HikariDataSource","thread_name":"DefaultDispatcher-worker-6","level":"INFO","level_value":20000}
{"@timestamp":"2026-10-09T11:43:17.209245505-03:00","@version":"1","message":"No ktor.deployment.watch patterns specified, automatic reload is not active.","logger_name":"io.ktor.test","thread_name":"DefaultDispatcher-worker-6 @call-context#6571","level":"INFO","level_value":20000}
{"@timestamp":"2026-10-09T11:43:17.213443094-03:00","@version":"1","message":"saga-db-pool - Starting...","logger_name":"com.zaxxer.hikari.HikariDataSource","thread_name":"DefaultDispatcher-worker-6 @coroutine#6572","level":"INFO","level_value":20000}
{"@timestamp":"2026-10-09T11:43:17.217970673-03:00","@version":"1","message":"saga-db-pool - Added connection org.postgresql.jdbc.PgConnection@151b34c3","logger_name":"com.zaxxer.hikari.pool.HikariPool","thread_name":"DefaultDispatcher-worker-6 @coroutine#6572","level":"INFO","level_value":20000}
{"@timestamp":"2026-10-09T11:43:17.218212235-03:00","@version":"1","message":"saga-db-pool - Start completed.","logger_name":"com.zaxxer.hikari.HikariDataSource","thread_name":"DefaultDispatcher-worker-6 @coroutine#6572","level":"INFO","level_value":20000}

UPDATE SUMMARY
Run:                          2
Previously run:               9
Filtered out:                 0
-------------------------------
Total change sets:           11

{"@timestamp":"2026-10-09T11:43:17.259735912-03:00","@version":"1","message":"Application started in 0.05 seconds.","logger_name":"io.ktor.test","thread_name":"DefaultDispatcher-worker-6 @call-context#6571","level":"INFO","level_value":20000}
{"@timestamp":"2026-10-09T11:43:17.259851222-03:00","@version":"1","message":"Responding at http://localhost:80","logger_name":"io.ktor.test","thread_name":"DefaultDispatcher-worker-10 @coroutine#6656","level":"INFO","level_value":20000}
{"@timestamp":"2026-10-09T11:43:17.25988139-03:00","@version":"1","message":"Responding at https://localhost:443","logger_name":"io.ktor.test","thread_name":"DefaultDispatcher-worker-10 @coroutine#6656","level":"INFO","level_value":20000}
{"@timestamp":"2026-10-09T11:43:17.266629812-03:00","@version":"1","message":"200 OK POST /workflows/run","logger_name":"io.ktor.test","thread_name":"DefaultDispatcher-worker-6 @request#6571","level":"INFO","level_value":20000,"traceId":"00000000000000000000000000000000","spanId":"0000000000000000"}
{"@timestamp":"2026-10-09T11:43:17.275675272-03:00","@version":"1","message":"200 OK GET /workflows/667dbd98-4330-451e-aac2-bda7d3579751","logger_name":"io.ktor.test","thread_name":"DefaultDispatcher-worker-10 @request#6663","level":"INFO","level_value":20000,"traceId":"00000000000000000000000000000000","spanId":"0000000000000000"}
{"@timestamp":"2026-10-09T11:43:17.324234259-03:00","@version":"1","message":"node completed","logger_name":"run.trama.saga.workflow.TaskNodeHandler","thread_name":"DefaultDispatcher-worker-11 @coroutine#6646","level":"INFO","level_value":20000,"traceId":"00000000000000000000000000000000","spanId":"0000000000000000","sagaId":"667dbd98-4330-451e-aac2-bda7d3579751","nodeId":"charge","phase":"UP","status":500}
{"@timestamp":"2026-10-09T11:43:17.325490619-03:00","@version":"1","message":"compensation scheduled","logger_name":"run.trama.saga.workflow.WorkflowExecutor","thread_name":"DefaultDispatcher-worker-2 @coroutine#6646","level":"INFO","level_value":20000,"traceId":"00000000000000000000000000000000","spanId":"0000000000000000","sagaId":"667dbd98-4330-451e-aac2-bda7d3579751","failedNodeId":"charge"}
{"@timestamp":"2026-10-09T11:43:17.376114551-03:00","@version":"1","message":"saga finished","logger_name":"run.trama.saga.workflow.WorkflowExecutor","thread_name":"DefaultDispatcher-worker-12 @coroutine#6645","level":"INFO","level_value":20000,"traceId":"00000000000000000000000000000000","spanId":"0000000000000000","sagaId":"667dbd98-4330-451e-aac2-bda7d3579751","sagaName":"retry-6ae31ff7","status":"FAILED","durationMs":115}
{"@timestamp":"2026-10-09T11:43:17.479944989-03:00","@version":"1","message":"200 OK GET /workflows/667dbd98-4330-451e-aac2-bda7d3579751","logger_name":"io.ktor.test","thread_name":"DefaultDispatcher-worker-12 @request#6676","level":"INFO","level_value":20000,"traceId":"00000000000000000000000000000000","spanId":"0000000000000000"}
{"@timestamp":"2026-10-09T11:43:17.487301072-03:00","@version":"1","message":"202 Accepted POST /workflows/667dbd98-4330-451e-aac2-bda7d3579751/retry","logger_name":"io.ktor.test","thread_name":"DefaultDispatcher-worker-11 @request#6680","level":"INFO","level_value":20000,"traceId":"00000000000000000000000000000000","spanId":"0000000000000000"}
{"@timestamp":"2026-10-09T11:43:17.491085782-03:00","@version":"1","message":"200 OK GET /workflows/667dbd98-4330-451e-aac2-bda7d3579751","logger_name":"io.ktor.test","thread_name":"DefaultDispatcher-worker-6 @request#6684","level":"INFO","level_value":20000,"traceId":"00000000000000000000000000000000","spanId":"0000000000000000"}
{"@timestamp":"2026-10-09T11:43:17.529060319-03:00","@version":"1","message":"saga finished","logger_name":"run.trama.saga.workflow.WorkflowExecutor","thread_name":"DefaultDispatcher-worker-2 @coroutine#6646","level":"INFO","level_value":20000,"traceId":"00000000000000000000000000000000","spanId":"0000000000000000","sagaId":"667dbd98-4330-451e-aac2-bda7d3579751","sagaName":"retry-6ae31ff7","status":"SUCCEEDED","durationMs":268}
{"@timestamp":"2026-10-09T11:43:17.69612033-03:00","@version":"1","message":"200 OK GET /workflows/667dbd98-4330-451e-aac2-bda7d3579751","logger_name":"io.ktor.test","thread_name":"DefaultDispatcher-worker-12 @request#6694","level":"INFO","level_value":20000,"traceId":"00000000000000000000000000000000","spanId":"0000000000000000"}
{"@timestamp":"2026-10-09T11:43:17.717939133-03:00","@version":"1","message":"saga-db-pool - Shutdown initiated...","logger_name":"com.zaxxer.hikari.HikariDataSource","thread_name":"DefaultDispatcher-worker-6","level":"INFO","level_value":20000}
{"@timestamp":"2026-10-09T11:43:17.718454247-03:00","@version":"1","message":"saga-db-pool - Shutdown completed.","logger_name":"com.zaxxer.hikari.HikariDataSource","thread_name":"DefaultDispatcher-worker-6","level":"INFO","level_value":20000}
{"@timestamp":"2026-10-09T11:43:17.725361112-03:00","@version":"1","message":"No ktor.deployment.watch patterns specified, automatic reload is not active.","logger_name":"io.ktor.test","thread_name":"DefaultDispatcher-worker-11 @call-context#6702","level":"INFO","level_value":20000}
{"@timestamp":"2026-10-09T11:43:17.728915272-03:00","@version":"1","message":"saga-db-pool - Starting...","logger_name":"com.zaxxer.hikari.HikariDataSource","thread_name":"DefaultDispatcher-worker-11 @coroutine#6703","level":"INFO","level_value":20000}
{"@timestamp":"2026-10-09T11:43:17.732975378-03:00","@version":"1","message":"saga-db-pool - Added connection org.postgresql.jdbc.PgConnection@798b9bb0","logger_name":"com.zaxxer.hikari.pool.HikariPool","thread_name":"DefaultDispatcher-worker-11 @coroutine#6703","level":"INFO","level_value":20000}
{"@timestamp":"2026-10-09T11:43:17.7332118-03:00","@version":"1","message":"saga-db-pool - Start completed.","logger_name":"com.zaxxer.hikari.HikariDataSource","thread_name":"DefaultDispatcher-worker-11 @coroutine#6703","level":"INFO","level_value":20000}

UPDATE SUMMARY
Run:                          2
Previously run:               9
Filtered out:                 0
-------------------------------
Total change sets:           11

{"@timestamp":"2026-10-09T11:43:17.776180387-03:00","@version":"1","message":"Application started in 0.051 seconds.","logger_name":"io.ktor.test","thread_name":"DefaultDispatcher-worker-11 @call-context#6702","level":"INFO","level_value":20000}
{"@timestamp":"2026-10-09T11:43:17.776388725-03:00","@version":"1","message":"Responding at http://localhost:80","logger_name":"io.ktor.test","thread_name":"DefaultDispatcher-worker-9 @coroutine#6787","level":"INFO","level_value":20000}
{"@timestamp":"2026-10-09T11:43:17.776433009-03:00","@version":"1","message":"Responding at https://localhost:443","logger_name":"io.ktor.test","thread_name":"DefaultDispatcher-worker-9 @coroutine#6787","level":"INFO","level_value":20000}
{"@timestamp":"2026-10-09T11:43:17.785858987-03:00","@version":"1","message":"200 OK POST /workflows/run","logger_name":"io.ktor.test","thread_name":"DefaultDispatcher-worker-11 @request#6702","level":"INFO","level_value":20000,"traceId":"00000000000000000000000000000000","spanId":"0000000000000000"}
{"@timestamp":"2026-10-09T11:43:17.798709456-03:00","@version":"1","message":"200 OK GET /workflows/e7e006df-4ef2-4f0a-804c-3199a3bbdae3","logger_name":"io.ktor.test","thread_name":"DefaultDispatcher-worker-5 @request#6794","level":"INFO","level_value":20000,"traceId":"00000000000000000000000000000000","spanId":"0000000000000000"}
{"@timestamp":"2026-10-09T11:43:17.851170869-03:00","@version":"1","message":"saga finished","logger_name":"run.trama.saga.workflow.WorkflowExecutor","thread_name":"DefaultDispatcher-worker-8 @coroutine#6777","level":"INFO","level_value":20000,"traceId":"00000000000000000000000000000000","spanId":"0000000000000000","sagaId":"e7e006df-4ef2-4f0a-804c-3199a3bbdae3","sagaName":"retry-ok-94119f41","status":"SUCCEEDED","durationMs":72}
{"@timestamp":"2026-10-09T11:43:18.004303532-03:00","@version":"1","message":"200 OK GET /workflows/e7e006df-4ef2-4f0a-804c-3199a3bbdae3","logger_name":"io.ktor.test","thread_name":"DefaultDispatcher-worker-5 @request#6804","level":"INFO","level_value":20000,"traceId":"00000000000000000000000000000000","spanId":"0000000000000000"}
{"@timestamp":"2026-10-09T11:43:18.00823418-03:00","@version":"1","message":"409 Conflict POST /workflows/e7e006df-4ef2-4f0a-804c-3199a3bbdae3/retry","logger_name":"io.ktor.test","thread_name":"DefaultDispatcher-worker-5 @request#6808","level":"INFO","level_value":20000,"traceId":"00000000000000000000000000000000","spanId":"0000000000000000"}
{"@timestamp":"2026-10-09T11:43:18.036325049-03:00","@version":"1","message":"saga-db-pool - Shutdown initiated...","logger_name":"com.zaxxer.hikari.HikariDataSource","thread_name":"DefaultDispatcher-worker-5","level":"INFO","level_value":20000}
{"@timestamp":"2026-10-09T11:43:18.036789275-03:00","@version":"1","message":"saga-db-pool - Shutdown completed.","logger_name":"com.zaxxer.hikari.HikariDataSource","thread_name":"DefaultDispatcher-worker-5","level":"INFO","level_value":20000}
{"@timestamp":"2026-10-09T11:43:18.043384132-03:00","@version":"1","message":"No ktor.deployment.watch patterns specified, automatic reload is not active.","logger_name":"io.ktor.test","thread_name":"DefaultDispatcher-worker-5 @call-context#6816","level":"INFO","level_value":20000}
{"@timestamp":"2026-10-09T11:43:18.048873969-03:00","@version":"1","message":"saga-db-pool - Starting...","logger_name":"com.zaxxer.hikari.HikariDataSource","thread_name":"DefaultDispatcher-worker-5 @coroutine#6817","level":"INFO","level_value":20000}
{"@timestamp":"2026-10-09T11:43:18.053932742-03:00","@version":"1","message":"saga-db-pool - Added connection org.postgresql.jdbc.PgConnection@1c8f8892","logger_name":"com.zaxxer.hikari.pool.HikariPool","thread_name":"DefaultDispatcher-worker-5 @coroutine#6817","level":"INFO","level_value":20000}
{"@timestamp":"2026-10-09T11:43:18.054143765-03:00","@version":"1","message":"saga-db-pool - Start completed.","logger_name":"com.zaxxer.hikari.HikariDataSource","thread_name":"DefaultDispatcher-worker-5 @coroutine#6817","level":"INFO","level_value":20000}

UPDATE SUMMARY
Run:                          2
Previously run:               9
Filtered out:                 0
-------------------------------
Total change sets:           11

{"@timestamp":"2026-10-09T11:43:18.095020095-03:00","@version":"1","message":"Application started in 0.051 seconds.","logger_name":"io.ktor.test","thread_name":"DefaultDispatcher-worker-5 @call-context#6816","level":"INFO","level_value":20000}
{"@timestamp":"2026-10-09T11:43:18.095193266-03:00","@version":"1","message":"Responding at http://localhost:80","logger_name":"io.ktor.test","thread_name":"DefaultDispatcher-worker-4 @coroutine#6901","level":"INFO","level_value":20000}
{"@timestamp":"2026-10-09T11:43:18.095220368-03:00","@version":"1","message":"Responding at https://localhost:443","logger_name":"io.ktor.test","thread_name":"DefaultDispatcher-worker-4 @coroutine#6901","level":"INFO","level_value":20000}
{"@timestamp":"2026-10-09T11:43:18.096689885-03:00","@version":"1","message":"400 Bad Request POST /workflows/nope/retry","logger_name":"io.ktor.test","thread_name":"DefaultDispatcher-worker-5 @request#6816","level":"INFO","level_value":20000,"traceId":"00000000000000000000000000000000","spanId":"0000000000000000"}
{"@timestamp":"2026-10-09T11:43:18.108442985-03:00","@version":"1","message":"204 No Content POST /workflows/8ff7c25c-438b-4100-a6f7-9237eaabc86b/retry","logger_name":"io.ktor.test","thread_name":"DefaultDispatcher-worker-9 @request#6908","level":"INFO","level_value":20000,"traceId":"00000000000000000000000000000000","spanId":"0000000000000000"}
{"@timestamp":"2026-10-09T11:43:18.111174322-03:00","@version":"1","message":"stale checkpoint; dropping duplicate work","logger_name":"run.trama.saga.SagaExecutionProcessor","thread_name":"DefaultDispatcher-worker-10 @coroutine#6890","level":"INFO","level_value":20000,"sagaId":"922ecfd0-ed51-47f3-b20c-845246faf53c"}
{"@timestamp":"2026-10-09T11:43:18.152237369-03:00","@version":"1","message":"saga-db-pool - Shutdown initiated...","logger_name":"com.zaxxer.hikari.HikariDataSource","thread_name":"DefaultDispatcher-worker-9","level":"INFO","level_value":20000}
{"@timestamp":"2026-10-09T11:43:18.152620231-03:00","@version":"1","message":"saga-db-pool - Shutdown completed.","logger_name":"com.zaxxer.hikari.HikariDataSource","thread_name":"DefaultDispatcher-worker-9","level":"INFO","level_value":20000}
{"@timestamp":"2026-10-09T11:43:18.159578712-03:00","@version":"1","message":"No ktor.deployment.watch patterns specified, automatic reload is not active.","logger_name":"io.ktor.test","thread_name":"DefaultDispatcher-worker-9 @call-context#6913","level":"INFO","level_value":20000}
{"@timestamp":"2026-10-09T11:43:18.165493741-03:00","@version":"1","message":"saga-db-pool - Starting...","logger_name":"com.zaxxer.hikari.HikariDataSource","thread_name":"DefaultDispatcher-worker-9 @coroutine#6914","level":"INFO","level_value":20000}
{"@timestamp":"2026-10-09T11:43:18.170513069-03:00","@version":"1","message":"saga-db-pool - Added connection org.postgresql.jdbc.PgConnection@1b67dc12","logger_name":"com.zaxxer.hikari.pool.HikariPool","thread_name":"DefaultDispatcher-worker-9 @coroutine#6914","level":"INFO","level_value":20000}
{"@timestamp":"2026-10-09T11:43:18.170760081-03:00","@version":"1","message":"saga-db-pool - Start completed.","logger_name":"com.zaxxer.hikari.HikariDataSource","thread_name":"DefaultDispatcher-worker-9 @coroutine#6914","level":"INFO","level_value":20000}

UPDATE SUMMARY
Run:                          2
Previously run:               9
Filtered out:                 0
-------------------------------
Total change sets:           11

{"@timestamp":"2026-10-09T11:43:18.208344994-03:00","@version":"1","message":"Application started in 0.049 seconds.","logger_name":"io.ktor.test","thread_name":"DefaultDispatcher-worker-9 @call-context#6913","level":"INFO","level_value":20000}
{"@timestamp":"2026-10-09T11:43:18.208474541-03:00","@version":"1","message":"Responding at http://localhost:80","logger_name":"io.ktor.test","thread_name":"DefaultDispatcher-worker-8 @coroutine#6998","level":"INFO","level_value":20000}
{"@timestamp":"2026-10-09T11:43:18.20850505-03:00","@version":"1","message":"Responding at https://localhost:443","logger_name":"io.ktor.test","thread_name":"DefaultDispatcher-worker-8 @coroutine#6998","level":"INFO","level_value":20000}
{"@timestamp":"2026-10-09T11:43:18.215789113-03:00","@version":"1","message":"200 OK POST /workflows/run","logger_name":"io.ktor.test","thread_name":"DefaultDispatcher-worker-9 @request#6913","level":"INFO","level_value":20000,"traceId":"00000000000000000000000000000000","spanId":"0000000000000000"}
{"@timestamp":"2026-10-09T11:43:18.22321609-03:00","@version":"1","message":"200 OK GET /workflows/62fc2c31-e44a-4867-9d46-2207928ee770","logger_name":"io.ktor.test","thread_name":"DefaultDispatcher-worker-1 @request#7005","level":"INFO","level_value":20000,"traceId":"00000000000000000000000000000000","spanId":"0000000000000000"}
{"@timestamp":"2026-10-09T11:43:18.276001378-03:00","@version":"1","message":"saga sleeping","logger_name":"run.trama.saga.workflow.WorkflowExecutor","thread_name":"DefaultDispatcher-worker-1 @coroutine#6987","level":"INFO","level_value":20000,"traceId":"00000000000000000000000000000000","spanId":"0000000000000000","sagaId":"62fc2c31-e44a-4867-9d46-2207928ee770","nodeId":"nap","wakeAt":"2026-10-09T14:43:18.773649075Z","delayMillis":500}
{"@timestamp":"2026-10-09T11:43:18.427239798-03:00","@version":"1","message":"200 OK GET /workflows/62fc2c31-e44a-4867-9d46-2207928ee770","logger_name":"io.ktor.test","thread_name":"DefaultDispatcher-worker-1 @request#7012","level":"INFO","level_value":20000,"traceId":"00000000000000000000000000000000","spanId":"0000000000000000"}
{"@timestamp":"2026-10-09T11:43:18.632249339-03:00","@version":"1","message":"200 OK GET /workflows/62fc2c31-e44a-4867-9d46-2207928ee770","logger_name":"io.ktor.test","thread_name":"DefaultDispatcher-worker-4 @request#7016","level":"INFO","level_value":20000,"traceId":"00000000000000000000000000000000","spanId":"0000000000000000"}
{"@timestamp":"2026-10-09T11:43:18.780836985-03:00","@version":"1","message":"saga waking up","logger_name":"run.trama.saga.workflow.WorkflowExecutor","thread_name":"DefaultDispatcher-worker-10 @coroutine#5108","level":"INFO","level_value":20000,"traceId":"00000000000000000000000000000000","spanId":"0000000000000000","sagaId":"62fc2c31-e44a-4867-9d46-2207928ee770","nextNodeId":null}
{"@timestamp":"2026-10-09T11:43:18.786319387-03:00","@version":"1","message":"saga finished","logger_name":"run.trama.saga.workflow.WorkflowExecutor","thread_name":"DefaultDispatcher-worker-11 @coroutine#5108","level":"INFO","level_value":20000,"traceId":"00000000000000000000000000000000","spanId":"0000000000000000","sagaId":"62fc2c31-e44a-4867-9d46-2207928ee770","sagaName":"sleep-last-0e23e842","status":"SUCCEEDED","durationMs":576}
{"@timestamp":"2026-10-09T11:43:18.836652942-03:00","@version":"1","message":"200 OK GET /workflows/62fc2c31-e44a-4867-9d46-2207928ee770","logger_name":"io.ktor.test","thread_name":"DefaultDispatcher-worker-10 @request#7020","level":"INFO","level_value":20000,"traceId":"00000000000000000000000000000000","spanId":"0000000000000000"}
{"@timestamp":"2026-10-09T11:43:18.867447234-03:00","@version":"1","message":"saga-db-pool - Shutdown initiated...","logger_name":"com.zaxxer.hikari.HikariDataSource","thread_name":"DefaultDispatcher-worker-12","level":"INFO","level_value":20000}
{"@timestamp":"2026-10-09T11:43:18.867822902-03:00","@version":"1","message":"saga-db-pool - Shutdown completed.","logger_name":"com.zaxxer.hikari.HikariDataSource","thread_name":"DefaultDispatcher-worker-12","level":"INFO","level_value":20000}
{"@timestamp":"2026-10-09T11:43:18.875225602-03:00","@version":"1","message":"No ktor.deployment.watch patterns specified, automatic reload is not active.","logger_name":"io.ktor.test","thread_name":"DefaultDispatcher-worker-12 @call-context#7028","level":"INFO","level_value":20000}
{"@timestamp":"2026-10-09T11:43:18.878810139-03:00","@version":"1","message":"saga-db-pool - Starting...","logger_name":"com.zaxxer.hikari.HikariDataSource","thread_name":"DefaultDispatcher-worker-12 @coroutine#7029","level":"INFO","level_value":20000}
{"@timestamp":"2026-10-09T11:43:18.883031863-03:00","@version":"1","message":"saga-db-pool - Added connection org.postgresql.jdbc.PgConnection@7d6fbb8c","logger_name":"com.zaxxer.hikari.pool.HikariPool","thread_name":"DefaultDispatcher-worker-12 @coroutine#7029","level":"INFO","level_value":20000}
{"@timestamp":"2026-10-09T11:43:18.883239951-03:00","@version":"1","message":"saga-db-pool - Start completed.","logger_name":"com.zaxxer.hikari.HikariDataSource","thread_name":"DefaultDispatcher-worker-12 @coroutine#7029","level":"INFO","level_value":20000}

UPDATE SUMMARY
Run:                          2
Previously run:               9
Filtered out:                 0
-------------------------------
Total change sets:           11

{"@timestamp":"2026-10-09T11:43:18.929574067-03:00","@version":"1","message":"Application started in 0.054 seconds.","logger_name":"io.ktor.test","thread_name":"DefaultDispatcher-worker-12 @call-context#7028","level":"INFO","level_value":20000}
{"@timestamp":"2026-10-09T11:43:18.92985353-03:00","@version":"1","message":"Responding at http://localhost:80","logger_name":"io.ktor.test","thread_name":"DefaultDispatcher-worker-4 @coroutine#7113","level":"INFO","level_value":20000}
{"@timestamp":"2026-10-09T11:43:18.929889078-03:00","@version":"1","message":"Responding at https://localhost:443","logger_name":"io.ktor.test","thread_name":"DefaultDispatcher-worker-4 @coroutine#7113","level":"INFO","level_value":20000}
{"@timestamp":"2026-10-09T11:43:18.94518718-03:00","@version":"1","message":"200 OK POST /workflows/run","logger_name":"io.ktor.test","thread_name":"DefaultDispatcher-worker-12 @request#7028","level":"INFO","level_value":20000,"traceId":"00000000000000000000000000000000","spanId":"0000000000000000"}
{"@timestamp":"2026-10-09T11:43:18.956537691-03:00","@version":"1","message":"200 OK GET /workflows/9cfcf9a4-1921-45f0-95eb-18b8952bf31d","logger_name":"io.ktor.test","thread_name":"DefaultDispatcher-worker-11 @request#7120","level":"INFO","level_value":20000,"traceId":"00000000000000000000000000000000","spanId":"0000000000000000"}
{"@timestamp":"2026-10-09T11:43:18.99003184-03:00","@version":"1","message":"saga sleeping","logger_name":"run.trama.saga.workflow.WorkflowExecutor","thread_name":"DefaultDispatcher-worker-4 @coroutine#5109","level":"INFO","level_value":20000,"traceId":"00000000000000000000000000000000","spanId":"0000000000000000","sagaId":"9cfcf9a4-1921-45f0-95eb-18b8952bf31d","nodeId":"nap","wakeAt":"2026-10-09T14:53:18.987843751Z","delayMillis":600000}
{"@timestamp":"2026-10-09T11:43:19.160843229-03:00","@version":"1","message":"200 OK GET /workflows/9cfcf9a4-1921-45f0-95eb-18b8952bf31d","logger_name":"io.ktor.test","thread_name":"DefaultDispatcher-worker-4 @request#7127","level":"INFO","level_value":20000,"traceId":"00000000000000000000000000000000","spanId":"0000000000000000"}
{"@timestamp":"2026-10-09T11:43:19.194508307-03:00","@version":"1","message":"saga-db-pool - Shutdown initiated...","logger_name":"com.zaxxer.hikari.HikariDataSource","thread_name":"DefaultDispatcher-worker-11","level":"INFO","level_value":20000}
{"@timestamp":"2026-10-09T11:43:19.194889595-03:00","@version":"1","message":"saga-db-pool - Shutdown completed.","logger_name":"com.zaxxer.hikari.HikariDataSource","thread_name":"DefaultDispatcher-worker-11","level":"INFO","level_value":20000}
{"@timestamp":"2026-10-09T11:43:19.203139812-03:00","@version":"1","message":"No ktor.deployment.watch patterns specified, automatic reload is not active.","logger_name":"io.ktor.test","thread_name":"DefaultDispatcher-worker-11 @call-context#7135","level":"INFO","level_value":20000}
{"@timestamp":"2026-10-09T11:43:19.20852094-03:00","@version":"1","message":"saga-db-pool - Starting...","logger_name":"com.zaxxer.hikari.HikariDataSource","thread_name":"DefaultDispatcher-worker-11 @coroutine#7136","level":"INFO","level_value":20000}
{"@timestamp":"2026-10-09T11:43:19.212995827-03:00","@version":"1","message":"saga-db-pool - Added connection org.postgresql.jdbc.PgConnection@2b3feda3","logger_name":"com.zaxxer.hikari.pool.HikariPool","thread_name":"DefaultDispatcher-worker-11 @coroutine#7136","level":"INFO","level_value":20000}
{"@timestamp":"2026-10-09T11:43:19.213229773-03:00","@version":"1","message":"saga-db-pool - Start completed.","logger_name":"com.zaxxer.hikari.HikariDataSource","thread_name":"DefaultDispatcher-worker-11 @coroutine#7136","level":"INFO","level_value":20000}

UPDATE SUMMARY
Run:                          2
Previously run:               9
Filtered out:                 0
-------------------------------
Total change sets:           11

{"@timestamp":"2026-10-09T11:43:19.264423008-03:00","@version":"1","message":"Application started in 0.062 seconds.","logger_name":"io.ktor.test","thread_name":"DefaultDispatcher-worker-11 @call-context#7135","level":"INFO","level_value":20000}
{"@timestamp":"2026-10-09T11:43:19.264582343-03:00","@version":"1","message":"Responding at http://localhost:80","logger_name":"io.ktor.test","thread_name":"DefaultDispatcher-worker-12 @coroutine#7220","level":"INFO","level_value":20000}
{"@timestamp":"2026-10-09T11:43:19.264646746-03:00","@version":"1","message":"Responding at https://localhost:443","logger_name":"io.ktor.test","thread_name":"DefaultDispatcher-worker-12 @coroutine#7220","level":"INFO","level_value":20000}
{"@timestamp":"2026-10-09T11:43:19.273376268-03:00","@version":"1","message":"200 OK POST /workflows/run","logger_name":"io.ktor.test","thread_name":"DefaultDispatcher-worker-11 @request#7135","level":"INFO","level_value":20000,"traceId":"00000000000000000000000000000000","spanId":"0000000000000000"}
{"@timestamp":"2026-10-09T11:43:19.294396245-03:00","@version":"1","message":"saga sleeping","logger_name":"run.trama.saga.workflow.WorkflowExecutor","thread_name":"DefaultDispatcher-worker-10 @coroutine#7210","level":"INFO","level_value":20000,"traceId":"00000000000000000000000000000000","spanId":"0000000000000000","sagaId":"aac1ad67-57d1-40d5-8774-847b6d1558d5","nodeId":"nap","wakeAt":"2026-10-09T14:43:20.790733620Z","delayMillis":1500}
{"@timestamp":"2026-10-09T11:43:19.629254818-03:00","@version":"1","message":"200 OK GET /workflows/aac1ad67-57d1-40d5-8774-847b6d1558d5","logger_name":"io.ktor.test","thread_name":"DefaultDispatcher-worker-5 @request#7230","level":"INFO","level_value":20000,"traceId":"00000000000000000000000000000000","spanId":"0000000000000000"}
{"@timestamp":"2026-10-09T11:43:19.833646069-03:00","@version":"1","message":"200 OK GET /workflows/aac1ad67-57d1-40d5-8774-847b6d1558d5","logger_name":"io.ktor.test","thread_name":"DefaultDispatcher-worker-5 @request#7234","level":"INFO","level_value":20000,"traceId":"00000000000000000000000000000000","spanId":"0000000000000000"}
{"@timestamp":"2026-10-09T11:43:20.037911321-03:00","@version":"1","message":"200 OK GET /workflows/aac1ad67-57d1-40d5-8774-847b6d1558d5","logger_name":"io.ktor.test","thread_name":"DefaultDispatcher-worker-3 @request#7238","level":"INFO","level_value":20000,"traceId":"00000000000000000000000000000000","spanId":"0000000000000000"}
{"@timestamp":"2026-10-09T11:43:20.241880377-03:00","@version":"1","message":"200 OK GET /workflows/aac1ad67-57d1-40d5-8774-847b6d1558d5","logger_name":"io.ktor.test","thread_name":"DefaultDispatcher-worker-8 @request#7242","level":"INFO","level_value":20000,"traceId":"00000000000000000000000000000000","spanId":"0000000000000000"}
{"@timestamp":"2026-10-09T11:43:20.446090554-03:00","@version":"1","message":"200 OK GET /workflows/aac1ad67-57d1-40d5-8774-847b6d1558d5","logger_name":"io.ktor.test","thread_name":"DefaultDispatcher-worker-5 @request#7246","level":"INFO","level_value":20000,"traceId":"00000000000000000000000000000000","spanId":"0000000000000000"}
{"@timestamp":"2026-10-09T11:43:20.650523065-03:00","@version":"1","message":"200 OK GET /workflows/aac1ad67-57d1-40d5-8774-847b6d1558d5","logger_name":"io.ktor.test","thread_name":"DefaultDispatcher-worker-3 @request#7250","level":"INFO","level_value":20000,"traceId":"00000000000000000000000000000000","spanId":"0000000000000000"}
{"@timestamp":"2026-10-09T11:43:20.839746682-03:00","@version":"1","message":"saga waking up","logger_name":"run.trama.saga.workflow.WorkflowExecutor","thread_name":"DefaultDispatcher-worker-5 @coroutine#7209","level":"INFO","level_value":20000,"traceId":"00000000000000000000000000000000","spanId":"0000000000000000","sagaId":"aac1ad67-57d1-40d5-8774-847b6d1558d5","nextNodeId":"b"}
{"@timestamp":"2026-10-09T11:43:20.8502341-03:00","@version":"1","message":"saga finished","logger_name":"run.trama.saga.workflow.WorkflowExecutor","thread_name":"DefaultDispatcher-worker-3 @coroutine#7209","level":"INFO","level_value":20000,"traceId":"00000000000000000000000000000000","spanId":"0000000000000000","sagaId":"aac1ad67-57d1-40d5-8774-847b6d1558d5","sagaName":"sleep-01504afc","status":"SUCCEEDED","durationMs":1584}
{"@timestamp":"2026-10-09T11:43:20.854344249-03:00","@version":"1","message":"200 OK GET /workflows/aac1ad67-57d1-40d5-8774-847b6d1558d5","logger_name":"io.ktor.test","thread_name":"DefaultDispatcher-worker-3 @request#7257","level":"INFO","level_value":20000,"traceId":"00000000000000000000000000000000","spanId":"0000000000000000"}
{"@timestamp":"2026-10-09T11:43:20.887484587-03:00","@version":"1","message":"saga-db-pool - Shutdown initiated...","logger_name":"com.zaxxer.hikari.HikariDataSource","thread_name":"DefaultDispatcher-worker-9","level":"INFO","level_value":20000}
{"@timestamp":"2026-10-09T11:43:20.887961558-03:00","@version":"1","message":"saga-db-pool - Shutdown completed.","logger_name":"com.zaxxer.hikari.HikariDataSource","thread_name":"DefaultDispatcher-worker-9","level":"INFO","level_value":20000}
{"@timestamp":"2026-10-09T11:43:20.894528519-03:00","@version":"1","message":"No ktor.deployment.watch patterns specified, automatic reload is not active.","logger_name":"io.ktor.test","thread_name":"DefaultDispatcher-worker-9 @call-context#7265","level":"INFO","level_value":20000}
{"@timestamp":"2026-10-09T11:43:20.899969409-03:00","@version":"1","message":"saga-db-pool - Starting...","logger_name":"com.zaxxer.hikari.HikariDataSource","thread_name":"DefaultDispatcher-worker-9 @coroutine#7266","level":"INFO","level_value":20000}
{"@timestamp":"2026-10-09T11:43:20.904878223-03:00","@version":"1","message":"saga-db-pool - Added connection org.postgresql.jdbc.PgConnection@2e89e1cd","logger_name":"com.zaxxer.hikari.pool.HikariPool","thread_name":"DefaultDispatcher-worker-9 @coroutine#7266","level":"INFO","level_value":20000}
{"@timestamp":"2026-10-09T11:43:20.905105968-03:00","@version":"1","message":"saga-db-pool - Start completed.","logger_name":"com.zaxxer.hikari.HikariDataSource","thread_name":"DefaultDispatcher-worker-9 @coroutine#7266","level":"INFO","level_value":20000}

UPDATE SUMMARY
Run:                          2
Previously run:               9
Filtered out:                 0
-------------------------------
Total change sets:           11

{"@timestamp":"2026-10-09T11:43:20.942902267-03:00","@version":"1","message":"Application started in 0.048 seconds.","logger_name":"io.ktor.test","thread_name":"DefaultDispatcher-worker-9 @call-context#7265","level":"INFO","level_value":20000}
{"@timestamp":"2026-10-09T11:43:20.943019651-03:00","@version":"1","message":"Responding at http://localhost:80","logger_name":"io.ktor.test","thread_name":"DefaultDispatcher-worker-12 @coroutine#7350","level":"INFO","level_value":20000}
{"@timestamp":"2026-10-09T11:43:20.94305058-03:00","@version":"1","message":"Responding at https://localhost:443","logger_name":"io.ktor.test","thread_name":"DefaultDispatcher-worker-12 @coroutine#7350","level":"INFO","level_value":20000}
{"@timestamp":"2026-10-09T11:43:20.950611479-03:00","@version":"1","message":"200 OK POST /workflows/run","logger_name":"io.ktor.test","thread_name":"DefaultDispatcher-worker-9 @request#7265","level":"INFO","level_value":20000,"traceId":"00000000000000000000000000000000","spanId":"0000000000000000"}
{"@timestamp":"2026-10-09T11:43:20.998687859-03:00","@version":"1","message":"saga sleeping","logger_name":"run.trama.saga.workflow.WorkflowExecutor","thread_name":"DefaultDispatcher-worker-12 @coroutine#5108","level":"INFO","level_value":20000,"traceId":"00000000000000000000000000000000","spanId":"0000000000000000","sagaId":"39a69e23-aa39-469c-a204-74563f798bde","nodeId":"nap","wakeAt":"2026-10-09T14:53:20.996294870Z","delayMillis":600000}
{"@timestamp":"2026-10-09T11:43:21.316381649-03:00","@version":"1","message":"202 Accepted POST /workflows/39a69e23-aa39-469c-a204-74563f798bde/wake","logger_name":"io.ktor.test","thread_name":"DefaultDispatcher-worker-9 @request#7360","level":"INFO","level_value":20000,"traceId":"00000000000000000000000000000000","spanId":"0000000000000000"}
{"@timestamp":"2026-10-09T11:43:21.320820745-03:00","@version":"1","message":"200 OK GET /workflows/39a69e23-aa39-469c-a204-74563f798bde","logger_name":"io.ktor.test","thread_name":"DefaultDispatcher-worker-2 @request#7361","level":"INFO","level_value":20000,"traceId":"00000000000000000000000000000000","spanId":"0000000000000000"}
{"@timestamp":"2026-10-09T11:43:21.345749255-03:00","@version":"1","message":"saga waking up","logger_name":"run.trama.saga.workflow.WorkflowExecutor","thread_name":"DefaultDispatcher-worker-11 @coroutine#5109","level":"INFO","level_value":20000,"traceId":"00000000000000000000000000000000","spanId":"0000000000000000","sagaId":"39a69e23-aa39-469c-a204-74563f798bde","nextNodeId":null}
{"@timestamp":"2026-10-09T11:43:21.349008258-03:00","@version":"1","message":"saga finished","logger_name":"run.trama.saga.workflow.WorkflowExecutor","thread_name":"DefaultDispatcher-worker-11 @coroutine#5109","level":"INFO","level_value":20000,"traceId":"00000000000000000000000000000000","spanId":"0000000000000000","sagaId":"39a69e23-aa39-469c-a204-74563f798bde","sagaName":"wake-last-137c3991","status":"SUCCEEDED","durationMs":404}
{"@timestamp":"2026-10-09T11:43:21.525832654-03:00","@version":"1","message":"200 OK GET /workflows/39a69e23-aa39-469c-a204-74563f798bde","logger_name":"io.ktor.test","thread_name":"DefaultDispatcher-worker-1 @request#7365","level":"INFO","level_value":20000,"traceId":"00000000000000000000000000000000","spanId":"0000000000000000"}
{"@timestamp":"2026-10-09T11:43:21.550231222-03:00","@version":"1","message":"saga-db-pool - Shutdown initiated...","logger_name":"com.zaxxer.hikari.HikariDataSource","thread_name":"DefaultDispatcher-worker-2","level":"INFO","level_value":20000}
{"@timestamp":"2026-10-09T11:43:21.550551564-03:00","@version":"1","message":"saga-db-pool - Shutdown completed.","logger_name":"com.zaxxer.hikari.HikariDataSource","thread_name":"DefaultDispatcher-worker-2","level":"INFO","level_value":20000}
{"@timestamp":"2026-10-09T11:43:21.558240044-03:00","@version":"1","message":"No ktor.deployment.watch patterns specified, automatic reload is not active.","logger_name":"io.ktor.test","thread_name":"DefaultDispatcher-worker-2 @call-context#7373","level":"INFO","level_value":20000}
{"@timestamp":"2026-10-09T11:43:21.563300187-03:00","@version":"1","message":"saga-db-pool - Starting...","logger_name":"com.zaxxer.hikari.HikariDataSource","thread_name":"DefaultDispatcher-worker-2 @coroutine#7374","level":"INFO","level_value":20000}
{"@timestamp":"2026-10-09T11:43:21.568173392-03:00","@version":"1","message":"saga-db-pool - Added connection org.postgresql.jdbc.PgConnection@7c13eb3b","logger_name":"com.zaxxer.hikari.pool.HikariPool","thread_name":"DefaultDispatcher-worker-2 @coroutine#7374","level":"INFO","level_value":20000}
{"@timestamp":"2026-10-09T11:43:21.568416837-03:00","@version":"1","message":"saga-db-pool - Start completed.","logger_name":"com.zaxxer.hikari.HikariDataSource","thread_name":"DefaultDispatcher-worker-2 @coroutine#7374","level":"INFO","level_value":20000}

UPDATE SUMMARY
Run:                          2
Previously run:               9
Filtered out:                 0
-------------------------------
Total change sets:           11

{"@timestamp":"2026-10-09T11:43:21.618233929-03:00","@version":"1","message":"Application started in 0.06 seconds.","logger_name":"io.ktor.test","thread_name":"DefaultDispatcher-worker-2 @call-context#7373","level":"INFO","level_value":20000}
{"@timestamp":"2026-10-09T11:43:21.618514816-03:00","@version":"1","message":"Responding at http://localhost:80","logger_name":"io.ktor.test","thread_name":"DefaultDispatcher-worker-3 @coroutine#7458","level":"INFO","level_value":20000}
{"@timestamp":"2026-10-09T11:43:21.618544042-03:00","@version":"1","message":"Responding at https://localhost:443","logger_name":"io.ktor.test","thread_name":"DefaultDispatcher-worker-3 @coroutine#7458","level":"INFO","level_value":20000}
{"@timestamp":"2026-10-09T11:43:21.620670262-03:00","@version":"1","message":"400 Bad Request POST /workflows/not-a-uuid/wake","logger_name":"io.ktor.test","thread_name":"DefaultDispatcher-worker-2 @request#7373","level":"INFO","level_value":20000,"traceId":"00000000000000000000000000000000","spanId":"0000000000000000"}
{"@timestamp":"2026-10-09T11:43:21.63893132-03:00","@version":"1","message":"404 Not Found POST /workflows/eddd57c7-3ab7-4641-9b61-89ae4c022718/wake","logger_name":"io.ktor.test","thread_name":"DefaultDispatcher-worker-10 @request#7465","level":"INFO","level_value":20000,"traceId":"00000000000000000000000000000000","spanId":"0000000000000000"}
{"@timestamp":"2026-10-09T11:43:21.682034674-03:00","@version":"1","message":"saga-db-pool - Shutdown initiated...","logger_name":"com.zaxxer.hikari.HikariDataSource","thread_name":"DefaultDispatcher-worker-10","level":"INFO","level_value":20000}
{"@timestamp":"2026-10-09T11:43:21.682433545-03:00","@version":"1","message":"saga-db-pool - Shutdown completed.","logger_name":"com.zaxxer.hikari.HikariDataSource","thread_name":"DefaultDispatcher-worker-10","level":"INFO","level_value":20000}
{"@timestamp":"2026-10-09T11:43:21.690832983-03:00","@version":"1","message":"No ktor.deployment.watch patterns specified, automatic reload is not active.","logger_name":"io.ktor.test","thread_name":"DefaultDispatcher-worker-10 @call-context#7473","level":"INFO","level_value":20000}
{"@timestamp":"2026-10-09T11:43:21.695490086-03:00","@version":"1","message":"saga-db-pool - Starting...","logger_name":"com.zaxxer.hikari.HikariDataSource","thread_name":"DefaultDispatcher-worker-10 @coroutine#7474","level":"INFO","level_value":20000}
{"@timestamp":"2026-10-09T11:43:21.699615633-03:00","@version":"1","message":"saga-db-pool - Added connection org.postgresql.jdbc.PgConnection@7e9291ea","logger_name":"com.zaxxer.hikari.pool.HikariPool","thread_name":"DefaultDispatcher-worker-10 @coroutine#7474","level":"INFO","level_value":20000}
{"@timestamp":"2026-10-09T11:43:21.699846124-03:00","@version":"1","message":"saga-db-pool - Start completed.","logger_name":"com.zaxxer.hikari.HikariDataSource","thread_name":"DefaultDispatcher-worker-10 @coroutine#7474","level":"INFO","level_value":20000}

UPDATE SUMMARY
Run:                          2
Previously run:               9
Filtered out:                 0
-------------------------------
Total change sets:           11

{"@timestamp":"2026-10-09T11:43:21.743161191-03:00","@version":"1","message":"Application started in 0.053 seconds.","logger_name":"io.ktor.test","thread_name":"DefaultDispatcher-worker-10 @call-context#7473","level":"INFO","level_value":20000}
{"@timestamp":"2026-10-09T11:43:21.743288655-03:00","@version":"1","message":"Responding at http://localhost:80","logger_name":"io.ktor.test","thread_name":"DefaultDispatcher-worker-6 @coroutine#7558","level":"INFO","level_value":20000}
{"@timestamp":"2026-10-09T11:43:21.743305767-03:00","@version":"1","message":"Responding at https://localhost:443","logger_name":"io.ktor.test","thread_name":"DefaultDispatcher-worker-6 @coroutine#7558","level":"INFO","level_value":20000}
{"@timestamp":"2026-10-09T11:43:21.751775229-03:00","@version":"1","message":"200 OK POST /workflows/run","logger_name":"io.ktor.test","thread_name":"DefaultDispatcher-worker-10 @request#7473","level":"INFO","level_value":20000,"traceId":"00000000000000000000000000000000","spanId":"0000000000000000"}
{"@timestamp":"2026-10-09T11:43:21.804872676-03:00","@version":"1","message":"saga sleeping","logger_name":"run.trama.saga.workflow.WorkflowExecutor","thread_name":"DefaultDispatcher-worker-10 @coroutine#5108","level":"INFO","level_value":20000,"traceId":"00000000000000000000000000000000","spanId":"0000000000000000","sagaId":"db167e48-cc04-4024-a12f-694ebbc42abf","nodeId":"nap","wakeAt":"2026-10-09T14:53:21.803228677Z","delayMillis":600000}
{"@timestamp":"2026-10-09T11:43:22.117120138-03:00","@version":"1","message":"202 Accepted POST /workflows/db167e48-cc04-4024-a12f-694ebbc42abf/wake","logger_name":"io.ktor.test","thread_name":"DefaultDispatcher-worker-6 @request#7568","level":"INFO","level_value":20000,"traceId":"00000000000000000000000000000000","spanId":"0000000000000000"}
{"@timestamp":"2026-10-09T11:43:22.120613949-03:00","@version":"1","message":"200 OK GET /workflows/db167e48-cc04-4024-a12f-694ebbc42abf","logger_name":"io.ktor.test","thread_name":"DefaultDispatcher-worker-6 @request#7569","level":"INFO","level_value":20000,"traceId":"00000000000000000000000000000000","spanId":"0000000000000000"}
{"@timestamp":"2026-10-09T11:43:22.152148344-03:00","@version":"1","message":"saga waking up","logger_name":"run.trama.saga.workflow.WorkflowExecutor","thread_name":"DefaultDispatcher-worker-4 @coroutine#5109","level":"INFO","level_value":20000,"traceId":"00000000000000000000000000000000","spanId":"0000000000000000","sagaId":"db167e48-cc04-4024-a12f-694ebbc42abf","nextNodeId":"b"}
{"@timestamp":"2026-10-09T11:43:22.158678342-03:00","@version":"1","message":"saga finished","logger_name":"run.trama.saga.workflow.WorkflowExecutor","thread_name":"DefaultDispatcher-worker-4 @coroutine#5109","level":"INFO","level_value":20000,"traceId":"00000000000000000000000000000000","spanId":"0000000000000000","sagaId":"db167e48-cc04-4024-a12f-694ebbc42abf","sagaName":"wake-1dd02c35","status":"SUCCEEDED","durationMs":413}
{"@timestamp":"2026-10-09T11:43:22.324917257-03:00","@version":"1","message":"200 OK GET /workflows/db167e48-cc04-4024-a12f-694ebbc42abf","logger_name":"io.ktor.test","thread_name":"DefaultDispatcher-worker-10 @request#7576","level":"INFO","level_value":20000,"traceId":"00000000000000000000000000000000","spanId":"0000000000000000"}
{"@timestamp":"2026-10-09T11:43:22.32875309-03:00","@version":"1","message":"409 Conflict POST /workflows/db167e48-cc04-4024-a12f-694ebbc42abf/wake","logger_name":"io.ktor.test","thread_name":"DefaultDispatcher-worker-1 @request#7580","level":"INFO","level_value":20000,"traceId":"00000000000000000000000000000000","spanId":"0000000000000000"}
{"@timestamp":"2026-10-09T11:43:22.351643262-03:00","@version":"1","message":"saga-db-pool - Shutdown initiated...","logger_name":"com.zaxxer.hikari.HikariDataSource","thread_name":"DefaultDispatcher-worker-4","level":"INFO","level_value":20000}
{"@timestamp":"2026-10-09T11:43:22.352003811-03:00","@version":"1","message":"saga-db-pool - Shutdown completed.","logger_name":"com.zaxxer.hikari.HikariDataSource","thread_name":"DefaultDispatcher-worker-4","level":"INFO","level_value":20000}
{"@timestamp":"2026-10-09T11:43:22.35940446-03:00","@version":"1","message":"No ktor.deployment.watch patterns specified, automatic reload is not active.","logger_name":"io.ktor.test","thread_name":"DefaultDispatcher-worker-4 @call-context#7588","level":"INFO","level_value":20000}
{"@timestamp":"2026-10-09T11:43:22.363752641-03:00","@version":"1","message":"saga-db-pool - Starting...","logger_name":"com.zaxxer.hikari.HikariDataSource","thread_name":"DefaultDispatcher-worker-4 @coroutine#7589","level":"INFO","level_value":20000}
{"@timestamp":"2026-10-09T11:43:22.368457023-03:00","@version":"1","message":"saga-db-pool - Added connection org.postgresql.jdbc.PgConnection@74fa86cb","logger_name":"com.zaxxer.hikari.pool.HikariPool","thread_name":"DefaultDispatcher-worker-4 @coroutine#7589","level":"INFO","level_value":20000}
{"@timestamp":"2026-10-09T11:43:22.368690569-03:00","@version":"1","message":"saga-db-pool - Start completed.","logger_name":"com.zaxxer.hikari.HikariDataSource","thread_name":"DefaultDispatcher-worker-4 @coroutine#7589","level":"INFO","level_value":20000}

UPDATE SUMMARY
Run:                          2
Previously run:               9
Filtered out:                 0
-------------------------------
Total change sets:           11

{"@timestamp":"2026-10-09T11:43:22.408543677-03:00","@version":"1","message":"Application started in 0.049 seconds.","logger_name":"io.ktor.test","thread_name":"DefaultDispatcher-worker-4 @call-context#7588","level":"INFO","level_value":20000}
{"@timestamp":"2026-10-09T11:43:22.408666451-03:00","@version":"1","message":"Responding at http://localhost:80","logger_name":"io.ktor.test","thread_name":"DefaultDispatcher-worker-8 @coroutine#7673","level":"INFO","level_value":20000}
{"@timestamp":"2026-10-09T11:43:22.408683714-03:00","@version":"1","message":"Responding at https://localhost:443","logger_name":"io.ktor.test","thread_name":"DefaultDispatcher-worker-8 @coroutine#7673","level":"INFO","level_value":20000}
{"@timestamp":"2026-10-09T11:43:22.416750135-03:00","@version":"1","message":"200 OK POST /workflows/run","logger_name":"io.ktor.test","thread_name":"DefaultDispatcher-worker-4 @request#7588","level":"INFO","level_value":20000,"traceId":"00000000000000000000000000000000","spanId":"0000000000000000"}
{"@timestamp":"2026-10-09T11:43:22.4256834-03:00","@version":"1","message":"200 OK GET /workflows/f1709b29-cbb4-4629-9b47-f23708c21845","logger_name":"io.ktor.test","thread_name":"DefaultDispatcher-worker-7 @request#7680","level":"INFO","level_value":20000,"traceId":"00000000000000000000000000000000","spanId":"0000000000000000"}
{"@timestamp":"2026-10-09T11:43:22.457374515-03:00","@version":"1","message":"saga split","logger_name":"run.trama.saga.workflow.WorkflowExecutor","thread_name":"DefaultDispatcher-worker-8 @coroutine#5108","level":"INFO","level_value":20000,"traceId":"00000000000000000000000000000000","spanId":"0000000000000000","sagaId":"f1709b29-cbb4-4629-9b47-f23708c21845","nodeId":"fan-out","branchCount":2}
{"@timestamp":"2026-10-09T11:43:22.47481861-03:00","@version":"1","message":"saga finished","logger_name":"run.trama.saga.workflow.WorkflowExecutor","thread_name":"DefaultDispatcher-worker-8 @coroutine#7662","level":"INFO","level_value":20000,"traceId":"00000000000000000000000000000000","spanId":"0000000000000000","sagaId":"1adf74bc-c4d2-317a-8a2a-9cc3b6375d91","sagaName":"split-join-success-88e16e18","status":"SUCCEEDED","durationMs":64}
{"@timestamp":"2026-10-09T11:43:22.482283652-03:00","@version":"1","message":"saga finished","logger_name":"run.trama.saga.workflow.WorkflowExecutor","thread_name":"DefaultDispatcher-worker-4 @coroutine#7663","level":"INFO","level_value":20000,"traceId":"00000000000000000000000000000000","spanId":"0000000000000000","sagaId":"d038c17c-44a7-38d3-b50f-50bd5aa42f95","sagaName":"split-join-success-88e16e18","status":"SUCCEEDED","durationMs":72}
{"@timestamp":"2026-10-09T11:43:22.489891788-03:00","@version":"1","message":"join barrier satisfied","logger_name":"run.trama.saga.workflow.WorkflowExecutor","thread_name":"DefaultDispatcher-worker-7 @coroutine#7663","level":"INFO","level_value":20000,"traceId":"00000000000000000000000000000000","spanId":"0000000000000000","sagaId":"f1709b29-cbb4-4629-9b47-f23708c21845","splitNodeId":"fan-out","joinNodeId":"fan-in","allSucceeded":true}
{"@timestamp":"2026-10-09T11:43:22.510454877-03:00","@version":"1","message":"saga finished","logger_name":"run.trama.saga.workflow.WorkflowExecutor","thread_name":"DefaultDispatcher-worker-7 @coroutine#5109","level":"INFO","level_value":20000,"traceId":"00000000000000000000000000000000","spanId":"0000000000000000","sagaId":"f1709b29-cbb4-4629-9b47-f23708c21845","sagaName":"split-join-success-88e16e18","status":"SUCCEEDED","durationMs":100}
{"@timestamp":"2026-10-09T11:43:22.629414426-03:00","@version":"1","message":"200 OK GET /workflows/f1709b29-cbb4-4629-9b47-f23708c21845","logger_name":"io.ktor.test","thread_name":"DefaultDispatcher-worker-8 @request#7693","level":"INFO","level_value":20000,"traceId":"00000000000000000000000000000000","spanId":"0000000000000000"}
{"@timestamp":"2026-10-09T11:43:22.667315998-03:00","@version":"1","message":"saga-db-pool - Shutdown initiated...","logger_name":"com.zaxxer.hikari.HikariDataSource","thread_name":"DefaultDispatcher-worker-8","level":"INFO","level_value":20000}
{"@timestamp":"2026-10-09T11:43:22.667744386-03:00","@version":"1","message":"saga-db-pool - Shutdown completed.","logger_name":"com.zaxxer.hikari.HikariDataSource","thread_name":"DefaultDispatcher-worker-8","level":"INFO","level_value":20000}
{"@timestamp":"2026-10-09T11:43:22.67549317-03:00","@version":"1","message":"No ktor.deployment.watch patterns specified, automatic reload is not active.","logger_name":"io.ktor.test","thread_name":"DefaultDispatcher-worker-8 @call-context#7701","level":"INFO","level_value":20000}
{"@timestamp":"2026-10-09T11:43:22.679059529-03:00","@version":"1","message":"saga-db-pool - Starting...","logger_name":"com.zaxxer.hikari.HikariDataSource","thread_name":"DefaultDispatcher-worker-8 @coroutine#7702","level":"INFO","level_value":20000}
{"@timestamp":"2026-10-09T11:43:22.683516137-03:00","@version":"1","message":"saga-db-pool - Added connection org.postgresql.jdbc.PgConnection@624c7544","logger_name":"com.zaxxer.hikari.pool.HikariPool","thread_name":"DefaultDispatcher-worker-8 @coroutine#7702","level":"INFO","level_value":20000}
{"@timestamp":"2026-10-09T11:43:22.683752017-03:00","@version":"1","message":"saga-db-pool - Start completed.","logger_name":"com.zaxxer.hikari.HikariDataSource","thread_name":"DefaultDispatcher-worker-8 @coroutine#7702","level":"INFO","level_value":20000}

UPDATE SUMMARY
Run:                          2
Previously run:               9
Filtered out:                 0
-------------------------------
Total change sets:           11

{"@timestamp":"2026-10-09T11:43:22.72818507-03:00","@version":"1","message":"Application started in 0.053 seconds.","logger_name":"io.ktor.test","thread_name":"DefaultDispatcher-worker-8 @call-context#7701","level":"INFO","level_value":20000}
{"@timestamp":"2026-10-09T11:43:22.728437261-03:00","@version":"1","message":"Responding at http://localhost:80","logger_name":"io.ktor.test","thread_name":"DefaultDispatcher-worker-10 @coroutine#7786","level":"INFO","level_value":20000}
{"@timestamp":"2026-10-09T11:43:22.72847333-03:00","@version":"1","message":"Responding at https://localhost:443","logger_name":"io.ktor.test","thread_name":"DefaultDispatcher-worker-10 @coroutine#7786","level":"INFO","level_value":20000}
{"@timestamp":"2026-10-09T11:43:22.74474717-03:00","@version":"1","message":"200 OK POST /workflows/run","logger_name":"io.ktor.test","thread_name":"DefaultDispatcher-worker-8 @request#7701","level":"INFO","level_value":20000,"traceId":"00000000000000000000000000000000","spanId":"0000000000000000"}
{"@timestamp":"2026-10-09T11:43:22.756730429-03:00","@version":"1","message":"200 OK GET /workflows/f44e5050-fd05-4f29-95eb-6aa4722259e2","logger_name":"io.ktor.test","thread_name":"DefaultDispatcher-worker-12 @request#7793","level":"INFO","level_value":20000,"traceId":"00000000000000000000000000000000","spanId":"0000000000000000"}
{"@timestamp":"2026-10-09T11:43:22.791192614-03:00","@version":"1","message":"saga split","logger_name":"run.trama.saga.workflow.WorkflowExecutor","thread_name":"DefaultDispatcher-worker-12 @coroutine#7775","level":"INFO","level_value":20000,"traceId":"00000000000000000000000000000000","spanId":"0000000000000000","sagaId":"f44e5050-fd05-4f29-95eb-6aa4722259e2","nodeId":"fan-out","branchCount":2}
{"@timestamp":"2026-10-09T11:43:22.842486425-03:00","@version":"1","message":"node completed","logger_name":"run.trama.saga.workflow.TaskNodeHandler","thread_name":"DefaultDispatcher-worker-2 @coroutine#7776","level":"INFO","level_value":20000,"traceId":"00000000000000000000000000000000","spanId":"0000000000000000","sagaId":"89884faa-4fbe-3220-a54a-3761c344f608","nodeId":"branch-b","phase":"UP","status":500}
{"@timestamp":"2026-10-09T11:43:22.846529594-03:00","@version":"1","message":"compensation scheduled","logger_name":"run.trama.saga.workflow.WorkflowExecutor","thread_name":"DefaultDispatcher-worker-12 @coroutine#7776","level":"INFO","level_value":20000,"traceId":"00000000000000000000000000000000","spanId":"0000000000000000","sagaId":"89884faa-4fbe-3220-a54a-3761c344f608","failedNodeId":"branch-b"}
{"@timestamp":"2026-10-09T11:43:22.851286857-03:00","@version":"1","message":"saga finished","logger_name":"run.trama.saga.workflow.WorkflowExecutor","thread_name":"DefaultDispatcher-worker-12 @coroutine#7775","level":"INFO","level_value":20000,"traceId":"00000000000000000000000000000000","spanId":"0000000000000000","sagaId":"49916d54-ef77-3205-8eb7-826df152e835","sagaName":"split-join-partial-failure-ddf0bb85","status":"SUCCEEDED","durationMs":120}
{"@timestamp":"2026-10-09T11:43:22.893786858-03:00","@version":"1","message":"saga finished","logger_name":"run.trama.saga.workflow.WorkflowExecutor","thread_name":"DefaultDispatcher-worker-2 @coroutine#7776","level":"INFO","level_value":20000,"traceId":"00000000000000000000000000000000","spanId":"0000000000000000","sagaId":"89884faa-4fbe-3220-a54a-3761c344f608","sagaName":"split-join-partial-failure-ddf0bb85","status":"FAILED","durationMs":163}
{"@timestamp":"2026-10-09T11:43:22.905266625-03:00","@version":"1","message":"join barrier satisfied","logger_name":"run.trama.saga.workflow.WorkflowExecutor","thread_name":"DefaultDispatcher-worker-2 @coroutine#7776","level":"INFO","level_value":20000,"traceId":"00000000000000000000000000000000","spanId":"0000000000000000","sagaId":"f44e5050-fd05-4f29-95eb-6aa4722259e2","splitNodeId":"fan-out","joinNodeId":"fan-in","allSucceeded":false}
{"@timestamp":"2026-10-09T11:43:22.947662518-03:00","@version":"1","message":"saga finished","logger_name":"run.trama.saga.workflow.WorkflowExecutor","thread_name":"DefaultDispatcher-worker-3 @coroutine#7775","level":"INFO","level_value":20000,"traceId":"00000000000000000000000000000000","spanId":"0000000000000000","sagaId":"f44e5050-fd05-4f29-95eb-6aa4722259e2","sagaName":"split-join-partial-failure-ddf0bb85","status":"SUCCEEDED","durationMs":217}
{"@timestamp":"2026-10-09T11:43:22.961251703-03:00","@version":"1","message":"200 OK GET /workflows/f44e5050-fd05-4f29-95eb-6aa4722259e2","logger_name":"io.ktor.test","thread_name":"DefaultDispatcher-worker-2 @request#7806","level":"INFO","level_value":20000,"traceId":"00000000000000000000000000000000","spanId":"0000000000000000"}
{"@timestamp":"2026-10-09T11:43:22.989454538-03:00","@version":"1","message":"saga-db-pool - Shutdown initiated...","logger_name":"com.zaxxer.hikari.HikariDataSource","thread_name":"DefaultDispatcher-worker-2","level":"INFO","level_value":20000}
{"@timestamp":"2026-10-09T11:43:22.989909146-03:00","@version":"1","message":"saga-db-pool - Shutdown completed.","logger_name":"com.zaxxer.hikari.HikariDataSource","thread_name":"DefaultDispatcher-worker-2","level":"INFO","level_value":20000}
{"@timestamp":"2026-10-09T11:43:22.999348598-03:00","@version":"1","message":"No ktor.deployment.watch patterns specified, automatic reload is not active.","logger_name":"io.ktor.test","thread_name":"DefaultDispatcher-worker-2 @call-context#7814","level":"INFO","level_value":20000}
{"@timestamp":"2026-10-09T11:43:23.004643556-03:00","@version":"1","message":"saga-db-pool - Starting...","logger_name":"com.zaxxer.hikari.HikariDataSource","thread_name":"DefaultDispatcher-worker-2 @coroutine#7815","level":"INFO","level_value":20000}
{"@timestamp":"2026-10-09T11:43:23.009804127-03:00","@version":"1","message":"saga-db-pool - Added connection org.postgresql.jdbc.PgConnection@30a71cde","logger_name":"com.zaxxer.hikari.pool.HikariPool","thread_name":"DefaultDispatcher-worker-2 @coroutine#7815","level":"INFO","level_value":20000}
{"@timestamp":"2026-10-09T11:43:23.010032974-03:00","@version":"1","message":"saga-db-pool - Start completed.","logger_name":"com.zaxxer.hikari.HikariDataSource","thread_name":"DefaultDispatcher-worker-2 @coroutine#7815","level":"INFO","level_value":20000}

UPDATE SUMMARY
Run:                          2
Previously run:               9
Filtered out:                 0
-------------------------------
Total change sets:           11

{"@timestamp":"2026-10-09T11:43:23.050285485-03:00","@version":"1","message":"Application started in 0.051 seconds.","logger_name":"io.ktor.test","thread_name":"DefaultDispatcher-worker-2 @call-context#7814","level":"INFO","level_value":20000}
{"@timestamp":"2026-10-09T11:43:23.050389113-03:00","@version":"1","message":"Responding at http://localhost:80","logger_name":"io.ktor.test","thread_name":"DefaultDispatcher-worker-8 @coroutine#7899","level":"INFO","level_value":20000}
{"@timestamp":"2026-10-09T11:43:23.050431424-03:00","@version":"1","message":"Responding at https://localhost:443","logger_name":"io.ktor.test","thread_name":"DefaultDispatcher-worker-8 @coroutine#7899","level":"INFO","level_value":20000}
{"@timestamp":"2026-10-09T11:43:23.057823224-03:00","@version":"1","message":"200 OK POST /workflows/run","logger_name":"io.ktor.test","thread_name":"DefaultDispatcher-worker-2 @request#7814","level":"INFO","level_value":20000,"traceId":"00000000000000000000000000000000","spanId":"0000000000000000"}
{"@timestamp":"2026-10-09T11:43:23.066262345-03:00","@version":"1","message":"200 OK GET /workflows/ebe5d6b6-04f3-4514-aae6-13c60ccc4fc6","logger_name":"io.ktor.test","thread_name":"DefaultDispatcher-worker-8 @request#7906","level":"INFO","level_value":20000,"traceId":"00000000000000000000000000000000","spanId":"0000000000000000"}
{"@timestamp":"2026-10-09T11:43:23.10576802-03:00","@version":"1","message":"switch evaluated","logger_name":"run.trama.saga.workflow.WorkflowExecutor","thread_name":"DefaultDispatcher-worker-2 @coroutine#7889","level":"INFO","level_value":20000,"traceId":"00000000000000000000000000000000","spanId":"0000000000000000","sagaId":"ebe5d6b6-04f3-4514-aae6-13c60ccc4fc6","nodeId":"choose-payment","target":"fallback-payment","matchedCase":null,"usedDefault":true}
{"@timestamp":"2026-10-09T11:43:23.125598496-03:00","@version":"1","message":"saga finished","logger_name":"run.trama.saga.workflow.WorkflowExecutor","thread_name":"DefaultDispatcher-worker-1 @coroutine#7889","level":"INFO","level_value":20000,"traceId":"00000000000000000000000000000000","spanId":"0000000000000000","sagaId":"ebe5d6b6-04f3-4514-aae6-13c60ccc4fc6","sagaName":"switch-default-3f9a61ec","status":"SUCCEEDED","durationMs":73}
{"@timestamp":"2026-10-09T11:43:23.269840791-03:00","@version":"1","message":"200 OK GET /workflows/ebe5d6b6-04f3-4514-aae6-13c60ccc4fc6","logger_name":"io.ktor.test","thread_name":"DefaultDispatcher-worker-1 @request#7919","level":"INFO","level_value":20000,"traceId":"00000000000000000000000000000000","spanId":"0000000000000000"}
{"@timestamp":"2026-10-09T11:43:23.306900246-03:00","@version":"1","message":"saga-db-pool - Shutdown initiated...","logger_name":"com.zaxxer.hikari.HikariDataSource","thread_name":"DefaultDispatcher-worker-1","level":"INFO","level_value":20000}
{"@timestamp":"2026-10-09T11:43:23.307601766-03:00","@version":"1","message":"saga-db-pool - Shutdown completed.","logger_name":"com.zaxxer.hikari.HikariDataSource","thread_name":"DefaultDispatcher-worker-1","level":"INFO","level_value":20000}
{"@timestamp":"2026-10-09T11:43:23.316180763-03:00","@version":"1","message":"No ktor.deployment.watch patterns specified, automatic reload is not active.","logger_name":"io.ktor.test","thread_name":"DefaultDispatcher-worker-1 @call-context#7927","level":"INFO","level_value":20000}
{"@timestamp":"2026-10-09T11:43:23.322069183-03:00","@version":"1","message":"saga-db-pool - Starting...","logger_name":"com.zaxxer.hikari.HikariDataSource","thread_name":"DefaultDispatcher-worker-1 @coroutine#7928","level":"INFO","level_value":20000}
{"@timestamp":"2026-10-09T11:43:23.326776269-03:00","@version":"1","message":"saga-db-pool - Added connection org.postgresql.jdbc.PgConnection@270f59de","logger_name":"com.zaxxer.hikari.pool.HikariPool","thread_name":"DefaultDispatcher-worker-1 @coroutine#7928","level":"INFO","level_value":20000}
{"@timestamp":"2026-10-09T11:43:23.32700695-03:00","@version":"1","message":"saga-db-pool - Start completed.","logger_name":"com.zaxxer.hikari.HikariDataSource","thread_name":"DefaultDispatcher-worker-1 @coroutine#7928","level":"INFO","level_value":20000}

UPDATE SUMMARY
Run:                          2
Previously run:               9
Filtered out:                 0
-------------------------------
Total change sets:           11

{"@timestamp":"2026-10-09T11:43:23.364247861-03:00","@version":"1","message":"Application started in 0.048 seconds.","logger_name":"io.ktor.test","thread_name":"DefaultDispatcher-worker-1 @call-context#7927","level":"INFO","level_value":20000}
{"@timestamp":"2026-10-09T11:43:23.364352171-03:00","@version":"1","message":"Responding at http://localhost:80","logger_name":"io.ktor.test","thread_name":"DefaultDispatcher-worker-8 @coroutine#8012","level":"INFO","level_value":20000}
{"@timestamp":"2026-10-09T11:43:23.364367079-03:00","@version":"1","message":"Responding at https://localhost:443","logger_name":"io.ktor.test","thread_name":"DefaultDispatcher-worker-8 @coroutine#8012","level":"INFO","level_value":20000}
{"@timestamp":"2026-10-09T11:43:23.372740424-03:00","@version":"1","message":"200 OK POST /workflows/run","logger_name":"io.ktor.test","thread_name":"DefaultDispatcher-worker-1 @request#7927","level":"INFO","level_value":20000,"traceId":"00000000000000000000000000000000","spanId":"0000000000000000"}
{"@timestamp":"2026-10-09T11:43:23.376926104-03:00","@version":"1","message":"stale checkpoint; dropping duplicate work","logger_name":"run.trama.saga.SagaExecutionProcessor","thread_name":"DefaultDispatcher-worker-10 @coroutine#8002","level":"INFO","level_value":20000,"sagaId":"0a5087e3-7c26-35d0-b46d-67fb23a65da1"}
{"@timestamp":"2026-10-09T11:43:23.382254165-03:00","@version":"1","message":"200 OK GET /workflows/623639ab-f6fa-4566-9f6a-cc2730c31a11","logger_name":"io.ktor.test","thread_name":"DefaultDispatcher-worker-11 @request#8019","level":"INFO","level_value":20000,"traceId":"00000000000000000000000000000000","spanId":"0000000000000000"}
{"@timestamp":"2026-10-09T11:43:23.418424984-03:00","@version":"1","message":"switch evaluated","logger_name":"run.trama.saga.workflow.WorkflowExecutor","thread_name":"DefaultDispatcher-worker-1 @coroutine#8001","level":"INFO","level_value":20000,"traceId":"00000000000000000000000000000000","spanId":"0000000000000000","sagaId":"623639ab-f6fa-4566-9f6a-cc2730c31a11","nodeId":"choose-payment","target":"card-payment","matchedCase":"card","usedDefault":false}
{"@timestamp":"2026-10-09T11:43:23.437132807-03:00","@version":"1","message":"saga finished","logger_name":"run.trama.saga.workflow.WorkflowExecutor","thread_name":"DefaultDispatcher-worker-8 @coroutine#8001","level":"INFO","level_value":20000,"traceId":"00000000000000000000000000000000","spanId":"0000000000000000","sagaId":"623639ab-f6fa-4566-9f6a-cc2730c31a11","sagaName":"switch-card-6467e1d6","status":"SUCCEEDED","durationMs":71}
{"@timestamp":"2026-10-09T11:43:23.586813424-03:00","@version":"1","message":"200 OK GET /workflows/623639ab-f6fa-4566-9f6a-cc2730c31a11","logger_name":"io.ktor.test","thread_name":"DefaultDispatcher-worker-1 @request#8032","level":"INFO","level_value":20000,"traceId":"00000000000000000000000000000000","spanId":"0000000000000000"}
{"@timestamp":"2026-10-09T11:43:23.622183374-03:00","@version":"1","message":"saga-db-pool - Shutdown initiated...","logger_name":"com.zaxxer.hikari.HikariDataSource","thread_name":"DefaultDispatcher-worker-1","level":"INFO","level_value":20000}
{"@timestamp":"2026-10-09T11:43:23.62268935-03:00","@version":"1","message":"saga-db-pool - Shutdown completed.","logger_name":"com.zaxxer.hikari.HikariDataSource","thread_name":"DefaultDispatcher-worker-1","level":"INFO","level_value":20000}
{"@timestamp":"2026-10-09T11:43:23.629411863-03:00","@version":"1","message":"No ktor.deployment.watch patterns specified, automatic reload is not active.","logger_name":"io.ktor.test","thread_name":"DefaultDispatcher-worker-1 @call-context#8040","level":"INFO","level_value":20000}
{"@timestamp":"2026-10-09T11:43:23.633687465-03:00","@version":"1","message":"saga-db-pool - Starting...","logger_name":"com.zaxxer.hikari.HikariDataSource","thread_name":"DefaultDispatcher-worker-1 @coroutine#8041","level":"INFO","level_value":20000}
{"@timestamp":"2026-10-09T11:43:23.637879908-03:00","@version":"1","message":"saga-db-pool - Added connection org.postgresql.jdbc.PgConnection@33f54d0a","logger_name":"com.zaxxer.hikari.pool.HikariPool","thread_name":"DefaultDispatcher-worker-1 @coroutine#8041","level":"INFO","level_value":20000}
{"@timestamp":"2026-10-09T11:43:23.638072866-03:00","@version":"1","message":"saga-db-pool - Start completed.","logger_name":"com.zaxxer.hikari.HikariDataSource","thread_name":"DefaultDispatcher-worker-1 @coroutine#8041","level":"INFO","level_value":20000}

UPDATE SUMMARY
Run:                          2
Previously run:               9
Filtered out:                 0
-------------------------------
Total change sets:           11

{"@timestamp":"2026-10-09T11:43:23.691043657-03:00","@version":"1","message":"Application started in 0.062 seconds.","logger_name":"io.ktor.test","thread_name":"DefaultDispatcher-worker-1 @call-context#8040","level":"INFO","level_value":20000}
{"@timestamp":"2026-10-09T11:43:23.691284627-03:00","@version":"1","message":"Responding at http://localhost:80","logger_name":"io.ktor.test","thread_name":"DefaultDispatcher-worker-2 @coroutine#8125","level":"INFO","level_value":20000}
{"@timestamp":"2026-10-09T11:43:23.691315385-03:00","@version":"1","message":"Responding at https://localhost:443","logger_name":"io.ktor.test","thread_name":"DefaultDispatcher-worker-2 @coroutine#8125","level":"INFO","level_value":20000}
{"@timestamp":"2026-10-09T11:43:23.694776853-03:00","@version":"1","message":"400 Bad Request POST /workflows/run","logger_name":"io.ktor.test","thread_name":"DefaultDispatcher-worker-1 @request#8040","level":"INFO","level_value":20000,"traceId":"00000000000000000000000000000000","spanId":"0000000000000000"}
{"@timestamp":"2026-10-09T11:43:23.696431171-03:00","@version":"1","message":"partition maintenance failed","logger_name":"run.trama.runtime.PartitionMaintenance","thread_name":"DefaultDispatcher-worker-8 @coroutine#8116","level":"WARN","level_value":30000,"stack_trace":"kotlinx.coroutines.JobCancellationException: StandaloneCoroutine was cancelled; job=\"coroutine#8116\":StandaloneCoroutine{Cancelling}@28a8f1d1\n\tat kotlinx.coroutines.JobSupport.cancel(JobSupport.kt:1682)\n\tat kotlinx.coroutines.Job.cancel$default(Job.kt:207)\n\tat run.trama.runtime.RuntimeBootstrap$stop$1.invokeSuspend(RuntimeBootstrap.kt:326)\n\tat _COROUTINE._BOUNDARY._(CoroutineDebugging.kt:42)\n\tat run.trama.runtime.PartitionMaintenance.runLoop(PartitionMaintenance.kt:24)\n\tat run.trama.runtime.RuntimeBootstrap$startWorkers$7.invokeSuspend(RuntimeBootstrap.kt:212)\nCaused by: kotlinx.coroutines.JobCancellationException: StandaloneCoroutine was cancelled; job=\"coroutine#8116\":StandaloneCoroutine{Cancelling}@28a8f1d1\n\tat kotlinx.coroutines.JobSupport.cancel(JobSupport.kt:1682)\n\tat kotlinx.coroutines.Job.cancel$default(Job.kt:207)\n\tat run.trama.runtime.RuntimeBootstrap$stop$1.invokeSuspend(RuntimeBootstrap.kt:326)\n\tat kotlin.coroutines.jvm.internal.BaseContinuationImpl.resumeWith(ContinuationImpl.kt:34)\n\tat kotlinx.coroutines.DispatchedTask.run(DispatchedTask.kt:100)\n\tat kotlinx.coroutines.EventLoopImplBase.processNextEvent(EventLoop.common.kt:256)\n\tat kotlinx.coroutines.BlockingCoroutine.joinBlocking(Builders.kt:54)\n\tat kotlinx.coroutines.BuildersKt__BuildersKt.runBlockingImpl(Builders.kt:30)\n\tat kotlinx.coroutines.BuildersKt.runBlockingImpl(Unknown Source)\n\tat kotlinx.coroutines.BuildersKt__Builders_concurrentKt.runBlockingK(Builders.concurrent.kt:172)\n\tat kotlinx.coroutines.BuildersKt.runBlockingK(Unknown Source)\n\tat kotlinx.coroutines.BuildersKt__Builders_concurrentKt.runBlockingK$default(Builders.concurrent.kt:157)\n\tat kotlinx.coroutines.BuildersKt.runBlockingK$default(Unknown Source)\n\tat run.trama.runtime.RuntimeBootstrap.stop(RuntimeBootstrap.kt:322)\n\tat run.trama.app.ApplicationKt.module$lambda$2(Application.kt:134)\n\tat io.ktor.events.Events.raise(Events.kt:52)\n\tat io.ktor.server.engine.EmbeddedServer.safeRaiseEvent(EmbeddedServerJvm.kt:287)\n\tat io.ktor.server.engine.EmbeddedServer.destroyApplication(EmbeddedServerJvm.kt:300)\n\tat io.ktor.server.engine.EmbeddedServer.stop(EmbeddedServerJvm.kt:411)\n\tat io.ktor.server.engine.EmbeddedServer.stop(EmbeddedServerJvm.kt:419)\n\tat io.ktor.server.engine.EmbeddedServer$stopSuspend$2.invokeSuspend(EmbeddedServerJvm.kt:423)\n\tat kotlin.coroutines.jvm.internal.BaseContinuationImpl.resumeWith(ContinuationImpl.kt:34)\n\tat kotlinx.coroutines.DispatchedTask.run(DispatchedTask.kt:100)\n\tat kotlinx.coroutines.internal.LimitedDispatcher$Worker.run(LimitedDispatcher.kt:124)\n\tat kotlinx.coroutines.scheduling.TaskImpl.run(Tasks.kt:89)\n\tat kotlinx.coroutines.scheduling.CoroutineScheduler.runSafely(CoroutineScheduler.kt:586)\n\tat kotlinx.coroutines.scheduling.CoroutineScheduler$Worker.executeTask(CoroutineScheduler.kt:798)\n\tat kotlinx.coroutines.scheduling.CoroutineScheduler$Worker.runWorker(CoroutineScheduler.kt:717)\n\tat kotlinx.coroutines.scheduling.CoroutineScheduler$Worker.run(CoroutineScheduler.kt:704)\n","enabled":true}
{"@timestamp":"2026-10-09T11:43:23.747012439-03:00","@version":"1","message":"saga-db-pool - Shutdown initiated...","logger_name":"com.zaxxer.hikari.HikariDataSource","thread_name":"DefaultDispatcher-worker-1","level":"INFO","level_value":20000}
{"@timestamp":"2026-10-09T11:43:23.74744208-03:00","@version":"1","message":"saga-db-pool - Shutdown completed.","logger_name":"com.zaxxer.hikari.HikariDataSource","thread_name":"DefaultDispatcher-worker-1","level":"INFO","level_value":20000}
{"@timestamp":"2026-10-09T11:43:23.75545204-03:00","@version":"1","message":"No ktor.deployment.watch patterns specified, automatic reload is not active.","logger_name":"io.ktor.test","thread_name":"DefaultDispatcher-worker-1 @call-context#8136","level":"INFO","level_value":20000}
{"@timestamp":"2026-10-09T11:43:23.760808626-03:00","@version":"1","message":"saga-db-pool - Starting...","logger_name":"com.zaxxer.hikari.HikariDataSource","thread_name":"DefaultDispatcher-worker-1 @coroutine#8137","level":"INFO","level_value":20000}
{"@timestamp":"2026-10-09T11:43:23.765715994-03:00","@version":"1","message":"saga-db-pool - Added connection org.postgresql.jdbc.PgConnection@2f9dd401","logger_name":"com.zaxxer.hikari.pool.HikariPool","thread_name":"DefaultDispatcher-worker-1 @coroutine#8137","level":"INFO","level_value":20000}
{"@timestamp":"2026-10-09T11:43:23.765929592-03:00","@version":"1","message":"saga-db-pool - Start completed.","logger_name":"com.zaxxer.hikari.HikariDataSource","thread_name":"DefaultDispatcher-worker-1 @coroutine#8137","level":"INFO","level_value":20000}

UPDATE SUMMARY
Run:                          2
Previously run:               9
Filtered out:                 0
-------------------------------
Total change sets:           11

{"@timestamp":"2026-10-09T11:43:23.80809762-03:00","@version":"1","message":"Application started in 0.053 seconds.","logger_name":"io.ktor.test","thread_name":"DefaultDispatcher-worker-1 @call-context#8136","level":"INFO","level_value":20000}
{"@timestamp":"2026-10-09T11:43:23.808216497-03:00","@version":"1","message":"Responding at http://localhost:80","logger_name":"io.ktor.test","thread_name":"DefaultDispatcher-worker-4 @coroutine#8221","level":"INFO","level_value":20000}
{"@timestamp":"2026-10-09T11:43:23.808240933-03:00","@version":"1","message":"Responding at https://localhost:443","logger_name":"io.ktor.test","thread_name":"DefaultDispatcher-worker-4 @coroutine#8221","level":"INFO","level_value":20000}
{"@timestamp":"2026-10-09T11:43:23.816722735-03:00","@version":"1","message":"200 OK POST /workflows/run","logger_name":"io.ktor.test","thread_name":"DefaultDispatcher-worker-1 @request#8136","level":"INFO","level_value":20000,"traceId":"00000000000000000000000000000000","spanId":"0000000000000000"}
{"@timestamp":"2026-10-09T11:43:23.826557178-03:00","@version":"1","message":"200 OK GET /workflows/84799368-df61-4df3-85f1-48f52559b08a","logger_name":"io.ktor.test","thread_name":"DefaultDispatcher-worker-9 @request#8228","level":"INFO","level_value":20000,"traceId":"00000000000000000000000000000000","spanId":"0000000000000000"}
{"@timestamp":"2026-10-09T11:43:23.86312755-03:00","@version":"1","message":"switch evaluated","logger_name":"run.trama.saga.workflow.WorkflowExecutor","thread_name":"DefaultDispatcher-worker-9 @coroutine#8210","level":"INFO","level_value":20000,"traceId":"00000000000000000000000000000000","spanId":"0000000000000000","sagaId":"84799368-df61-4df3-85f1-48f52559b08a","nodeId":"choose-payment","target":"pix-payment","matchedCase":"pix","usedDefault":false}
{"@timestamp":"2026-10-09T11:43:23.884974666-03:00","@version":"1","message":"saga finished","logger_name":"run.trama.saga.workflow.WorkflowExecutor","thread_name":"DefaultDispatcher-worker-2 @coroutine#8210","level":"INFO","level_value":20000,"traceId":"00000000000000000000000000000000","spanId":"0000000000000000","sagaId":"84799368-df61-4df3-85f1-48f52559b08a","sagaName":"switch-pix-dcf1ef17","status":"SUCCEEDED","durationMs":75}
{"@timestamp":"2026-10-09T11:43:24.03098018-03:00","@version":"1","message":"200 OK GET /workflows/84799368-df61-4df3-85f1-48f52559b08a","logger_name":"io.ktor.test","thread_name":"DefaultDispatcher-worker-1 @request#8241","level":"INFO","level_value":20000,"traceId":"00000000000000000000000000000000","spanId":"0000000000000000"}
{"@timestamp":"2026-10-09T11:43:24.064796576-03:00","@version":"1","message":"saga-db-pool - Shutdown initiated...","logger_name":"com.zaxxer.hikari.HikariDataSource","thread_name":"DefaultDispatcher-worker-1","level":"INFO","level_value":20000}
{"@timestamp":"2026-10-09T11:43:24.065194195-03:00","@version":"1","message":"saga-db-pool - Shutdown completed.","logger_name":"com.zaxxer.hikari.HikariDataSource","thread_name":"DefaultDispatcher-worker-1","level":"INFO","level_value":20000}
{"@timestamp":"2026-10-09T11:43:24.07259406-03:00","@version":"1","message":"No ktor.deployment.watch patterns specified, automatic reload is not active.","logger_name":"io.ktor.test","thread_name":"DefaultDispatcher-worker-1 @call-context#8249","level":"INFO","level_value":20000}
{"@timestamp":"2026-10-09T11:43:24.078237892-03:00","@version":"1","message":"saga-db-pool - Starting...","logger_name":"com.zaxxer.hikari.HikariDataSource","thread_name":"DefaultDispatcher-worker-1 @coroutine#8250","level":"INFO","level_value":20000}
{"@timestamp":"2026-10-09T11:43:24.083053374-03:00","@version":"1","message":"saga-db-pool - Added connection org.postgresql.jdbc.PgConnection@528c5204","logger_name":"com.zaxxer.hikari.pool.HikariPool","thread_name":"DefaultDispatcher-worker-1 @coroutine#8250","level":"INFO","level_value":20000}
{"@timestamp":"2026-10-09T11:43:24.083258285-03:00","@version":"1","message":"saga-db-pool - Start completed.","logger_name":"com.zaxxer.hikari.HikariDataSource","thread_name":"DefaultDispatcher-worker-1 @coroutine#8250","level":"INFO","level_value":20000}

UPDATE SUMMARY
Run:                          2
Previously run:               9
Filtered out:                 0
-------------------------------
Total change sets:           11

{"@timestamp":"2026-10-09T11:43:24.122204393-03:00","@version":"1","message":"Application started in 0.05 seconds.","logger_name":"io.ktor.test","thread_name":"DefaultDispatcher-worker-1 @call-context#8249","level":"INFO","level_value":20000}
{"@timestamp":"2026-10-09T11:43:24.122326085-03:00","@version":"1","message":"Responding at http://localhost:80","logger_name":"io.ktor.test","thread_name":"DefaultDispatcher-worker-11 @coroutine#8334","level":"INFO","level_value":20000}
{"@timestamp":"2026-10-09T11:43:24.122347546-03:00","@version":"1","message":"Responding at https://localhost:443","logger_name":"io.ktor.test","thread_name":"DefaultDispatcher-worker-11 @coroutine#8334","level":"INFO","level_value":20000}
{"@timestamp":"2026-10-09T11:43:24.129526769-03:00","@version":"1","message":"200 OK POST /workflows/run","logger_name":"io.ktor.test","thread_name":"DefaultDispatcher-worker-1 @request#8249","level":"INFO","level_value":20000,"traceId":"00000000000000000000000000000000","spanId":"0000000000000000"}
{"@timestamp":"2026-10-09T11:43:24.138869172-03:00","@version":"1","message":"200 OK GET /workflows/17637412-91d3-415f-b1bf-dc85c3914693","logger_name":"io.ktor.test","thread_name":"DefaultDispatcher-worker-11 @request#8341","level":"INFO","level_value":20000,"traceId":"00000000000000000000000000000000","spanId":"0000000000000000"}
{"@timestamp":"2026-10-09T11:43:24.193195897-03:00","@version":"1","message":"node completed","logger_name":"run.trama.saga.workflow.TaskNodeHandler","thread_name":"DefaultDispatcher-worker-12 @coroutine#8323","level":"INFO","level_value":20000,"traceId":"00000000000000000000000000000000","spanId":"0000000000000000","sagaId":"17637412-91d3-415f-b1bf-dc85c3914693","nodeId":"charge","phase":"UP","status":500}
{"@timestamp":"2026-10-09T11:43:24.194495057-03:00","@version":"1","message":"retry scheduled","logger_name":"run.trama.saga.workflow.WorkflowExecutor","thread_name":"DefaultDispatcher-worker-12 @coroutine#8323","level":"INFO","level_value":20000,"traceId":"00000000000000000000000000000000","spanId":"0000000000000000","sagaId":"17637412-91d3-415f-b1bf-dc85c3914693","delayMillis":10,"attempt":1}
{"@timestamp":"2026-10-09T11:43:24.236259915-03:00","@version":"1","message":"node completed","logger_name":"run.trama.saga.workflow.TaskNodeHandler","thread_name":"DefaultDispatcher-worker-11 @coroutine#8324","level":"INFO","level_value":20000,"traceId":"00000000000000000000000000000000","spanId":"0000000000000000","sagaId":"17637412-91d3-415f-b1bf-dc85c3914693","nodeId":"charge","phase":"UP","status":500}
{"@timestamp":"2026-10-09T11:43:24.237434848-03:00","@version":"1","message":"compensation scheduled","logger_name":"run.trama.saga.workflow.WorkflowExecutor","thread_name":"DefaultDispatcher-worker-11 @coroutine#8324","level":"INFO","level_value":20000,"traceId":"00000000000000000000000000000000","spanId":"0000000000000000","sagaId":"17637412-91d3-415f-b1bf-dc85c3914693","failedNodeId":"charge"}
{"@timestamp":"2026-10-09T11:43:24.293285172-03:00","@version":"1","message":"saga finished","logger_name":"run.trama.saga.workflow.WorkflowExecutor","thread_name":"DefaultDispatcher-worker-12 @coroutine#8323","level":"INFO","level_value":20000,"traceId":"00000000000000000000000000000000","spanId":"0000000000000000","sagaId":"17637412-91d3-415f-b1bf-dc85c3914693","sagaName":"retries-exhausted-db27eb1c","status":"FAILED","durationMs":169}
{"@timestamp":"2026-10-09T11:43:24.343363989-03:00","@version":"1","message":"200 OK GET /workflows/17637412-91d3-415f-b1bf-dc85c3914693","logger_name":"io.ktor.test","thread_name":"DefaultDispatcher-worker-5 @request#8360","level":"INFO","level_value":20000,"traceId":"00000000000000000000000000000000","spanId":"0000000000000000"}
{"@timestamp":"2026-10-09T11:43:24.380149423-03:00","@version":"1","message":"saga-db-pool - Shutdown initiated...","logger_name":"com.zaxxer.hikari.HikariDataSource","thread_name":"DefaultDispatcher-worker-5","level":"INFO","level_value":20000}
{"@timestamp":"2026-10-09T11:43:24.380543926-03:00","@version":"1","message":"saga-db-pool - Shutdown completed.","logger_name":"com.zaxxer.hikari.HikariDataSource","thread_name":"DefaultDispatcher-worker-5","level":"INFO","level_value":20000}
{"@timestamp":"2026-10-09T11:43:24.388869898-03:00","@version":"1","message":"No ktor.deployment.watch patterns specified, automatic reload is not active.","logger_name":"io.ktor.test","thread_name":"DefaultDispatcher-worker-5 @call-context#8368","level":"INFO","level_value":20000}
{"@timestamp":"2026-10-09T11:43:24.392490569-03:00","@version":"1","message":"saga-db-pool - Starting...","logger_name":"com.zaxxer.hikari.HikariDataSource","thread_name":"DefaultDispatcher-worker-5 @coroutine#8369","level":"INFO","level_value":20000}
{"@timestamp":"2026-10-09T11:43:24.396614431-03:00","@version":"1","message":"saga-db-pool - Added connection org.postgresql.jdbc.PgConnection@571b137a","logger_name":"com.zaxxer.hikari.pool.HikariPool","thread_name":"DefaultDispatcher-worker-5 @coroutine#8369","level":"INFO","level_value":20000}
{"@timestamp":"2026-10-09T11:43:24.396800937-03:00","@version":"1","message":"saga-db-pool - Start completed.","logger_name":"com.zaxxer.hikari.HikariDataSource","thread_name":"DefaultDispatcher-worker-5 @coroutine#8369","level":"INFO","level_value":20000}

UPDATE SUMMARY
Run:                          2
Previously run:               9
Filtered out:                 0
-------------------------------
Total change sets:           11

{"@timestamp":"2026-10-09T11:43:24.447415166-03:00","@version":"1","message":"Application started in 0.059 seconds.","logger_name":"io.ktor.test","thread_name":"DefaultDispatcher-worker-5 @call-context#8368","level":"INFO","level_value":20000}
{"@timestamp":"2026-10-09T11:43:24.447777688-03:00","@version":"1","message":"Responding at http://localhost:80","logger_name":"io.ktor.test","thread_name":"DefaultDispatcher-worker-3 @coroutine#8453","level":"INFO","level_value":20000}
{"@timestamp":"2026-10-09T11:43:24.447803648-03:00","@version":"1","message":"Responding at https://localhost:443","logger_name":"io.ktor.test","thread_name":"DefaultDispatcher-worker-3 @coroutine#8453","level":"INFO","level_value":20000}
{"@timestamp":"2026-10-09T11:43:24.457525073-03:00","@version":"1","message":"200 OK POST /workflows/run","logger_name":"io.ktor.test","thread_name":"DefaultDispatcher-worker-5 @request#8368","level":"INFO","level_value":20000,"traceId":"00000000000000000000000000000000","spanId":"0000000000000000"}
{"@timestamp":"2026-10-09T11:43:24.46630397-03:00","@version":"1","message":"200 OK GET /workflows/4e9f7770-3415-4b57-b4df-78fd01822a6a","logger_name":"io.ktor.test","thread_name":"DefaultDispatcher-worker-9 @request#8460","level":"INFO","level_value":20000,"traceId":"00000000000000000000000000000000","spanId":"0000000000000000"}
{"@timestamp":"2026-10-09T11:43:24.543934126-03:00","@version":"1","message":"node completed","logger_name":"run.trama.saga.workflow.TaskNodeHandler","thread_name":"DefaultDispatcher-worker-1 @coroutine#8442","level":"INFO","level_value":20000,"traceId":"00000000000000000000000000000000","spanId":"0000000000000000","sagaId":"4e9f7770-3415-4b57-b4df-78fd01822a6a","nodeId":"step3","phase":"UP","status":404}
{"@timestamp":"2026-10-09T11:43:24.545302247-03:00","@version":"1","message":"retry scheduled","logger_name":"run.trama.saga.workflow.WorkflowExecutor","thread_name":"DefaultDispatcher-worker-1 @coroutine#8442","level":"INFO","level_value":20000,"traceId":"00000000000000000000000000000000","spanId":"0000000000000000","sagaId":"4e9f7770-3415-4b57-b4df-78fd01822a6a","delayMillis":10,"attempt":1}
{"@timestamp":"2026-10-09T11:43:24.612815492-03:00","@version":"1","message":"node completed","logger_name":"run.trama.saga.workflow.TaskNodeHandler","thread_name":"DefaultDispatcher-worker-9 @coroutine#8443","level":"INFO","level_value":20000,"traceId":"00000000000000000000000000000000","spanId":"0000000000000000","sagaId":"4e9f7770-3415-4b57-b4df-78fd01822a6a","nodeId":"step3","phase":"UP","status":404}
{"@timestamp":"2026-10-09T11:43:24.61361605-03:00","@version":"1","message":"compensation scheduled","logger_name":"run.trama.saga.workflow.WorkflowExecutor","thread_name":"DefaultDispatcher-worker-9 @coroutine#8443","level":"INFO","level_value":20000,"traceId":"00000000000000000000000000000000","spanId":"0000000000000000","sagaId":"4e9f7770-3415-4b57-b4df-78fd01822a6a","failedNodeId":"step3"}
{"@timestamp":"2026-10-09T11:43:24.67077897-03:00","@version":"1","message":"saga finished","logger_name":"run.trama.saga.workflow.WorkflowExecutor","thread_name":"DefaultDispatcher-worker-9 @coroutine#8442","level":"INFO","level_value":20000,"traceId":"00000000000000000000000000000000","spanId":"0000000000000000","sagaId":"4e9f7770-3415-4b57-b4df-78fd01822a6a","sagaName":"comp-order-8b881bf4","status":"FAILED","durationMs":220}
{"@timestamp":"2026-10-09T11:43:24.675305961-03:00","@version":"1","message":"200 OK GET /workflows/4e9f7770-3415-4b57-b4df-78fd01822a6a","logger_name":"io.ktor.test","thread_name":"DefaultDispatcher-worker-7 @request#8482","level":"INFO","level_value":20000,"traceId":"00000000000000000000000000000000","spanId":"0000000000000000"}
{"@timestamp":"2026-10-09T11:43:24.707018862-03:00","@version":"1","message":"saga-db-pool - Shutdown initiated...","logger_name":"com.zaxxer.hikari.HikariDataSource","thread_name":"DefaultDispatcher-worker-7","level":"INFO","level_value":20000}
{"@timestamp":"2026-10-09T11:43:24.707487507-03:00","@version":"1","message":"saga-db-pool - Shutdown completed.","logger_name":"com.zaxxer.hikari.HikariDataSource","thread_name":"DefaultDispatcher-worker-7","level":"INFO","level_value":20000}
{"@timestamp":"2026-10-09T11:43:24.716912016-03:00","@version":"1","message":"No ktor.deployment.watch patterns specified, automatic reload is not active.","logger_name":"io.ktor.test","thread_name":"DefaultDispatcher-worker-7 @call-context#8490","level":"INFO","level_value":20000}
{"@timestamp":"2026-10-09T11:43:24.722568693-03:00","@version":"1","message":"saga-db-pool - Starting...","logger_name":"com.zaxxer.hikari.HikariDataSource","thread_name":"DefaultDispatcher-worker-7 @coroutine#8491","level":"INFO","level_value":20000}
{"@timestamp":"2026-10-09T11:43:24.727052792-03:00","@version":"1","message":"saga-db-pool - Added connection org.postgresql.jdbc.PgConnection@45fc8dc9","logger_name":"com.zaxxer.hikari.pool.HikariPool","thread_name":"DefaultDispatcher-worker-7 @coroutine#8491","level":"INFO","level_value":20000}
{"@timestamp":"2026-10-09T11:43:24.727258134-03:00","@version":"1","message":"saga-db-pool - Start completed.","logger_name":"com.zaxxer.hikari.HikariDataSource","thread_name":"DefaultDispatcher-worker-7 @coroutine#8491","level":"INFO","level_value":20000}

UPDATE SUMMARY
Run:                          2
Previously run:               9
Filtered out:                 0
-------------------------------
Total change sets:           11

{"@timestamp":"2026-10-09T11:43:24.769049172-03:00","@version":"1","message":"Application started in 0.053 seconds.","logger_name":"io.ktor.test","thread_name":"DefaultDispatcher-worker-7 @call-context#8490","level":"INFO","level_value":20000}
{"@timestamp":"2026-10-09T11:43:24.769151407-03:00","@version":"1","message":"Responding at http://localhost:80","logger_name":"io.ktor.test","thread_name":"DefaultDispatcher-worker-9 @coroutine#8575","level":"INFO","level_value":20000}
{"@timestamp":"2026-10-09T11:43:24.769175253-03:00","@version":"1","message":"Responding at https://localhost:443","logger_name":"io.ktor.test","thread_name":"DefaultDispatcher-worker-9 @coroutine#8575","level":"INFO","level_value":20000}
{"@timestamp":"2026-10-09T11:43:24.777393299-03:00","@version":"1","message":"200 OK POST /workflows/run","logger_name":"io.ktor.test","thread_name":"DefaultDispatcher-worker-7 @request#8490","level":"INFO","level_value":20000,"traceId":"00000000000000000000000000000000","spanId":"0000000000000000"}
{"@timestamp":"2026-10-09T11:43:24.786405811-03:00","@version":"1","message":"200 OK GET /workflows/0ed78091-28c8-45b3-8b05-a41ae9378bad","logger_name":"io.ktor.test","thread_name":"DefaultDispatcher-worker-8 @request#8582","level":"INFO","level_value":20000,"traceId":"00000000000000000000000000000000","spanId":"0000000000000000"}
{"@timestamp":"2026-10-09T11:43:24.840970311-03:00","@version":"1","message":"saga finished","logger_name":"run.trama.saga.workflow.WorkflowExecutor","thread_name":"DefaultDispatcher-worker-3 @coroutine#8564","level":"INFO","level_value":20000,"traceId":"00000000000000000000000000000000","spanId":"0000000000000000","sagaId":"0ed78091-28c8-45b3-8b05-a41ae9378bad","sagaName":"v1-linear-ecc43db4","status":"SUCCEEDED","durationMs":70}
{"@timestamp":"2026-10-09T11:43:24.991583783-03:00","@version":"1","message":"200 OK GET /workflows/0ed78091-28c8-45b3-8b05-a41ae9378bad","logger_name":"io.ktor.test","thread_name":"DefaultDispatcher-worker-7 @request#8595","level":"INFO","level_value":20000,"traceId":"00000000000000000000000000000000","spanId":"0000000000000000"}
{"@timestamp":"2026-10-09T11:43:25.02678163-03:00","@version":"1","message":"saga-db-pool - Shutdown initiated...","logger_name":"com.zaxxer.hikari.HikariDataSource","thread_name":"DefaultDispatcher-worker-7","level":"INFO","level_value":20000}
{"@timestamp":"2026-10-09T11:43:25.027140265-03:00","@version":"1","message":"saga-db-pool - Shutdown completed.","logger_name":"com.zaxxer.hikari.HikariDataSource","thread_name":"DefaultDispatcher-worker-7","level":"INFO","level_value":20000}
{"@timestamp":"2026-10-09T11:43:25.035650346-03:00","@version":"1","message":"No ktor.deployment.watch patterns specified, automatic reload is not active.","logger_name":"io.ktor.test","thread_name":"DefaultDispatcher-worker-7 @call-context#8603","level":"INFO","level_value":20000}
{"@timestamp":"2026-10-09T11:43:25.039968027-03:00","@version":"1","message":"saga-db-pool - Starting...","logger_name":"com.zaxxer.hikari.HikariDataSource","thread_name":"DefaultDispatcher-worker-7 @coroutine#8604","level":"INFO","level_value":20000}
{"@timestamp":"2026-10-09T11:43:25.044844353-03:00","@version":"1","message":"saga-db-pool - Added connection org.postgresql.jdbc.PgConnection@182bcb10","logger_name":"com.zaxxer.hikari.pool.HikariPool","thread_name":"DefaultDispatcher-worker-7 @coroutine#8604","level":"INFO","level_value":20000}
{"@timestamp":"2026-10-09T11:43:25.045066116-03:00","@version":"1","message":"saga-db-pool - Start completed.","logger_name":"com.zaxxer.hikari.HikariDataSource","thread_name":"DefaultDispatcher-worker-7 @coroutine#8604","level":"INFO","level_value":20000}

UPDATE SUMMARY
Run:                          2
Previously run:               9
Filtered out:                 0
-------------------------------
Total change sets:           11

{"@timestamp":"2026-10-09T11:43:25.08302441-03:00","@version":"1","message":"Application started in 0.048 seconds.","logger_name":"io.ktor.test","thread_name":"DefaultDispatcher-worker-7 @call-context#8603","level":"INFO","level_value":20000}
{"@timestamp":"2026-10-09T11:43:25.083116796-03:00","@version":"1","message":"Responding at http://localhost:80","logger_name":"io.ktor.test","thread_name":"DefaultDispatcher-worker-8 @coroutine#8688","level":"INFO","level_value":20000}
{"@timestamp":"2026-10-09T11:43:25.08313939-03:00","@version":"1","message":"Responding at https://localhost:443","logger_name":"io.ktor.test","thread_name":"DefaultDispatcher-worker-8 @coroutine#8688","level":"INFO","level_value":20000}
{"@timestamp":"2026-10-09T11:43:25.090074926-03:00","@version":"1","message":"200 OK POST /workflows/run","logger_name":"io.ktor.test","thread_name":"DefaultDispatcher-worker-7 @request#8603","level":"INFO","level_value":20000,"traceId":"00000000000000000000000000000000","spanId":"0000000000000000"}
{"@timestamp":"2026-10-09T11:43:25.098119189-03:00","@version":"1","message":"200 OK GET /workflows/e3ffb393-3fe4-4b4f-ae93-e21c0be2d448","logger_name":"io.ktor.test","thread_name":"DefaultDispatcher-worker-2 @request#8695","level":"INFO","level_value":20000,"traceId":"00000000000000000000000000000000","spanId":"0000000000000000"}
{"@timestamp":"2026-10-09T11:43:25.152919556-03:00","@version":"1","message":"node completed","logger_name":"run.trama.saga.workflow.TaskNodeHandler","thread_name":"DefaultDispatcher-worker-9 @coroutine#8678","level":"INFO","level_value":20000,"traceId":"00000000000000000000000000000000","spanId":"0000000000000000","sagaId":"e3ffb393-3fe4-4b4f-ae93-e21c0be2d448","nodeId":"charge","phase":"UP","status":500}
{"@timestamp":"2026-10-09T11:43:25.154175523-03:00","@version":"1","message":"retry scheduled","logger_name":"run.trama.saga.workflow.WorkflowExecutor","thread_name":"DefaultDispatcher-worker-4 @coroutine#8678","level":"INFO","level_value":20000,"traceId":"00000000000000000000000000000000","spanId":"0000000000000000","sagaId":"e3ffb393-3fe4-4b4f-ae93-e21c0be2d448","delayMillis":50,"attempt":1}
{"@timestamp":"2026-10-09T11:43:25.255872392-03:00","@version":"1","message":"saga finished","logger_name":"run.trama.saga.workflow.WorkflowExecutor","thread_name":"DefaultDispatcher-worker-1 @coroutine#8677","level":"INFO","level_value":20000,"traceId":"00000000000000000000000000000000","spanId":"0000000000000000","sagaId":"e3ffb393-3fe4-4b4f-ae93-e21c0be2d448","sagaName":"retry-success-4ecaf1b0","status":"SUCCEEDED","durationMs":171}
{"@timestamp":"2026-10-09T11:43:25.302025425-03:00","@version":"1","message":"200 OK GET /workflows/e3ffb393-3fe4-4b4f-ae93-e21c0be2d448","logger_name":"io.ktor.test","thread_name":"DefaultDispatcher-worker-4 @request#8711","level":"INFO","level_value":20000,"traceId":"00000000000000000000000000000000","spanId":"0000000000000000"}
{"@timestamp":"2026-10-09T11:43:25.341700776-03:00","@version":"1","message":"saga-db-pool - Shutdown initiated...","logger_name":"com.zaxxer.hikari.HikariDataSource","thread_name":"DefaultDispatcher-worker-4","level":"INFO","level_value":20000}
{"@timestamp":"2026-10-09T11:43:25.342084428-03:00","@version":"1","message":"saga-db-pool - Shutdown completed.","logger_name":"com.zaxxer.hikari.HikariDataSource","thread_name":"DefaultDispatcher-worker-4","level":"INFO","level_value":20000}
{"@timestamp":"2026-10-09T11:43:25.349052507-03:00","@version":"1","message":"No ktor.deployment.watch patterns specified, automatic reload is not active.","logger_name":"io.ktor.test","thread_name":"DefaultDispatcher-worker-4 @call-context#8719","level":"INFO","level_value":20000}
{"@timestamp":"2026-10-09T11:43:25.352672135-03:00","@version":"1","message":"saga-db-pool - Starting...","logger_name":"com.zaxxer.hikari.HikariDataSource","thread_name":"DefaultDispatcher-worker-4 @coroutine#8720","level":"INFO","level_value":20000}
{"@timestamp":"2026-10-09T11:43:25.357160801-03:00","@version":"1","message":"saga-db-pool - Added connection org.postgresql.jdbc.PgConnection@37d8c204","logger_name":"com.zaxxer.hikari.pool.HikariPool","thread_name":"DefaultDispatcher-worker-4 @coroutine#8720","level":"INFO","level_value":20000}
{"@timestamp":"2026-10-09T11:43:25.357372676-03:00","@version":"1","message":"saga-db-pool - Start completed.","logger_name":"com.zaxxer.hikari.HikariDataSource","thread_name":"DefaultDispatcher-worker-4 @coroutine#8720","level":"INFO","level_value":20000}

UPDATE SUMMARY
Run:                          2
Previously run:               9
Filtered out:                 0
-------------------------------
Total change sets:           11

{"@timestamp":"2026-10-09T11:43:25.415319518-03:00","@version":"1","message":"Application started in 0.067 seconds.","logger_name":"io.ktor.test","thread_name":"DefaultDispatcher-worker-4 @call-context#8719","level":"INFO","level_value":20000}
{"@timestamp":"2026-10-09T11:43:25.415573322-03:00","@version":"1","message":"Responding at http://localhost:80","logger_name":"io.ktor.test","thread_name":"DefaultDispatcher-worker-6 @coroutine#8804","level":"INFO","level_value":20000}
{"@timestamp":"2026-10-09T11:43:25.415611846-03:00","@version":"1","message":"Responding at https://localhost:443","logger_name":"io.ktor.test","thread_name":"DefaultDispatcher-worker-6 @coroutine#8804","level":"INFO","level_value":20000}
{"@timestamp":"2026-10-09T11:43:25.424867771-03:00","@version":"1","message":"200 OK POST /workflows/run","logger_name":"io.ktor.test","thread_name":"DefaultDispatcher-worker-4 @request#8719","level":"INFO","level_value":20000,"traceId":"00000000000000000000000000000000","spanId":"0000000000000000"}
{"@timestamp":"2026-10-09T11:43:25.43034827-03:00","@version":"1","message":"stale checkpoint; dropping duplicate work","logger_name":"run.trama.saga.SagaExecutionProcessor","thread_name":"DefaultDispatcher-worker-3 @coroutine#8793","level":"INFO","level_value":20000,"sagaId":"0b6d3662-e87f-3f51-81a2-10af8a8a2b8c"}
{"@timestamp":"2026-10-09T11:43:25.435475085-03:00","@version":"1","message":"200 OK GET /workflows/58a69cbf-40c1-4a2f-99fd-16c3440582b7","logger_name":"io.ktor.test","thread_name":"DefaultDispatcher-worker-9 @request#8811","level":"INFO","level_value":20000,"traceId":"00000000000000000000000000000000","spanId":"0000000000000000"}
{"@timestamp":"2026-10-09T11:43:25.488329628-03:00","@version":"1","message":"saga finished","logger_name":"run.trama.saga.workflow.WorkflowExecutor","thread_name":"DefaultDispatcher-worker-2 @coroutine#8794","level":"INFO","level_value":20000,"traceId":"00000000000000000000000000000000","spanId":"0000000000000000","sagaId":"58a69cbf-40c1-4a2f-99fd-16c3440582b7","sagaName":"v2-linear-e51c7938","status":"SUCCEEDED","durationMs":70}
{"@timestamp":"2026-10-09T11:43:25.640261692-03:00","@version":"1","message":"200 OK GET /workflows/58a69cbf-40c1-4a2f-99fd-16c3440582b7","logger_name":"io.ktor.test","thread_name":"DefaultDispatcher-worker-9 @request#8824","level":"INFO","level_value":20000,"traceId":"00000000000000000000000000000000","spanId":"0000000000000000"}
{"@timestamp":"2026-10-09T11:43:25.674037703-03:00","@version":"1","message":"saga-db-pool - Shutdown initiated...","logger_name":"com.zaxxer.hikari.HikariDataSource","thread_name":"DefaultDispatcher-worker-9","level":"INFO","level_value":20000}
{"@timestamp":"2026-10-09T11:43:25.674453868-03:00","@version":"1","message":"saga-db-pool - Shutdown completed.","logger_name":"com.zaxxer.hikari.HikariDataSource","thread_name":"DefaultDispatcher-worker-9","level":"INFO","level_value":20000}
{"@timestamp":"2026-10-09T11:43:25.682432485-03:00","@version":"1","message":"No ktor.deployment.watch patterns specified, automatic reload is not active.","logger_name":"io.ktor.test","thread_name":"DefaultDispatcher-worker-9 @call-context#8832","level":"INFO","level_value":20000}
{"@timestamp":"2026-10-09T11:43:25.687382172-03:00","@version":"1","message":"saga-db-pool - Starting...","logger_name":"com.zaxxer.hikari.HikariDataSource","thread_name":"DefaultDispatcher-worker-9 @coroutine#8833","level":"INFO","level_value":20000}
{"@timestamp":"2026-10-09T11:43:25.692110997-03:00","@version":"1","message":"saga-db-pool - Added connection org.postgresql.jdbc.PgConnection@2d4c73cb","logger_name":"com.zaxxer.hikari.pool.HikariPool","thread_name":"DefaultDispatcher-worker-9 @coroutine#8833","level":"INFO","level_value":20000}
{"@timestamp":"2026-10-09T11:43:25.692323242-03:00","@version":"1","message":"saga-db-pool - Start completed.","logger_name":"com.zaxxer.hikari.HikariDataSource","thread_name":"DefaultDispatcher-worker-9 @coroutine#8833","level":"INFO","level_value":20000}

UPDATE SUMMARY
Run:                          2
Previously run:               9
Filtered out:                 0
-------------------------------
Total change sets:           11

{"@timestamp":"2026-10-09T11:43:25.724741783-03:00","@version":"1","message":"Application started in 0.042 seconds.","logger_name":"io.ktor.test","thread_name":"DefaultDispatcher-worker-9 @call-context#8832","level":"INFO","level_value":20000}
{"@timestamp":"2026-10-09T11:43:25.724873835-03:00","@version":"1","message":"Responding at http://localhost:80","logger_name":"io.ktor.test","thread_name":"DefaultDispatcher-worker-6 @coroutine#8917","level":"INFO","level_value":20000}
{"@timestamp":"2026-10-09T11:43:25.724901397-03:00","@version":"1","message":"Responding at https://localhost:443","logger_name":"io.ktor.test","thread_name":"DefaultDispatcher-worker-6 @coroutine#8917","level":"INFO","level_value":20000}
{"@timestamp":"2026-10-09T11:43:25.73210243-03:00","@version":"1","message":"200 OK POST /workflows/run","logger_name":"io.ktor.test","thread_name":"DefaultDispatcher-worker-9 @request#8832","level":"INFO","level_value":20000,"traceId":"00000000000000000000000000000000","spanId":"0000000000000000"}
{"@timestamp":"2026-10-09T11:43:25.741382191-03:00","@version":"1","message":"200 OK GET /workflows/dc9b2561-a992-4326-92ad-6269c53e44b2","logger_name":"io.ktor.test","thread_name":"DefaultDispatcher-worker-7 @request#8924","level":"INFO","level_value":20000,"traceId":"00000000000000000000000000000000","spanId":"0000000000000000"}
{"@timestamp":"2026-10-09T11:43:25.797600203-03:00","@version":"1","message":"saga finished","logger_name":"run.trama.saga.workflow.WorkflowExecutor","thread_name":"DefaultDispatcher-worker-5 @coroutine#8906","level":"INFO","level_value":20000,"traceId":"00000000000000000000000000000000","spanId":"0000000000000000","sagaId":"dc9b2561-a992-4326-92ad-6269c53e44b2","sagaName":"v2-prev-result-46eab45d","status":"SUCCEEDED","durationMs":70}
{"@timestamp":"2026-10-09T11:43:25.945277998-03:00","@version":"1","message":"200 OK GET /workflows/dc9b2561-a992-4326-92ad-6269c53e44b2","logger_name":"io.ktor.test","thread_name":"DefaultDispatcher-worker-10 @request#8934","level":"INFO","level_value":20000,"traceId":"00000000000000000000000000000000","spanId":"0000000000000000"}
{"@timestamp":"2026-10-09T11:43:25.984232673-03:00","@version":"1","message":"saga-db-pool - Shutdown initiated...","logger_name":"com.zaxxer.hikari.HikariDataSource","thread_name":"DefaultDispatcher-worker-10","level":"INFO","level_value":20000}
{"@timestamp":"2026-10-09T11:43:25.984559066-03:00","@version":"1","message":"saga-db-pool - Shutdown completed.","logger_name":"com.zaxxer.hikari.HikariDataSource","thread_name":"DefaultDispatcher-worker-10","level":"INFO","level_value":20000}
{"@timestamp":"2026-10-09T11:43:25.988937602-03:00","@version":"1","message":"callback timeout fallback: re-enqueued","logger_name":"run.trama.runtime.CallbackTimeoutScanner","thread_name":"Test worker @coroutine#8941","level":"INFO","level_value":20000,"executionId":"48a42a78-00de-4636-87db-6976b2321f40","nodeId":"pay"}
{"@timestamp":"2026-10-09T11:43:25.989005813-03:00","@version":"1","message":"callback timeout fallback: re-enqueued","logger_name":"run.trama.runtime.CallbackTimeoutScanner","thread_name":"Test worker @coroutine#8941","level":"INFO","level_value":20000,"executionId":"34fd27de-68c6-4893-bbdc-0f8990770958","nodeId":"notify"}
{"@timestamp":"2026-10-09T11:43:25.99203807-03:00","@version":"1","message":"join completion fallback: failed to resume","logger_name":"run.trama.runtime.JoinCompletionScanner","thread_name":"Test worker @coroutine#8943","level":"WARN","level_value":30000,"stack_trace":"java.lang.IllegalStateException: boom\n\tat run.trama.runtime.JoinCompletionScannerTest$an exception for one parent does not stop the others$1.invokeSuspend$lambda$1(JoinCompletionScannerTest.kt:45)\n\tat run.trama.runtime.JoinCompletionScannerTest$ScriptedResumer.resumeJoinIfSatisfied(JoinCompletionScannerTest.kt:23)\n\tat run.trama.runtime.JoinCompletionScanner.scan(JoinCompletionScanner.kt:52)\n\tat run.trama.runtime.JoinCompletionScannerTest$an exception for one parent does not stop the others$1.invokeSuspend(JoinCompletionScannerTest.kt:47)\n\tat kotlin.coroutines.jvm.internal.BaseContinuationImpl.resumeWith(ContinuationImpl.kt:34)\n\tat kotlinx.coroutines.DispatchedTask.run(DispatchedTask.kt:100)\n\tat kotlinx.coroutines.EventLoopImplBase.processNextEvent(EventLoop.common.kt:256)\n\tat kotlinx.coroutines.BlockingCoroutine.joinBlocking(Builders.kt:54)\n\tat kotlinx.coroutines.BuildersKt__BuildersKt.runBlockingImpl(Builders.kt:30)\n\tat kotlinx.coroutines.BuildersKt.runBlockingImpl(Unknown Source)\n\tat kotlinx.coroutines.BuildersKt__Builders_concurrentKt.runBlockingK(Builders.concurrent.kt:172)\n\tat kotlinx.coroutines.BuildersKt.runBlockingK(Unknown Source)\n\tat kotlinx.coroutines.BuildersKt__Builders_concurrentKt.runBlockingK$default(Builders.concurrent.kt:157)\n\tat kotlinx.coroutines.BuildersKt.runBlockingK$default(Unknown Source)\n\tat run.trama.runtime.JoinCompletionScannerTest.an exception for one parent does not stop the others(JoinCompletionScannerTest.kt:43)\n\tat java.base/jdk.internal.reflect.DirectMethodHandleAccessor.invoke(DirectMethodHandleAccessor.java:103)\n\tat java.base/java.lang.reflect.Method.invoke(Method.java:580)\n\tat org.junit.platform.commons.util.ReflectionUtils.invokeMethod(ReflectionUtils.java:700)\n\tat org.junit.platform.commons.support.ReflectionSupport.invokeMethod(ReflectionSupport.java:528)\n\tat org.junit.jupiter.engine.support.MethodReflectionUtils.invoke(MethodReflectionUtils.java:53)\n\tat org.junit.jupiter.engine.execution.MethodInvocation.proceed(MethodInvocation.java:61)\n\tat org.junit.jupiter.engine.execution.InvocationInterceptorChain$ValidatingInvocation.proceed(InvocationInterceptorChain.java:124)\n\tat org.junit.jupiter.engine.extension.TimeoutExtension.intercept(TimeoutExtension.java:163)\n\tat org.junit.jupiter.engine.extension.TimeoutExtension.interceptTestableMethod(TimeoutExtension.java:148)\n\tat org.junit.jupiter.engine.extension.TimeoutExtension.interceptTestMethod(TimeoutExtension.java:86)\n\tat org.junit.jupiter.engine.execution.InterceptingExecutableInvoker$ReflectiveInterceptorCall.lambda$ofVoidMethod$0(InterceptingExecutableInvoker.java:124)\n\tat org.junit.jupiter.engine.execution.InterceptingExecutableInvoker.lambda$invoke$0(InterceptingExecutableInvoker.java:105)\n\tat org.junit.jupiter.engine.execution.InvocationInterceptorChain$InterceptedInvocation.proceed(InvocationInterceptorChain.java:99)\n\tat org.junit.jupiter.engine.execution.InvocationInterceptorChain.proceed(InvocationInterceptorChain.java:66)\n\tat org.junit.jupiter.engine.execution.InvocationInterceptorChain.chainAndInvoke(InvocationInterceptorChain.java:47)\n\tat org.junit.jupiter.engine.execution.InvocationInterceptorChain.invoke(InvocationInterceptorChain.java:39)\n\tat org.junit.jupiter.engine.execution.InterceptingExecutableInvoker.invoke(InterceptingExecutableInvoker.java:104)\n\tat org.junit.jupiter.engine.execution.InterceptingExecutableInvoker.invoke(InterceptingExecutableInvoker.java:98)\n\tat org.junit.jupiter.engine.execution.InterceptingExecutableInvoker.invokeVoid(InterceptingExecutableInvoker.java:71)\n\tat org.junit.jupiter.engine.descriptor.TestMethodTestDescriptor.lambda$invokeTestMethod$0(TestMethodTestDescriptor.java:219)\n\tat org.junit.platform.engine.support.hierarchical.ThrowableCollector.execute(ThrowableCollector.java:74)\n\tat org.junit.jupiter.engine.descriptor.TestMethodTestDescriptor.invokeTestMethod(TestMethodTestDescriptor.java:215)\n\tat org.junit.jupiter.engine.descriptor.TestMethodTestDescriptor.execute(TestMethodTestDescriptor.java:157)\n\tat org.junit.jupiter.engine.descriptor.TestMethodTestDescriptor.execute(TestMethodTestDescriptor.java:70)\n\tat org.junit.platform.engine.support.hierarchical.NodeTestTask.lambda$executeRecursively$2(NodeTestTask.java:176)\n\tat org.junit.platform.engine.support.hierarchical.ThrowableCollector.execute(ThrowableCollector.java:74)\n\tat org.junit.platform.engine.support.hierarchical.NodeTestTask.lambda$executeRecursively$1(NodeTestTask.java:166)\n\tat org.junit.platform.engine.support.hierarchical.Node.around(Node.java:139)\n\tat org.junit.platform.engine.support.hierarchical.NodeTestTask.lambda$executeRecursively$0(NodeTestTask.java:164)\n\tat org.junit.platform.engine.support.hierarchical.ThrowableCollector.execute(ThrowableCollector.java:74)\n\tat org.junit.platform.engine.support.hierarchical.NodeTestTask.executeRecursively(NodeTestTask.java:163)\n\tat org.junit.platform.engine.support.hierarchical.NodeTestTask.execute(NodeTestTask.java:116)\n\tat java.base/java.util.ArrayList.forEach(ArrayList.java:1596)\n\tat org.junit.platform.engine.support.hierarchical.SameThreadHierarchicalTestExecutorService.invokeAll(SameThreadHierarchicalTestExecutorService.java:42)\n\tat org.junit.platform.engine.support.hierarchical.NodeTestTask.lambda$executeRecursively$2(NodeTestTask.java:180)\n\tat org.junit.platform.engine.support.hierarchical.ThrowableCollector.execute(ThrowableCollector.java:74)\n\tat org.junit.platform.engine.support.hierarchical.NodeTestTask.lambda$executeRecursively$1(NodeTestTask.java:166)\n\tat org.junit.platform.engine.support.hierarchical.Node.around(Node.java:139)\n\tat org.junit.platform.engine.support.hierarchical.NodeTestTask.lambda$executeRecursively$0(NodeTestTask.java:164)\n\tat org.junit.platform.engine.support.hierarchical.ThrowableCollector.execute(ThrowableCollector.java:74)\n\tat org.junit.platform.engine.support.hierarchical.NodeTestTask.executeRecursively(NodeTestTask.java:163)\n\tat org.junit.platform.engine.support.hierarchical.NodeTestTask.execute(NodeTestTask.java:116)\n\tat java.base/java.util.ArrayList.forEach(ArrayList.java:1596)\n\tat org.junit.platform.engine.support.hierarchical.SameThreadHierarchicalTestExecutorService.invokeAll(SameThreadHierarchicalTestExecutorService.java:42)\n\tat org.junit.platform.engine.support.hierarchical.NodeTestTask.lambda$executeRecursively$2(NodeTestTask.java:180)\n\tat org.junit.platform.engine.support.hierarchical.ThrowableCollector.execute(ThrowableCollector.java:74)\n\tat org.junit.platform.engine.support.hierarchical.NodeTestTask.lambda$executeRecursively$1(NodeTestTask.java:166)\n\tat org.junit.platform.engine.support.hierarchical.Node.around(Node.java:139)\n\tat org.junit.platform.engine.support.hierarchical.NodeTestTask.lambda$executeRecursively$0(NodeTestTask.java:164)\n\tat org.junit.platform.engine.support.hierarchical.ThrowableCollector.execute(ThrowableCollector.java:74)\n\tat org.junit.platform.engine.support.hierarchical.NodeTestTask.executeRecursively(NodeTestTask.java:163)\n\tat org.junit.platform.engine.support.hierarchical.NodeTestTask.execute(NodeTestTask.java:116)\n\tat org.junit.platform.engine.support.hierarchical.SameThreadHierarchicalTestExecutorService.submit(SameThreadHierarchicalTestExecutorService.java:36)\n\tat org.junit.platform.engine.support.hierarchical.HierarchicalTestExecutor.execute(HierarchicalTestExecutor.java:52)\n\tat org.junit.platform.engine.support.hierarchical.HierarchicalTestEngine.execute(HierarchicalTestEngine.java:58)\n\tat org.junit.platform.launcher.core.EngineExecutionOrchestrator.executeEngine(EngineExecutionOrchestrator.java:256)\n\tat org.junit.platform.launcher.core.EngineExecutionOrchestrator.failOrExecuteEngine(EngineExecutionOrchestrator.java:228)\n\tat org.junit.platform.launcher.core.EngineExecutionOrchestrator.execute(EngineExecutionOrchestrator.java:189)\n\tat org.junit.platform.launcher.core.EngineExecutionOrchestrator.execute(EngineExecutionOrchestrator.java:109)\n\tat org.junit.platform.launcher.core.EngineExecutionOrchestrator.lambda$execute$0(EngineExecutionOrchestrator.java:66)\n\tat org.junit.platform.launcher.core.EngineExecutionOrchestrator.withInterceptedStreams(EngineExecutionOrchestrator.java:168)\n\tat org.junit.platform.launcher.core.EngineExecutionOrchestrator.execute(EngineExecutionOrchestrator.java:65)\n\tat org.junit.platform.launcher.core.DefaultLauncher.execute(DefaultLauncher.java:137)\n\tat org.junit.platform.launcher.core.DefaultLauncher.execute(DefaultLauncher.java:126)\n\tat org.junit.platform.launcher.core.DefaultLauncher.execute(DefaultLauncher.java:100)\n\tat org.junit.platform.launcher.core.DelegatingLauncher.execute(DelegatingLauncher.java:57)\n\tat org.junit.platform.launcher.core.InterceptingLauncher.lambda$execute$0(InterceptingLauncher.java:46)\n\tat org.junit.platform.launcher.core.ClasspathAlignmentCheckingLauncherInterceptor.intercept(ClasspathAlignmentCheckingLauncherInterceptor.java:25)\n\tat org.junit.platform.launcher.core.InterceptingLauncher.execute(InterceptingLauncher.java:45)\n\tat org.junit.platform.launcher.core.DelegatingLauncher.execute(DelegatingLauncher.java:57)\n\tat org.gradle.api.internal.tasks.testing.junitplatform.JUnitPlatformTestDefinitionProcessor$CollectThenExecuteTestDefinitionConsumer.processAllTestDefinitions(JUnitPlatformTestDefinitionProcessor.java:205)\n\tat org.gradle.api.internal.tasks.testing.junitplatform.JUnitPlatformTestDefinitionProcessor$CollectThenExecuteTestDefinitionConsumer.access$000(JUnitPlatformTestDefinitionProcessor.java:122)\n\tat org.gradle.api.internal.tasks.testing.junitplatform.JUnitPlatformTestDefinitionProcessor.stop(JUnitPlatformTestDefinitionProcessor.java:116)\n\tat org.gradle.api.internal.tasks.testing.SuiteTestDefinitionProcessor.stop(SuiteTestDefinitionProcessor.java:63)\n\tat java.base/jdk.internal.reflect.DirectMethodHandleAccessor.invoke(DirectMethodHandleAccessor.java:103)\n\tat java.base/java.lang.reflect.Method.invoke(Method.java:580)\n\tat org.gradle.internal.dispatch.MethodInvocation.invokeOn(MethodInvocation.java:77)\n\tat org.gradle.internal.dispatch.ReflectionDispatch.dispatch(ReflectionDispatch.java:28)\n\tat org.gradle.internal.dispatch.ReflectionDispatch.dispatch(ReflectionDispatch.java:19)\n\tat org.gradle.internal.dispatch.ContextClassLoaderDispatch.dispatch(ContextClassLoaderDispatch.java:33)\n\tat org.gradle.internal.dispatch.ProxyDispatchAdapter$DispatchingInvocationHandler.invoke(ProxyDispatchAdapter.java:88)\n\tat jdk.proxy1/jdk.proxy1.$Proxy4.stop(Unknown Source)\n\tat org.gradle.api.internal.tasks.testing.worker.TestWorker$3.run(TestWorker.java:195)\n\tat org.gradle.api.internal.tasks.testing.worker.TestWorker.executeAndMaintainThreadName(TestWorker.java:126)\n\tat org.gradle.api.internal.tasks.testing.worker.TestWorker.execute(TestWorker.java:103)\n\tat org.gradle.api.internal.tasks.testing.worker.TestWorker.execute(TestWorker.java:63)\n\tat org.gradle.process.internal.worker.child.ActionExecutionWorker.execute(ActionExecutionWorker.java:56)\n\tat org.gradle.process.internal.worker.child.SystemApplicationClassLoaderWorker.call(SystemApplicationClassLoaderWorker.java:122)\n\tat org.gradle.process.internal.worker.child.SystemApplicationClassLoaderWorker.call(SystemApplicationClassLoaderWorker.java:72)\n\tat worker.org.gradle.process.internal.worker.GradleWorkerMain.run(GradleWorkerMain.java:69)\n\tat worker.org.gradle.process.internal.worker.GradleWorkerMain.main(GradleWorkerMain.java:74)\n","parentId":"9ec9190f-a307-4036-aca0-8585765a0b73"}
{"@timestamp":"2026-10-09T11:43:25.993021316-03:00","@version":"1","message":"join completion fallback: resumed stalled join","logger_name":"run.trama.runtime.JoinCompletionScanner","thread_name":"Test worker @coroutine#8943","level":"INFO","level_value":20000,"parentId":"fb5f62de-287d-48f0-ba3b-2f92e0a55b52"}
{"@timestamp":"2026-10-09T11:43:25.993045883-03:00","@version":"1","message":"join completion fallback: resumed stalled join","logger_name":"run.trama.runtime.JoinCompletionScanner","thread_name":"Test worker @coroutine#8943","level":"INFO","level_value":20000,"parentId":"77a322d8-416b-4f84-a803-71c27cb2a4cb"}
{"@timestamp":"2026-10-09T11:43:25.995549451-03:00","@version":"1","message":"join completion fallback: resumed stalled join","logger_name":"run.trama.runtime.JoinCompletionScanner","thread_name":"Test worker @coroutine#8945","level":"INFO","level_value":20000,"parentId":"44705731-1b0e-4463-83ce-93660c8a45a2"}
{"@timestamp":"2026-10-09T11:43:25.995630085-03:00","@version":"1","message":"join completion fallback: resumed stalled join","logger_name":"run.trama.runtime.JoinCompletionScanner","thread_name":"Test worker @coroutine#8945","level":"INFO","level_value":20000,"parentId":"a5f8423a-866c-443b-a7bb-5d0a103d31ea"}
{"@timestamp":"2026-10-09T11:43:26.01605371-03:00","@version":"1","message":"saga-db-pool - Starting...","logger_name":"com.zaxxer.hikari.HikariDataSource","thread_name":"Test worker @coroutine#8946","level":"INFO","level_value":20000}
{"@timestamp":"2026-10-09T11:43:26.022464634-03:00","@version":"1","message":"saga-db-pool - Start completed.","logger_name":"com.zaxxer.hikari.HikariDataSource","thread_name":"Test worker @coroutine#8946","level":"INFO","level_value":20000}
Running Changeset: db/changelog/db.changelog-master.xml::001-create-saga-tables::codex
Running Changeset: db/changelog/db.changelog-master.xml::001b-init-partitions::codex
Running Changeset: db/changelog/db.changelog-master.xml::002-add-waiting-state::codex
Running Changeset: db/changelog/db.changelog-master.xml::003-execution-name-index::trama
Running Changeset: db/changelog/db.changelog-master.xml::004-step-result-observability::trama
Running Changeset: db/changelog/db.changelog-master.xml::004b-step-call-partitions::trama
relation "saga_execution_202609" already exists, skipping
relation "saga_step_result_202609" already exists, skipping
relation "saga_execution_202610" already exists, skipping
relation "saga_step_result_202610" already exists, skipping
relation "saga_execution_202611" already exists, skipping
relation "saga_step_result_202611" already exists, skipping
relation "saga_execution_202612" already exists, skipping
relation "saga_step_result_202612" already exists, skipping
relation "saga_execution_202701" already exists, skipping
relation "saga_step_result_202701" already exists, skipping
relation "saga_execution_202702" already exists, skipping
relation "saga_step_result_202702" already exists, skipping
relation "saga_execution_202703" already exists, skipping
relation "saga_step_result_202703" already exists, skipping
relation "saga_execution_202704" already exists, skipping
relation "saga_step_result_202704" already exists, skipping
relation "saga_execution_202705" already exists, skipping
relation "saga_step_result_202705" already exists, skipping
relation "saga_execution_202706" already exists, skipping
relation "saga_step_result_202706" already exists, skipping
relation "saga_execution_202707" already exists, skipping
relation "saga_step_result_202707" already exists, skipping
relation "saga_execution_202708" already exists, skipping
relation "saga_step_result_202708" already exists, skipping
relation "saga_execution_202709" already exists, skipping
relation "saga_step_result_202709" already exists, skipping
relation "saga_execution_202710" already exists, skipping
relation "saga_step_result_202710" already exists, skipping
Running Changeset: db/changelog/db.changelog-master.xml::005-step-call-query-index::trama
Running Changeset: db/changelog/db.changelog-master.xml::006-split-join-barrier::trama
Running Changeset: db/changelog/db.changelog-master.xml::007-join-branch-arrived-at::trama
Running Changeset: db/changelog/db.changelog-master.xml::008-execution-payload::trama
Running Changeset: db/changelog/db.changelog-master.xml::009-execution-checkpoint::trama

UPDATE SUMMARY
Run:                         11
Previously run:               0
Filtered out:                 0
-------------------------------
Total change sets:           11

Liquibase: Update has been successful. Rows affected: 0
{"@timestamp":"2026-10-09T11:43:26.260145364-03:00","@version":"1","message":"saga-db-pool - Shutdown initiated...","logger_name":"com.zaxxer.hikari.HikariDataSource","thread_name":"Test worker @coroutine#8946","level":"INFO","level_value":20000}
{"@timestamp":"2026-10-09T11:43:26.260979636-03:00","@version":"1","message":"saga-db-pool - Shutdown completed.","logger_name":"com.zaxxer.hikari.HikariDataSource","thread_name":"Test worker @coroutine#8946","level":"INFO","level_value":20000}
{"@timestamp":"2026-10-09T11:43:26.29003393-03:00","@version":"1","message":"saga-db-pool - Starting...","logger_name":"com.zaxxer.hikari.HikariDataSource","thread_name":"Test worker @coroutine#8948","level":"INFO","level_value":20000}
{"@timestamp":"2026-10-09T11:43:26.298608262-03:00","@version":"1","message":"saga-db-pool - Start completed.","logger_name":"com.zaxxer.hikari.HikariDataSource","thread_name":"Test worker @coroutine#8948","level":"INFO","level_value":20000}
Running Changeset: db/changelog/db.changelog-master.xml::001-create-saga-tables::codex
Running Changeset: db/changelog/db.changelog-master.xml::001b-init-partitions::codex
Running Changeset: db/changelog/db.changelog-master.xml::002-add-waiting-state::codex
Running Changeset: db/changelog/db.changelog-master.xml::003-execution-name-index::trama
Running Changeset: db/changelog/db.changelog-master.xml::004-step-result-observability::trama
Running Changeset: db/changelog/db.changelog-master.xml::004b-step-call-partitions::trama
relation "saga_execution_202609" already exists, skipping
relation "saga_step_result_202609" already exists, skipping
relation "saga_execution_202610" already exists, skipping
relation "saga_step_result_202610" already exists, skipping
relation "saga_execution_202611" already exists, skipping
relation "saga_step_result_202611" already exists, skipping
relation "saga_execution_202612" already exists, skipping
relation "saga_step_result_202612" already exists, skipping
relation "saga_execution_202701" already exists, skipping
relation "saga_step_result_202701" already exists, skipping
relation "saga_execution_202702" already exists, skipping
relation "saga_step_result_202702" already exists, skipping
relation "saga_execution_202703" already exists, skipping
relation "saga_step_result_202703" already exists, skipping
relation "saga_execution_202704" already exists, skipping
relation "saga_step_result_202704" already exists, skipping
relation "saga_execution_202705" already exists, skipping
relation "saga_step_result_202705" already exists, skipping
relation "saga_execution_202706" already exists, skipping
relation "saga_step_result_202706" already exists, skipping
relation "saga_execution_202707" already exists, skipping
relation "saga_step_result_202707" already exists, skipping
relation "saga_execution_202708" already exists, skipping
relation "saga_step_result_202708" already exists, skipping
relation "saga_execution_202709" already exists, skipping
relation "saga_step_result_202709" already exists, skipping
relation "saga_execution_202710" already exists, skipping
relation "saga_step_result_202710" already exists, skipping
Running Changeset: db/changelog/db.changelog-master.xml::005-step-call-query-index::trama
Running Changeset: db/changelog/db.changelog-master.xml::006-split-join-barrier::trama
Running Changeset: db/changelog/db.changelog-master.xml::007-join-branch-arrived-at::trama
Running Changeset: db/changelog/db.changelog-master.xml::008-execution-payload::trama
Running Changeset: db/changelog/db.changelog-master.xml::009-execution-checkpoint::trama

UPDATE SUMMARY
Run:                         11
Previously run:               0
Filtered out:                 0
-------------------------------
Total change sets:           11

Liquibase: Update has been successful. Rows affected: 0
{"@timestamp":"2026-10-09T11:43:26.510987871-03:00","@version":"1","message":"saga-db-pool - Shutdown initiated...","logger_name":"com.zaxxer.hikari.HikariDataSource","thread_name":"Test worker @coroutine#8948","level":"INFO","level_value":20000}
{"@timestamp":"2026-10-09T11:43:26.511414755-03:00","@version":"1","message":"saga-db-pool - Shutdown completed.","logger_name":"com.zaxxer.hikari.HikariDataSource","thread_name":"Test worker @coroutine#8948","level":"INFO","level_value":20000}
{"@timestamp":"2026-10-09T11:43:26.525899346-03:00","@version":"1","message":"saga-db-pool - Starting...","logger_name":"com.zaxxer.hikari.HikariDataSource","thread_name":"Test worker @coroutine#8949","level":"INFO","level_value":20000}
{"@timestamp":"2026-10-09T11:43:26.534026875-03:00","@version":"1","message":"saga-db-pool - Start completed.","logger_name":"com.zaxxer.hikari.HikariDataSource","thread_name":"Test worker @coroutine#8949","level":"INFO","level_value":20000}
Running Changeset: db/changelog/db.changelog-master.xml::001-create-saga-tables::codex
Running Changeset: db/changelog/db.changelog-master.xml::001b-init-partitions::codex
Running Changeset: db/changelog/db.changelog-master.xml::002-add-waiting-state::codex
Running Changeset: db/changelog/db.changelog-master.xml::003-execution-name-index::trama
Running Changeset: db/changelog/db.changelog-master.xml::004-step-result-observability::trama
Running Changeset: db/changelog/db.changelog-master.xml::004b-step-call-partitions::trama
relation "saga_execution_202609" already exists, skipping
relation "saga_step_result_202609" already exists, skipping
relation "saga_execution_202610" already exists, skipping
relation "saga_step_result_202610" already exists, skipping
relation "saga_execution_202611" already exists, skipping
relation "saga_step_result_202611" already exists, skipping
relation "saga_execution_202612" already exists, skipping
relation "saga_step_result_202612" already exists, skipping
relation "saga_execution_202701" already exists, skipping
relation "saga_step_result_202701" already exists, skipping
relation "saga_execution_202702" already exists, skipping
relation "saga_step_result_202702" already exists, skipping
relation "saga_execution_202703" already exists, skipping
relation "saga_step_result_202703" already exists, skipping
relation "saga_execution_202704" already exists, skipping
relation "saga_step_result_202704" already exists, skipping
relation "saga_execution_202705" already exists, skipping
relation "saga_step_result_202705" already exists, skipping
relation "saga_execution_202706" already exists, skipping
relation "saga_step_result_202706" already exists, skipping
relation "saga_execution_202707" already exists, skipping
relation "saga_step_result_202707" already exists, skipping
relation "saga_execution_202708" already exists, skipping
relation "saga_step_result_202708" already exists, skipping
relation "saga_execution_202709" already exists, skipping
relation "saga_step_result_202709" already exists, skipping
relation "saga_execution_202710" already exists, skipping
relation "saga_step_result_202710" already exists, skipping
Running Changeset: db/changelog/db.changelog-master.xml::005-step-call-query-index::trama
Running Changeset: db/changelog/db.changelog-master.xml::006-split-join-barrier::trama
Running Changeset: db/changelog/db.changelog-master.xml::007-join-branch-arrived-at::trama
Running Changeset: db/changelog/db.changelog-master.xml::008-execution-payload::trama
Running Changeset: db/changelog/db.changelog-master.xml::009-execution-checkpoint::trama

UPDATE SUMMARY
Run:                         11
Previously run:               0
Filtered out:                 0
-------------------------------
Total change sets:           11

Liquibase: Update has been successful. Rows affected: 0
{"@timestamp":"2026-10-09T11:43:26.712667581-03:00","@version":"1","message":"saga-db-pool - Shutdown initiated...","logger_name":"com.zaxxer.hikari.HikariDataSource","thread_name":"Test worker @coroutine#8949","level":"INFO","level_value":20000}
{"@timestamp":"2026-10-09T11:43:26.713197562-03:00","@version":"1","message":"saga-db-pool - Shutdown completed.","logger_name":"com.zaxxer.hikari.HikariDataSource","thread_name":"Test worker @coroutine#8949","level":"INFO","level_value":20000}
{"@timestamp":"2026-10-09T11:43:26.737199835-03:00","@version":"1","message":"node completed","logger_name":"run.trama.saga.workflow.TaskNodeHandler","thread_name":"Test worker @coroutine#8951","level":"INFO","level_value":20000,"traceId":"00000000000000000000000000000000","spanId":"0000000000000000","sagaId":"ad5442d6-1fb1-4990-af68-6270adbbf117","nodeId":"step2","phase":"UP","status":500}
{"@timestamp":"2026-10-09T11:43:26.737356314-03:00","@version":"1","message":"retry scheduled","logger_name":"run.trama.saga.workflow.WorkflowExecutor","thread_name":"Test worker @coroutine#8951","level":"INFO","level_value":20000,"traceId":"00000000000000000000000000000000","spanId":"0000000000000000","sagaId":"ad5442d6-1fb1-4990-af68-6270adbbf117","delayMillis":0,"attempt":1}
{"@timestamp":"2026-10-09T11:43:26.737813196-03:00","@version":"1","message":"node completed","logger_name":"run.trama.saga.workflow.TaskNodeHandler","thread_name":"Test worker @coroutine#8951","level":"INFO","level_value":20000,"traceId":"00000000000000000000000000000000","spanId":"0000000000000000","sagaId":"ad5442d6-1fb1-4990-af68-6270adbbf117","nodeId":"step2","phase":"UP","status":500}
{"@timestamp":"2026-10-09T11:43:26.737901725-03:00","@version":"1","message":"compensation scheduled","logger_name":"run.trama.saga.workflow.WorkflowExecutor","thread_name":"Test worker @coroutine#8951","level":"INFO","level_value":20000,"traceId":"00000000000000000000000000000000","spanId":"0000000000000000","sagaId":"ad5442d6-1fb1-4990-af68-6270adbbf117","failedNodeId":"step2"}
{"@timestamp":"2026-10-09T11:43:26.744896132-03:00","@version":"1","message":"compensation scheduled","logger_name":"run.trama.saga.workflow.WorkflowExecutor","thread_name":"Test worker @coroutine#8955","level":"INFO","level_value":20000,"traceId":"00000000000000000000000000000000","spanId":"0000000000000000","sagaId":"2b88bf61-f621-4d9e-a24f-92b65876e145","failedNodeId":"pay"}
{"@timestamp":"2026-10-09T11:43:26.745041369-03:00","@version":"1","message":"callback timeout","logger_name":"run.trama.saga.workflow.WorkflowExecutor","thread_name":"Test worker @coroutine#8955","level":"WARN","level_value":30000,"traceId":"00000000000000000000000000000000","spanId":"0000000000000000","sagaId":"2b88bf61-f621-4d9e-a24f-92b65876e145","nodeId":"pay","attempt":0}
{"@timestamp":"2026-10-09T11:43:26.750124339-03:00","@version":"1","message":"execution checkpoint scheduled","logger_name":"run.trama.saga.workflow.WorkflowExecutor","thread_name":"Test worker @coroutine#8956","level":"INFO","level_value":20000,"traceId":"00000000000000000000000000000000","spanId":"0000000000000000","sagaId":"ef863fbf-01fd-4122-aee1-2db85c22d8ed","nextNodeId":"step6"}
{"@timestamp":"2026-10-09T11:43:26.754840378-03:00","@version":"1","message":"async node waiting for callback","logger_name":"run.trama.saga.workflow.WorkflowExecutor","thread_name":"Test worker @coroutine#8962","level":"INFO","level_value":20000,"traceId":"00000000000000000000000000000000","spanId":"0000000000000000","sagaId":"7a71df21-535d-4b43-b8a1-ef1182606363","nodeId":"pay","deadlineAt":"2026-10-09T14:44:26.753796005Z"}
{"@timestamp":"2026-10-09T11:43:26.75777076-03:00","@version":"1","message":"node completed","logger_name":"run.trama.saga.workflow.TaskNodeHandler","thread_name":"Test worker @coroutine#8964","level":"INFO","level_value":20000,"traceId":"00000000000000000000000000000000","spanId":"0000000000000000","sagaId":"8784e795-62c7-4969-956e-de13113f99b4","nodeId":"step1","phase":"UP","status":500}
{"@timestamp":"2026-10-09T11:43:26.758082525-03:00","@version":"1","message":"retry scheduled","logger_name":"run.trama.saga.workflow.WorkflowExecutor","thread_name":"Test worker @coroutine#8964","level":"INFO","level_value":20000,"traceId":"00000000000000000000000000000000","spanId":"0000000000000000","sagaId":"8784e795-62c7-4969-956e-de13113f99b4","delayMillis":10,"attempt":1}
{"@timestamp":"2026-10-09T11:43:26.761365119-03:00","@version":"1","message":"saga finished","logger_name":"run.trama.saga.workflow.WorkflowExecutor","thread_name":"Test worker @coroutine#8966","level":"INFO","level_value":20000,"traceId":"00000000000000000000000000000000","spanId":"0000000000000000","sagaId":"418b125a-8af4-4b9e-a513-03295dda7a95","sagaName":"s1","status":"SUCCEEDED","durationMs":1}
{"@timestamp":"2026-10-09T11:43:26.827901629-03:00","@version":"1","message":"stale checkpoint; dropping duplicate work","logger_name":"run.trama.saga.SagaExecutionProcessor","thread_name":"DefaultDispatcher-worker-8 @coroutine#5108","level":"INFO","level_value":20000,"sagaId":"596c0a7b-e275-4459-95f6-6953c0e474e3"}
WARNING: A Java agent has been loaded dynamically (/home/thiago/.gradle/caches/modules-2/files-2.1/net.bytebuddy/byte-buddy-agent/1.18.2/62f38a6faf7f069d661b79a07d566f504b0b20c4/byte-buddy-agent-1.18.2.jar)
WARNING: If a serviceability tool is in use, please run with -XX:+EnableDynamicAgentLoading to hide this warning
WARNING: If a serviceability tool is not in use, please run with -Djdk.instrument.traceUsage for more information
WARNING: Dynamic loading of agents will be disallowed by default in a future release
OpenJDK 64-Bit Server VM warning: Sharing is only supported for boot loader classes because bootstrap classpath has been appended
{"@timestamp":"2026-10-09T11:43:27.35699381-03:00","@version":"1","message":"callback nonce check skipped: Redis unavailable","logger_name":"run.trama.saga.redis.RedisSagaExecutionStore","thread_name":"Test worker @coroutine#8971","level":"WARN","level_value":30000,"stack_trace":"io.lettuce.core.RedisException: Currently not connected. Commands are rejected.\n\tat run.trama.saga.RateLimiterTest$callbacks skip the nonce check while Redis is unavailable$1$down$1.withCommands(RateLimiterTest.kt:93)\n\tat run.trama.saga.redis.RedisSagaExecutionStore.claimNonce(RedisSagaExecutionStore.kt:39)\n\tat run.trama.saga.RateLimiterTest$callbacks skip the nonce check while Redis is unavailable$1.invokeSuspend(RateLimiterTest.kt:101)\n\tat kotlin.coroutines.jvm.internal.BaseContinuationImpl.resumeWith(ContinuationImpl.kt:34)\n\tat kotlinx.coroutines.DispatchedTask.run(DispatchedTask.kt:100)\n\tat kotlinx.coroutines.EventLoopImplBase.processNextEvent(EventLoop.common.kt:256)\n\tat kotlinx.coroutines.BlockingCoroutine.joinBlocking(Builders.kt:54)\n\tat kotlinx.coroutines.BuildersKt__BuildersKt.runBlockingImpl(Builders.kt:30)\n\tat kotlinx.coroutines.BuildersKt.runBlockingImpl(Unknown Source)\n\tat kotlinx.coroutines.BuildersKt__Builders_concurrentKt.runBlockingK(Builders.concurrent.kt:172)\n\tat kotlinx.coroutines.BuildersKt.runBlockingK(Unknown Source)\n\tat kotlinx.coroutines.BuildersKt__Builders_concurrentKt.runBlockingK$default(Builders.concurrent.kt:157)\n\tat kotlinx.coroutines.BuildersKt.runBlockingK$default(Unknown Source)\n\tat run.trama.saga.RateLimiterTest.callbacks skip the nonce check while Redis is unavailable(RateLimiterTest.kt:90)\n\tat java.base/jdk.internal.reflect.DirectMethodHandleAccessor.invoke(DirectMethodHandleAccessor.java:103)\n\tat java.base/java.lang.reflect.Method.invoke(Method.java:580)\n\tat org.junit.platform.commons.util.ReflectionUtils.invokeMethod(ReflectionUtils.java:700)\n\tat org.junit.platform.commons.support.ReflectionSupport.invokeMethod(ReflectionSupport.java:528)\n\tat org.junit.jupiter.engine.support.MethodReflectionUtils.invoke(MethodReflectionUtils.java:53)\n\tat org.junit.jupiter.engine.execution.MethodInvocation.proceed(MethodInvocation.java:61)\n\tat org.junit.jupiter.engine.execution.InvocationInterceptorChain$ValidatingInvocation.proceed(InvocationInterceptorChain.java:124)\n\tat org.junit.jupiter.engine.extension.TimeoutExtension.intercept(TimeoutExtension.java:163)\n\tat org.junit.jupiter.engine.extension.TimeoutExtension.interceptTestableMethod(TimeoutExtension.java:148)\n\tat org.junit.jupiter.engine.extension.TimeoutExtension.interceptTestMethod(TimeoutExtension.java:86)\n\tat org.junit.jupiter.engine.execution.InterceptingExecutableInvoker$ReflectiveInterceptorCall.lambda$ofVoidMethod$0(InterceptingExecutableInvoker.java:124)\n\tat org.junit.jupiter.engine.execution.InterceptingExecutableInvoker.lambda$invoke$0(InterceptingExecutableInvoker.java:105)\n\tat org.junit.jupiter.engine.execution.InvocationInterceptorChain$InterceptedInvocation.proceed(InvocationInterceptorChain.java:99)\n\tat org.junit.jupiter.engine.execution.InvocationInterceptorChain.proceed(InvocationInterceptorChain.java:66)\n\tat org.junit.jupiter.engine.execution.InvocationInterceptorChain.chainAndInvoke(InvocationInterceptorChain.java:47)\n\tat org.junit.jupiter.engine.execution.InvocationInterceptorChain.invoke(InvocationInterceptorChain.java:39)\n\tat org.junit.jupiter.engine.execution.InterceptingExecutableInvoker.invoke(InterceptingExecutableInvoker.java:104)\n\tat org.junit.jupiter.engine.execution.InterceptingExecutableInvoker.invoke(InterceptingExecutableInvoker.java:98)\n\tat org.junit.jupiter.engine.execution.InterceptingExecutableInvoker.invokeVoid(InterceptingExecutableInvoker.java:71)\n\tat org.junit.jupiter.engine.descriptor.TestMethodTestDescriptor.lambda$invokeTestMethod$0(TestMethodTestDescriptor.java:219)\n\tat org.junit.platform.engine.support.hierarchical.ThrowableCollector.execute(ThrowableCollector.java:74)\n\tat org.junit.jupiter.engine.descriptor.TestMethodTestDescriptor.invokeTestMethod(TestMethodTestDescriptor.java:215)\n\tat org.junit.jupiter.engine.descriptor.TestMethodTestDescriptor.execute(TestMethodTestDescriptor.java:157)\n\tat org.junit.jupiter.engine.descriptor.TestMethodTestDescriptor.execute(TestMethodTestDescriptor.java:70)\n\tat org.junit.platform.engine.support.hierarchical.NodeTestTask.lambda$executeRecursively$2(NodeTestTask.java:176)\n\tat org.junit.platform.engine.support.hierarchical.ThrowableCollector.execute(ThrowableCollector.java:74)\n\tat org.junit.platform.engine.support.hierarchical.NodeTestTask.lambda$executeRecursively$1(NodeTestTask.java:166)\n\tat org.junit.platform.engine.support.hierarchical.Node.around(Node.java:139)\n\tat org.junit.platform.engine.support.hierarchical.NodeTestTask.lambda$executeRecursively$0(NodeTestTask.java:164)\n\tat org.junit.platform.engine.support.hierarchical.ThrowableCollector.execute(ThrowableCollector.java:74)\n\tat org.junit.platform.engine.support.hierarchical.NodeTestTask.executeRecursively(NodeTestTask.java:163)\n\tat org.junit.platform.engine.support.hierarchical.NodeTestTask.execute(NodeTestTask.java:116)\n\tat java.base/java.util.ArrayList.forEach(ArrayList.java:1596)\n\tat org.junit.platform.engine.support.hierarchical.SameThreadHierarchicalTestExecutorService.invokeAll(SameThreadHierarchicalTestExecutorService.java:42)\n\tat org.junit.platform.engine.support.hierarchical.NodeTestTask.lambda$executeRecursively$2(NodeTestTask.java:180)\n\tat org.junit.platform.engine.support.hierarchical.ThrowableCollector.execute(ThrowableCollector.java:74)\n\tat org.junit.platform.engine.support.hierarchical.NodeTestTask.lambda$executeRecursively$1(NodeTestTask.java:166)\n\tat org.junit.platform.engine.support.hierarchical.Node.around(Node.java:139)\n\tat org.junit.platform.engine.support.hierarchical.NodeTestTask.lambda$executeRecursively$0(NodeTestTask.java:164)\n\tat org.junit.platform.engine.support.hierarchical.ThrowableCollector.execute(ThrowableCollector.java:74)\n\tat org.junit.platform.engine.support.hierarchical.NodeTestTask.executeRecursively(NodeTestTask.java:163)\n\tat org.junit.platform.engine.support.hierarchical.NodeTestTask.execute(NodeTestTask.java:116)\n\tat java.base/java.util.ArrayList.forEach(ArrayList.java:1596)\n\tat org.junit.platform.engine.support.hierarchical.SameThreadHierarchicalTestExecutorService.invokeAll(SameThreadHierarchicalTestExecutorService.java:42)\n\tat org.junit.platform.engine.support.hierarchical.NodeTestTask.lambda$executeRecursively$2(NodeTestTask.java:180)\n\tat org.junit.platform.engine.support.hierarchical.ThrowableCollector.execute(ThrowableCollector.java:74)\n\tat org.junit.platform.engine.support.hierarchical.NodeTestTask.lambda$executeRecursively$1(NodeTestTask.java:166)\n\tat org.junit.platform.engine.support.hierarchical.Node.around(Node.java:139)\n\tat org.junit.platform.engine.support.hierarchical.NodeTestTask.lambda$executeRecursively$0(NodeTestTask.java:164)\n\tat org.junit.platform.engine.support.hierarchical.ThrowableCollector.execute(ThrowableCollector.java:74)\n\tat org.junit.platform.engine.support.hierarchical.NodeTestTask.executeRecursively(NodeTestTask.java:163)\n\tat org.junit.platform.engine.support.hierarchical.NodeTestTask.execute(NodeTestTask.java:116)\n\tat org.junit.platform.engine.support.hierarchical.SameThreadHierarchicalTestExecutorService.submit(SameThreadHierarchicalTestExecutorService.java:36)\n\tat org.junit.platform.engine.support.hierarchical.HierarchicalTestExecutor.execute(HierarchicalTestExecutor.java:52)\n\tat org.junit.platform.engine.support.hierarchical.HierarchicalTestEngine.execute(HierarchicalTestEngine.java:58)\n\tat org.junit.platform.launcher.core.EngineExecutionOrchestrator.executeEngine(EngineExecutionOrchestrator.java:256)\n\tat org.junit.platform.launcher.core.EngineExecutionOrchestrator.failOrExecuteEngine(EngineExecutionOrchestrator.java:228)\n\tat org.junit.platform.launcher.core.EngineExecutionOrchestrator.execute(EngineExecutionOrchestrator.java:189)\n\tat org.junit.platform.launcher.core.EngineExecutionOrchestrator.execute(EngineExecutionOrchestrator.java:109)\n\tat org.junit.platform.launcher.core.EngineExecutionOrchestrator.lambda$execute$0(EngineExecutionOrchestrator.java:66)\n\tat org.junit.platform.launcher.core.EngineExecutionOrchestrator.withInterceptedStreams(EngineExecutionOrchestrator.java:168)\n\tat org.junit.platform.launcher.core.EngineExecutionOrchestrator.execute(EngineExecutionOrchestrator.java:65)\n\tat org.junit.platform.launcher.core.DefaultLauncher.execute(DefaultLauncher.java:137)\n\tat org.junit.platform.launcher.core.DefaultLauncher.execute(DefaultLauncher.java:126)\n\tat org.junit.platform.launcher.core.DefaultLauncher.execute(DefaultLauncher.java:100)\n\tat org.junit.platform.launcher.core.DelegatingLauncher.execute(DelegatingLauncher.java:57)\n\tat org.junit.platform.launcher.core.InterceptingLauncher.lambda$execute$0(InterceptingLauncher.java:46)\n\tat org.junit.platform.launcher.core.ClasspathAlignmentCheckingLauncherInterceptor.intercept(ClasspathAlignmentCheckingLauncherInterceptor.java:25)\n\tat org.junit.platform.launcher.core.InterceptingLauncher.execute(InterceptingLauncher.java:45)\n\tat org.junit.platform.launcher.core.DelegatingLauncher.execute(DelegatingLauncher.java:57)\n\tat org.gradle.api.internal.tasks.testing.junitplatform.JUnitPlatformTestDefinitionProcessor$CollectThenExecuteTestDefinitionConsumer.processAllTestDefinitions(JUnitPlatformTestDefinitionProcessor.java:205)\n\tat org.gradle.api.internal.tasks.testing.junitplatform.JUnitPlatformTestDefinitionProcessor$CollectThenExecuteTestDefinitionConsumer.access$000(JUnitPlatformTestDefinitionProcessor.java:122)\n\tat org.gradle.api.internal.tasks.testing.junitplatform.JUnitPlatformTestDefinitionProcessor.stop(JUnitPlatformTestDefinitionProcessor.java:116)\n\tat org.gradle.api.internal.tasks.testing.SuiteTestDefinitionProcessor.stop(SuiteTestDefinitionProcessor.java:63)\n\tat java.base/jdk.internal.reflect.DirectMethodHandleAccessor.invoke(DirectMethodHandleAccessor.java:103)\n\tat java.base/java.lang.reflect.Method.invoke(Method.java:580)\n\tat org.gradle.internal.dispatch.MethodInvocation.invokeOn(MethodInvocation.java:77)\n\tat org.gradle.internal.dispatch.ReflectionDispatch.dispatch(ReflectionDispatch.java:28)\n\tat org.gradle.internal.dispatch.ReflectionDispatch.dispatch(ReflectionDispatch.java:19)\n\tat org.gradle.internal.dispatch.ContextClassLoaderDispatch.dispatch(ContextClassLoaderDispatch.java:33)\n\tat org.gradle.internal.dispatch.ProxyDispatchAdapter$DispatchingInvocationHandler.invoke(ProxyDispatchAdapter.java:88)\n\tat jdk.proxy1/jdk.proxy1.$Proxy4.stop(Unknown Source)\n\tat org.gradle.api.internal.tasks.testing.worker.TestWorker$3.run(TestWorker.java:195)\n\tat org.gradle.api.internal.tasks.testing.worker.TestWorker.executeAndMaintainThreadName(TestWorker.java:126)\n\tat org.gradle.api.internal.tasks.testing.worker.TestWorker.execute(TestWorker.java:103)\n\tat org.gradle.api.internal.tasks.testing.worker.TestWorker.execute(TestWorker.java:63)\n\tat org.gradle.process.internal.worker.child.ActionExecutionWorker.execute(ActionExecutionWorker.java:56)\n\tat org.gradle.process.internal.worker.child.SystemApplicationClassLoaderWorker.call(SystemApplicationClassLoaderWorker.java:122)\n\tat org.gradle.process.internal.worker.child.SystemApplicationClassLoaderWorker.call(SystemApplicationClassLoaderWorker.java:72)\n\tat worker.org.gradle.process.internal.worker.GradleWorkerMain.run(GradleWorkerMain.java:69)\n\tat worker.org.gradle.process.internal.worker.GradleWorkerMain.main(GradleWorkerMain.java:74)\n"}
{"@timestamp":"2026-10-09T11:43:27.860573452-03:00","@version":"1","message":"claim lease lost; dropping work","logger_name":"run.trama.saga.SagaExecutionProcessor","thread_name":"Test worker @coroutine#8989","level":"WARN","level_value":30000,"sagaId":"b39e1a96-2e35-4c06-a3b1-e09940396e56"}
{"@timestamp":"2026-10-09T11:43:27.874374335-03:00","@version":"1","message":"processing failed","logger_name":"run.trama.saga.SagaExecutionProcessor","thread_name":"Test worker @coroutine#8992","level":"WARN","level_value":30000,"stack_trace":"java.lang.IllegalStateException: boom\n\tat run.trama.saga.SagaExecutionProcessorShutdownTest$a failed execution is released, not acked, so its claim can expire and be re-delivered$1$processor$1.execute(SagaExecutionProcessorShutdownTest.kt:70)\n\tat run.trama.saga.SagaExecutionProcessor$process$outcome$1$1.invokeSuspend(SagaExecutionProcessor.kt:108)\n\tat run.trama.saga.SagaExecutionProcessor$process$outcome$1$1.invoke(SagaExecutionProcessor.kt)\n\tat run.trama.saga.SagaExecutionProcessor$process$outcome$1$1.invoke(SagaExecutionProcessor.kt)\n\tat run.trama.telemetry.Tracing.withSpan(Tracing.kt:75)\n\tat run.trama.telemetry.Tracing.withSpan$default(Tracing.kt:61)\n\tat run.trama.saga.SagaExecutionProcessor$process$outcome$1.invokeSuspend(SagaExecutionProcessor.kt:94)\n\tat run.trama.saga.SagaExecutionProcessor$process$outcome$1.invoke(SagaExecutionProcessor.kt)\n\tat run.trama.saga.SagaExecutionProcessor$process$outcome$1.invoke(SagaExecutionProcessor.kt)\n\tat kotlinx.coroutines.intrinsics.UndispatchedKt.startUndispatched(Undispatched.kt:66)\n\tat kotlinx.coroutines.intrinsics.UndispatchedKt.startUndispatchedOrReturn(Undispatched.kt:43)\n\tat kotlinx.coroutines.BuildersKt__Builders_commonKt.withContext(Builders.common.kt:489)\n\tat kotlinx.coroutines.BuildersKt.withContext(Unknown Source)\n\tat run.trama.saga.SagaExecutionProcessor.process(SagaExecutionProcessor.kt:93)\n\tat run.trama.saga.SagaExecutionProcessor.runWorker(SagaExecutionProcessor.kt:63)\n\tat run.trama.saga.SagaExecutionProcessorShutdownTest$a failed execution is released, not acked, so its claim can expire and be re-delivered$1$workerJob$1.invokeSuspend(SagaExecutionProcessorShutdownTest.kt:86)\n\tat _COROUTINE._BOUNDARY._(CoroutineDebugging.kt:42)\n\tat run.trama.saga.SagaExecutionProcessor.process(SagaExecutionProcessor.kt:93)\n\tat run.trama.saga.SagaExecutionProcessor.runWorker(SagaExecutionProcessor.kt:63)\n\tat run.trama.saga.SagaExecutionProcessorShutdownTest$a failed execution is released, not acked, so its claim can expire and be re-delivered$1$workerJob$1.invokeSuspend(SagaExecutionProcessorShutdownTest.kt:86)\nCaused by: java.lang.IllegalStateException: boom\n\tat run.trama.saga.SagaExecutionProcessorShutdownTest$a failed execution is released, not acked, so its claim can expire and be re-delivered$1$processor$1.execute(SagaExecutionProcessorShutdownTest.kt:70)\n\tat run.trama.saga.SagaExecutionProcessor$process$outcome$1$1.invokeSuspend(SagaExecutionProcessor.kt:108)\n\tat run.trama.saga.SagaExecutionProcessor$process$outcome$1$1.invoke(SagaExecutionProcessor.kt)\n\tat run.trama.saga.SagaExecutionProcessor$process$outcome$1$1.invoke(SagaExecutionProcessor.kt)\n\tat run.trama.telemetry.Tracing.withSpan(Tracing.kt:75)\n\tat run.trama.telemetry.Tracing.withSpan$default(Tracing.kt:61)\n\tat run.trama.saga.SagaExecutionProcessor$process$outcome$1.invokeSuspend(SagaExecutionProcessor.kt:94)\n\tat run.trama.saga.SagaExecutionProcessor$process$outcome$1.invoke(SagaExecutionProcessor.kt)\n\tat run.trama.saga.SagaExecutionProcessor$process$outcome$1.invoke(SagaExecutionProcessor.kt)\n\tat kotlinx.coroutines.intrinsics.UndispatchedKt.startUndispatched(Undispatched.kt:66)\n\tat kotlinx.coroutines.intrinsics.UndispatchedKt.startUndispatchedOrReturn(Undispatched.kt:43)\n\tat kotlinx.coroutines.BuildersKt__Builders_commonKt.withContext(Builders.common.kt:489)\n\tat kotlinx.coroutines.BuildersKt.withContext(Unknown Source)\n\tat run.trama.saga.SagaExecutionProcessor.process(SagaExecutionProcessor.kt:93)\n\tat run.trama.saga.SagaExecutionProcessor.runWorker(SagaExecutionProcessor.kt:63)\n\tat run.trama.saga.SagaExecutionProcessorShutdownTest$a failed execution is released, not acked, so its claim can expire and be re-delivered$1$workerJob$1.invokeSuspend(SagaExecutionProcessorShutdownTest.kt:86)\n\tat kotlin.coroutines.jvm.internal.BaseContinuationImpl.resumeWith(ContinuationImpl.kt:34)\n\tat kotlinx.coroutines.DispatchedTask.run(DispatchedTask.kt:100)\n\tat kotlinx.coroutines.EventLoopImplBase.processNextEvent(EventLoop.common.kt:256)\n\tat kotlinx.coroutines.BlockingCoroutine.joinBlocking(Builders.kt:54)\n\tat kotlinx.coroutines.BuildersKt__BuildersKt.runBlockingImpl(Builders.kt:30)\n\tat kotlinx.coroutines.BuildersKt.runBlockingImpl(Unknown Source)\n\tat kotlinx.coroutines.BuildersKt__Builders_concurrentKt.runBlockingK(Builders.concurrent.kt:172)\n\tat kotlinx.coroutines.BuildersKt.runBlockingK(Unknown Source)\n\tat kotlinx.coroutines.BuildersKt__Builders_concurrentKt.runBlockingK$default(Builders.concurrent.kt:157)\n\tat kotlinx.coroutines.BuildersKt.runBlockingK$default(Unknown Source)\n\tat run.trama.saga.SagaExecutionProcessorShutdownTest.a failed execution is released, not acked, so its claim can expire and be re-delivered(SagaExecutionProcessorShutdownTest.kt:63)\n\tat java.base/jdk.internal.reflect.DirectMethodHandleAccessor.invoke(DirectMethodHandleAccessor.java:103)\n\tat java.base/java.lang.reflect.Method.invoke(Method.java:580)\n\tat org.junit.platform.commons.util.ReflectionUtils.invokeMethod(ReflectionUtils.java:700)\n\tat org.junit.platform.commons.support.ReflectionSupport.invokeMethod(ReflectionSupport.java:528)\n\tat org.junit.jupiter.engine.support.MethodReflectionUtils.invoke(MethodReflectionUtils.java:53)\n\tat org.junit.jupiter.engine.execution.MethodInvocation.proceed(MethodInvocation.java:61)\n\tat org.junit.jupiter.engine.execution.InvocationInterceptorChain$ValidatingInvocation.proceed(InvocationInterceptorChain.java:124)\n\tat org.junit.jupiter.engine.extension.TimeoutExtension.intercept(TimeoutExtension.java:163)\n\tat org.junit.jupiter.engine.extension.TimeoutExtension.interceptTestableMethod(TimeoutExtension.java:148)\n\tat org.junit.jupiter.engine.extension.TimeoutExtension.interceptTestMethod(TimeoutExtension.java:86)\n\tat org.junit.jupiter.engine.execution.InterceptingExecutableInvoker$ReflectiveInterceptorCall.lambda$ofVoidMethod$0(InterceptingExecutableInvoker.java:124)\n\tat org.junit.jupiter.engine.execution.InterceptingExecutableInvoker.lambda$invoke$0(InterceptingExecutableInvoker.java:105)\n\tat org.junit.jupiter.engine.execution.InvocationInterceptorChain$InterceptedInvocation.proceed(InvocationInterceptorChain.java:99)\n\tat org.junit.jupiter.engine.execution.InvocationInterceptorChain.proceed(InvocationInterceptorChain.java:66)\n\tat org.junit.jupiter.engine.execution.InvocationInterceptorChain.chainAndInvoke(InvocationInterceptorChain.java:47)\n\tat org.junit.jupiter.engine.execution.InvocationInterceptorChain.invoke(InvocationInterceptorChain.java:39)\n\tat org.junit.jupiter.engine.execution.InterceptingExecutableInvoker.invoke(InterceptingExecutableInvoker.java:104)\n\tat org.junit.jupiter.engine.execution.InterceptingExecutableInvoker.invoke(InterceptingExecutableInvoker.java:98)\n\tat org.junit.jupiter.engine.execution.InterceptingExecutableInvoker.invokeVoid(InterceptingExecutableInvoker.java:71)\n\tat org.junit.jupiter.engine.descriptor.TestMethodTestDescriptor.lambda$invokeTestMethod$0(TestMethodTestDescriptor.java:219)\n\tat org.junit.platform.engine.support.hierarchical.ThrowableCollector.execute(ThrowableCollector.java:74)\n\tat org.junit.jupiter.engine.descriptor.TestMethodTestDescriptor.invokeTestMethod(TestMethodTestDescriptor.java:215)\n\tat org.junit.jupiter.engine.descriptor.TestMethodTestDescriptor.execute(TestMethodTestDescriptor.java:157)\n\tat org.junit.jupiter.engine.descriptor.TestMethodTestDescriptor.execute(TestMethodTestDescriptor.java:70)\n\tat org.junit.platform.engine.support.hierarchical.NodeTestTask.lambda$executeRecursively$2(NodeTestTask.java:176)\n\tat org.junit.platform.engine.support.hierarchical.ThrowableCollector.execute(ThrowableCollector.java:74)\n\tat org.junit.platform.engine.support.hierarchical.NodeTestTask.lambda$executeRecursively$1(NodeTestTask.java:166)\n\tat org.junit.platform.engine.support.hierarchical.Node.around(Node.java:139)\n\tat org.junit.platform.engine.support.hierarchical.NodeTestTask.lambda$executeRecursively$0(NodeTestTask.java:164)\n\tat org.junit.platform.engine.support.hierarchical.ThrowableCollector.execute(ThrowableCollector.java:74)\n\tat org.junit.platform.engine.support.hierarchical.NodeTestTask.executeRecursively(NodeTestTask.java:163)\n\tat org.junit.platform.engine.support.hierarchical.NodeTestTask.execute(NodeTestTask.java:116)\n\tat java.base/java.util.ArrayList.forEach(ArrayList.java:1596)\n\tat org.junit.platform.engine.support.hierarchical.SameThreadHierarchicalTestExecutorService.invokeAll(SameThreadHierarchicalTestExecutorService.java:42)\n\tat org.junit.platform.engine.support.hierarchical.NodeTestTask.lambda$executeRecursively$2(NodeTestTask.java:180)\n\tat org.junit.platform.engine.support.hierarchical.ThrowableCollector.execute(ThrowableCollector.java:74)\n\tat org.junit.platform.engine.support.hierarchical.NodeTestTask.lambda$executeRecursively$1(NodeTestTask.java:166)\n\tat org.junit.platform.engine.support.hierarchical.Node.around(Node.java:139)\n\tat org.junit.platform.engine.support.hierarchical.NodeTestTask.lambda$executeRecursively$0(NodeTestTask.java:164)\n\tat org.junit.platform.engine.support.hierarchical.ThrowableCollector.execute(ThrowableCollector.java:74)\n\tat org.junit.platform.engine.support.hierarchical.NodeTestTask.executeRecursively(NodeTestTask.java:163)\n\tat org.junit.platform.engine.support.hierarchical.NodeTestTask.execute(NodeTestTask.java:116)\n\tat java.base/java.util.ArrayList.forEach(ArrayList.java:1596)\n\tat org.junit.platform.engine.support.hierarchical.SameThreadHierarchicalTestExecutorService.invokeAll(SameThreadHierarchicalTestExecutorService.java:42)\n\tat org.junit.platform.engine.support.hierarchical.NodeTestTask.lambda$executeRecursively$2(NodeTestTask.java:180)\n\tat org.junit.platform.engine.support.hierarchical.ThrowableCollector.execute(ThrowableCollector.java:74)\n\tat org.junit.platform.engine.support.hierarchical.NodeTestTask.lambda$executeRecursively$1(NodeTestTask.java:166)\n\tat org.junit.platform.engine.support.hierarchical.Node.around(Node.java:139)\n\tat org.junit.platform.engine.support.hierarchical.NodeTestTask.lambda$executeRecursively$0(NodeTestTask.java:164)\n\tat org.junit.platform.engine.support.hierarchical.ThrowableCollector.execute(ThrowableCollector.java:74)\n\tat org.junit.platform.engine.support.hierarchical.NodeTestTask.executeRecursively(NodeTestTask.java:163)\n\tat org.junit.platform.engine.support.hierarchical.NodeTestTask.execute(NodeTestTask.java:116)\n\tat org.junit.platform.engine.support.hierarchical.SameThreadHierarchicalTestExecutorService.submit(SameThreadHierarchicalTestExecutorService.java:36)\n\tat org.junit.platform.engine.support.hierarchical.HierarchicalTestExecutor.execute(HierarchicalTestExecutor.java:52)\n\tat org.junit.platform.engine.support.hierarchical.HierarchicalTestEngine.execute(HierarchicalTestEngine.java:58)\n\tat org.junit.platform.launcher.core.EngineExecutionOrchestrator.executeEngine(EngineExecutionOrchestrator.java:256)\n\tat org.junit.platform.launcher.core.EngineExecutionOrchestrator.failOrExecuteEngine(EngineExecutionOrchestrator.java:228)\n\tat org.junit.platform.launcher.core.EngineExecutionOrchestrator.execute(EngineExecutionOrchestrator.java:189)\n\tat org.junit.platform.launcher.core.EngineExecutionOrchestrator.execute(EngineExecutionOrchestrator.java:109)\n\tat org.junit.platform.launcher.core.EngineExecutionOrchestrator.lambda$execute$0(EngineExecutionOrchestrator.java:66)\n\tat org.junit.platform.launcher.core.EngineExecutionOrchestrator.withInterceptedStreams(EngineExecutionOrchestrator.java:168)\n\tat org.junit.platform.launcher.core.EngineExecutionOrchestrator.execute(EngineExecutionOrchestrator.java:65)\n\tat org.junit.platform.launcher.core.DefaultLauncher.execute(DefaultLauncher.java:137)\n\tat org.junit.platform.launcher.core.DefaultLauncher.execute(DefaultLauncher.java:126)\n\tat org.junit.platform.launcher.core.DefaultLauncher.execute(DefaultLauncher.java:100)\n\tat org.junit.platform.launcher.core.DelegatingLauncher.execute(DelegatingLauncher.java:57)\n\tat org.junit.platform.launcher.core.InterceptingLauncher.lambda$execute$0(InterceptingLauncher.java:46)\n\tat org.junit.platform.launcher.core.ClasspathAlignmentCheckingLauncherInterceptor.intercept(ClasspathAlignmentCheckingLauncherInterceptor.java:25)\n\tat org.junit.platform.launcher.core.InterceptingLauncher.execute(InterceptingLauncher.java:45)\n\tat org.junit.platform.launcher.core.DelegatingLauncher.execute(DelegatingLauncher.java:57)\n\tat org.gradle.api.internal.tasks.testing.junitplatform.JUnitPlatformTestDefinitionProcessor$CollectThenExecuteTestDefinitionConsumer.processAllTestDefinitions(JUnitPlatformTestDefinitionProcessor.java:205)\n\tat org.gradle.api.internal.tasks.testing.junitplatform.JUnitPlatformTestDefinitionProcessor$CollectThenExecuteTestDefinitionConsumer.access$000(JUnitPlatformTestDefinitionProcessor.java:122)\n\tat org.gradle.api.internal.tasks.testing.junitplatform.JUnitPlatformTestDefinitionProcessor.stop(JUnitPlatformTestDefinitionProcessor.java:116)\n\tat org.gradle.api.internal.tasks.testing.SuiteTestDefinitionProcessor.stop(SuiteTestDefinitionProcessor.java:63)\n\tat java.base/jdk.internal.reflect.DirectMethodHandleAccessor.invoke(DirectMethodHandleAccessor.java:103)\n\tat java.base/java.lang.reflect.Method.invoke(Method.java:580)\n\tat org.gradle.internal.dispatch.MethodInvocation.invokeOn(MethodInvocation.java:77)\n\tat org.gradle.internal.dispatch.ReflectionDispatch.dispatch(ReflectionDispatch.java:28)\n\tat org.gradle.internal.dispatch.ReflectionDispatch.dispatch(ReflectionDispatch.java:19)\n\tat org.gradle.internal.dispatch.ContextClassLoaderDispatch.dispatch(ContextClassLoaderDispatch.java:33)\n\tat org.gradle.internal.dispatch.ProxyDispatchAdapter$DispatchingInvocationHandler.invoke(ProxyDispatchAdapter.java:88)\n\tat jdk.proxy1/jdk.proxy1.$Proxy4.stop(Unknown Source)\n\tat org.gradle.api.internal.tasks.testing.worker.TestWorker$3.run(TestWorker.java:195)\n\tat org.gradle.api.internal.tasks.testing.worker.TestWorker.executeAndMaintainThreadName(TestWorker.java:126)\n\tat org.gradle.api.internal.tasks.testing.worker.TestWorker.execute(TestWorker.java:103)\n\tat org.gradle.api.internal.tasks.testing.worker.TestWorker.execute(TestWorker.java:63)\n\tat org.gradle.process.internal.worker.child.ActionExecutionWorker.execute(ActionExecutionWorker.java:56)\n\tat org.gradle.process.internal.worker.child.SystemApplicationClassLoaderWorker.call(SystemApplicationClassLoaderWorker.java:122)\n\tat org.gradle.process.internal.worker.child.SystemApplicationClassLoaderWorker.call(SystemApplicationClassLoaderWorker.java:72)\n\tat worker.org.gradle.process.internal.worker.GradleWorkerMain.run(GradleWorkerMain.java:69)\n\tat worker.org.gradle.process.internal.worker.GradleWorkerMain.main(GradleWorkerMain.java:74)\n","sagaId":"ab571b66-65fd-4c3a-8b60-74986eee25a2","sagaName":"order"}
{"@timestamp":"2026-10-09T11:43:27.88587573-03:00","@version":"1","message":"processing failed","logger_name":"run.trama.saga.SagaExecutionProcessor","thread_name":"Test worker @coroutine#8995","level":"WARN","level_value":30000,"stack_trace":"java.lang.IllegalStateException: db down\n\tat run.trama.saga.SagaExecutionProcessorShutdownTest$a worker exception feeds the rate limiter$1.invokeSuspend(SagaExecutionProcessorShutdownTest.kt:145)\n\tat run.trama.saga.SagaExecutionProcessorShutdownTest$a worker exception feeds the rate limiter$1.invoke(SagaExecutionProcessorShutdownTest.kt)\n\tat run.trama.saga.SagaExecutionProcessorShutdownTest$a worker exception feeds the rate limiter$1.invoke(SagaExecutionProcessorShutdownTest.kt)\n\tat run.trama.saga.SagaExecutionProcessorShutdownTest$processOne$1$processor$1.execute(SagaExecutionProcessorShutdownTest.kt:109)\n\tat run.trama.saga.SagaExecutionProcessor$process$outcome$1$1.invokeSuspend(SagaExecutionProcessor.kt:108)\n\tat run.trama.saga.SagaExecutionProcessor$process$outcome$1$1.invoke(SagaExecutionProcessor.kt)\n\tat run.trama.saga.SagaExecutionProcessor$process$outcome$1$1.invoke(SagaExecutionProcessor.kt)\n\tat run.trama.telemetry.Tracing.withSpan(Tracing.kt:75)\n\tat run.trama.telemetry.Tracing.withSpan$default(Tracing.kt:61)\n\tat run.trama.saga.SagaExecutionProcessor$process$outcome$1.invokeSuspend(SagaExecutionProcessor.kt:94)\n\tat run.trama.saga.SagaExecutionProcessor$process$outcome$1.invoke(SagaExecutionProcessor.kt)\n\tat run.trama.saga.SagaExecutionProcessor$process$outcome$1.invoke(SagaExecutionProcessor.kt)\n\tat kotlinx.coroutines.intrinsics.UndispatchedKt.startUndispatched(Undispatched.kt:66)\n\tat kotlinx.coroutines.intrinsics.UndispatchedKt.startUndispatchedOrReturn(Undispatched.kt:43)\n\tat kotlinx.coroutines.BuildersKt__Builders_commonKt.withContext(Builders.common.kt:489)\n\tat kotlinx.coroutines.BuildersKt.withContext(Unknown Source)\n\tat run.trama.saga.SagaExecutionProcessor.process(SagaExecutionProcessor.kt:93)\n\tat run.trama.saga.SagaExecutionProcessor.runWorker(SagaExecutionProcessor.kt:63)\n\tat run.trama.saga.SagaExecutionProcessorShutdownTest$processOne$1$workerJob$1.invokeSuspend(SagaExecutionProcessorShutdownTest.kt:124)\n\tat _COROUTINE._BOUNDARY._(CoroutineDebugging.kt:42)\n\tat run.trama.saga.SagaExecutionProcessor.process(SagaExecutionProcessor.kt:93)\n\tat run.trama.saga.SagaExecutionProcessor.runWorker(SagaExecutionProcessor.kt:63)\n\tat run.trama.saga.SagaExecutionProcessorShutdownTest$processOne$1$workerJob$1.invokeSuspend(SagaExecutionProcessorShutdownTest.kt:124)\nCaused by: java.lang.IllegalStateException: db down\n\tat run.trama.saga.SagaExecutionProcessorShutdownTest$a worker exception feeds the rate limiter$1.invokeSuspend(SagaExecutionProcessorShutdownTest.kt:145)\n\tat run.trama.saga.SagaExecutionProcessorShutdownTest$a worker exception feeds the rate limiter$1.invoke(SagaExecutionProcessorShutdownTest.kt)\n\tat run.trama.saga.SagaExecutionProcessorShutdownTest$a worker exception feeds the rate limiter$1.invoke(SagaExecutionProcessorShutdownTest.kt)\n\tat run.trama.saga.SagaExecutionProcessorShutdownTest$processOne$1$processor$1.execute(SagaExecutionProcessorShutdownTest.kt:109)\n\tat run.trama.saga.SagaExecutionProcessor$process$outcome$1$1.invokeSuspend(SagaExecutionProcessor.kt:108)\n\tat run.trama.saga.SagaExecutionProcessor$process$outcome$1$1.invoke(SagaExecutionProcessor.kt)\n\tat run.trama.saga.SagaExecutionProcessor$process$outcome$1$1.invoke(SagaExecutionProcessor.kt)\n\tat run.trama.telemetry.Tracing.withSpan(Tracing.kt:75)\n\tat run.trama.telemetry.Tracing.withSpan$default(Tracing.kt:61)\n\tat run.trama.saga.SagaExecutionProcessor$process$outcome$1.invokeSuspend(SagaExecutionProcessor.kt:94)\n\tat run.trama.saga.SagaExecutionProcessor$process$outcome$1.invoke(SagaExecutionProcessor.kt)\n\tat run.trama.saga.SagaExecutionProcessor$process$outcome$1.invoke(SagaExecutionProcessor.kt)\n\tat kotlinx.coroutines.intrinsics.UndispatchedKt.startUndispatched(Undispatched.kt:66)\n\tat kotlinx.coroutines.intrinsics.UndispatchedKt.startUndispatchedOrReturn(Undispatched.kt:43)\n\tat kotlinx.coroutines.BuildersKt__Builders_commonKt.withContext(Builders.common.kt:489)\n\tat kotlinx.coroutines.BuildersKt.withContext(Unknown Source)\n\tat run.trama.saga.SagaExecutionProcessor.process(SagaExecutionProcessor.kt:93)\n\tat run.trama.saga.SagaExecutionProcessor.runWorker(SagaExecutionProcessor.kt:63)\n\tat run.trama.saga.SagaExecutionProcessorShutdownTest$processOne$1$workerJob$1.invokeSuspend(SagaExecutionProcessorShutdownTest.kt:124)\n\tat kotlin.coroutines.jvm.internal.BaseContinuationImpl.resumeWith(ContinuationImpl.kt:34)\n\tat kotlinx.coroutines.DispatchedTask.run(DispatchedTask.kt:100)\n\tat kotlinx.coroutines.EventLoopImplBase.processNextEvent(EventLoop.common.kt:256)\n\tat kotlinx.coroutines.BlockingCoroutine.joinBlocking(Builders.kt:54)\n\tat kotlinx.coroutines.BuildersKt__BuildersKt.runBlockingImpl(Builders.kt:30)\n\tat kotlinx.coroutines.BuildersKt.runBlockingImpl(Unknown Source)\n\tat kotlinx.coroutines.BuildersKt__Builders_concurrentKt.runBlockingK(Builders.concurrent.kt:172)\n\tat kotlinx.coroutines.BuildersKt.runBlockingK(Unknown Source)\n\tat kotlinx.coroutines.BuildersKt__Builders_concurrentKt.runBlockingK$default(Builders.concurrent.kt:157)\n\tat kotlinx.coroutines.BuildersKt.runBlockingK$default(Unknown Source)\n\tat run.trama.saga.SagaExecutionProcessorShutdownTest.processOne(SagaExecutionProcessorShutdownTest.kt:102)\n\tat run.trama.saga.SagaExecutionProcessorShutdownTest.a worker exception feeds the rate limiter(SagaExecutionProcessorShutdownTest.kt:145)\n\tat java.base/jdk.internal.reflect.DirectMethodHandleAccessor.invoke(DirectMethodHandleAccessor.java:103)\n\tat java.base/java.lang.reflect.Method.invoke(Method.java:580)\n\tat org.junit.platform.commons.util.ReflectionUtils.invokeMethod(ReflectionUtils.java:700)\n\tat org.junit.platform.commons.support.ReflectionSupport.invokeMethod(ReflectionSupport.java:528)\n\tat org.junit.jupiter.engine.support.MethodReflectionUtils.invoke(MethodReflectionUtils.java:53)\n\tat org.junit.jupiter.engine.execution.MethodInvocation.proceed(MethodInvocation.java:61)\n\tat org.junit.jupiter.engine.execution.InvocationInterceptorChain$ValidatingInvocation.proceed(InvocationInterceptorChain.java:124)\n\tat org.junit.jupiter.engine.extension.TimeoutExtension.intercept(TimeoutExtension.java:163)\n\tat org.junit.jupiter.engine.extension.TimeoutExtension.interceptTestableMethod(TimeoutExtension.java:148)\n\tat org.junit.jupiter.engine.extension.TimeoutExtension.interceptTestMethod(TimeoutExtension.java:86)\n\tat org.junit.jupiter.engine.execution.InterceptingExecutableInvoker$ReflectiveInterceptorCall.lambda$ofVoidMethod$0(InterceptingExecutableInvoker.java:124)\n\tat org.junit.jupiter.engine.execution.InterceptingExecutableInvoker.lambda$invoke$0(InterceptingExecutableInvoker.java:105)\n\tat org.junit.jupiter.engine.execution.InvocationInterceptorChain$InterceptedInvocation.proceed(InvocationInterceptorChain.java:99)\n\tat org.junit.jupiter.engine.execution.InvocationInterceptorChain.proceed(InvocationInterceptorChain.java:66)\n\tat org.junit.jupiter.engine.execution.InvocationInterceptorChain.chainAndInvoke(InvocationInterceptorChain.java:47)\n\tat org.junit.jupiter.engine.execution.InvocationInterceptorChain.invoke(InvocationInterceptorChain.java:39)\n\tat org.junit.jupiter.engine.execution.InterceptingExecutableInvoker.invoke(InterceptingExecutableInvoker.java:104)\n\tat org.junit.jupiter.engine.execution.InterceptingExecutableInvoker.invoke(InterceptingExecutableInvoker.java:98)\n\tat org.junit.jupiter.engine.execution.InterceptingExecutableInvoker.invokeVoid(InterceptingExecutableInvoker.java:71)\n\tat org.junit.jupiter.engine.descriptor.TestMethodTestDescriptor.lambda$invokeTestMethod$0(TestMethodTestDescriptor.java:219)\n\tat org.junit.platform.engine.support.hierarchical.ThrowableCollector.execute(ThrowableCollector.java:74)\n\tat org.junit.jupiter.engine.descriptor.TestMethodTestDescriptor.invokeTestMethod(TestMethodTestDescriptor.java:215)\n\tat org.junit.jupiter.engine.descriptor.TestMethodTestDescriptor.execute(TestMethodTestDescriptor.java:157)\n\tat org.junit.jupiter.engine.descriptor.TestMethodTestDescriptor.execute(TestMethodTestDescriptor.java:70)\n\tat org.junit.platform.engine.support.hierarchical.NodeTestTask.lambda$executeRecursively$2(NodeTestTask.java:176)\n\tat org.junit.platform.engine.support.hierarchical.ThrowableCollector.execute(ThrowableCollector.java:74)\n\tat org.junit.platform.engine.support.hierarchical.NodeTestTask.lambda$executeRecursively$1(NodeTestTask.java:166)\n\tat org.junit.platform.engine.support.hierarchical.Node.around(Node.java:139)\n\tat org.junit.platform.engine.support.hierarchical.NodeTestTask.lambda$executeRecursively$0(NodeTestTask.java:164)\n\tat org.junit.platform.engine.support.hierarchical.ThrowableCollector.execute(ThrowableCollector.java:74)\n\tat org.junit.platform.engine.support.hierarchical.NodeTestTask.executeRecursively(NodeTestTask.java:163)\n\tat org.junit.platform.engine.support.hierarchical.NodeTestTask.execute(NodeTestTask.java:116)\n\tat java.base/java.util.ArrayList.forEach(ArrayList.java:1596)\n\tat org.junit.platform.engine.support.hierarchical.SameThreadHierarchicalTestExecutorService.invokeAll(SameThreadHierarchicalTestExecutorService.java:42)\n\tat org.junit.platform.engine.support.hierarchical.NodeTestTask.lambda$executeRecursively$2(NodeTestTask.java:180)\n\tat org.junit.platform.engine.support.hierarchical.ThrowableCollector.execute(ThrowableCollector.java:74)\n\tat org.junit.platform.engine.support.hierarchical.NodeTestTask.lambda$executeRecursively$1(NodeTestTask.java:166)\n\tat org.junit.platform.engine.support.hierarchical.Node.around(Node.java:139)\n\tat org.junit.platform.engine.support.hierarchical.NodeTestTask.lambda$executeRecursively$0(NodeTestTask.java:164)\n\tat org.junit.platform.engine.support.hierarchical.ThrowableCollector.execute(ThrowableCollector.java:74)\n\tat org.junit.platform.engine.support.hierarchical.NodeTestTask.executeRecursively(NodeTestTask.java:163)\n\tat org.junit.platform.engine.support.hierarchical.NodeTestTask.execute(NodeTestTask.java:116)\n\tat java.base/java.util.ArrayList.forEach(ArrayList.java:1596)\n\tat org.junit.platform.engine.support.hierarchical.SameThreadHierarchicalTestExecutorService.invokeAll(SameThreadHierarchicalTestExecutorService.java:42)\n\tat org.junit.platform.engine.support.hierarchical.NodeTestTask.lambda$executeRecursively$2(NodeTestTask.java:180)\n\tat org.junit.platform.engine.support.hierarchical.ThrowableCollector.execute(ThrowableCollector.java:74)\n\tat org.junit.platform.engine.support.hierarchical.NodeTestTask.lambda$executeRecursively$1(NodeTestTask.java:166)\n\tat org.junit.platform.engine.support.hierarchical.Node.around(Node.java:139)\n\tat org.junit.platform.engine.support.hierarchical.NodeTestTask.lambda$executeRecursively$0(NodeTestTask.java:164)\n\tat org.junit.platform.engine.support.hierarchical.ThrowableCollector.execute(ThrowableCollector.java:74)\n\tat org.junit.platform.engine.support.hierarchical.NodeTestTask.executeRecursively(NodeTestTask.java:163)\n\tat org.junit.platform.engine.support.hierarchical.NodeTestTask.execute(NodeTestTask.java:116)\n\tat org.junit.platform.engine.support.hierarchical.SameThreadHierarchicalTestExecutorService.submit(SameThreadHierarchicalTestExecutorService.java:36)\n\tat org.junit.platform.engine.support.hierarchical.HierarchicalTestExecutor.execute(HierarchicalTestExecutor.java:52)\n\tat org.junit.platform.engine.support.hierarchical.HierarchicalTestEngine.execute(HierarchicalTestEngine.java:58)\n\tat org.junit.platform.launcher.core.EngineExecutionOrchestrator.executeEngine(EngineExecutionOrchestrator.java:256)\n\tat org.junit.platform.launcher.core.EngineExecutionOrchestrator.failOrExecuteEngine(EngineExecutionOrchestrator.java:228)\n\tat org.junit.platform.launcher.core.EngineExecutionOrchestrator.execute(EngineExecutionOrchestrator.java:189)\n\tat org.junit.platform.launcher.core.EngineExecutionOrchestrator.execute(EngineExecutionOrchestrator.java:109)\n\tat org.junit.platform.launcher.core.EngineExecutionOrchestrator.lambda$execute$0(EngineExecutionOrchestrator.java:66)\n\tat org.junit.platform.launcher.core.EngineExecutionOrchestrator.withInterceptedStreams(EngineExecutionOrchestrator.java:168)\n\tat org.junit.platform.launcher.core.EngineExecutionOrchestrator.execute(EngineExecutionOrchestrator.java:65)\n\tat org.junit.platform.launcher.core.DefaultLauncher.execute(DefaultLauncher.java:137)\n\tat org.junit.platform.launcher.core.DefaultLauncher.execute(DefaultLauncher.java:126)\n\tat org.junit.platform.launcher.core.DefaultLauncher.execute(DefaultLauncher.java:100)\n\tat org.junit.platform.launcher.core.DelegatingLauncher.execute(DelegatingLauncher.java:57)\n\tat org.junit.platform.launcher.core.InterceptingLauncher.lambda$execute$0(InterceptingLauncher.java:46)\n\tat org.junit.platform.launcher.core.ClasspathAlignmentCheckingLauncherInterceptor.intercept(ClasspathAlignmentCheckingLauncherInterceptor.java:25)\n\tat org.junit.platform.launcher.core.InterceptingLauncher.execute(InterceptingLauncher.java:45)\n\tat org.junit.platform.launcher.core.DelegatingLauncher.execute(DelegatingLauncher.java:57)\n\tat org.gradle.api.internal.tasks.testing.junitplatform.JUnitPlatformTestDefinitionProcessor$CollectThenExecuteTestDefinitionConsumer.processAllTestDefinitions(JUnitPlatformTestDefinitionProcessor.java:205)\n\tat org.gradle.api.internal.tasks.testing.junitplatform.JUnitPlatformTestDefinitionProcessor$CollectThenExecuteTestDefinitionConsumer.access$000(JUnitPlatformTestDefinitionProcessor.java:122)\n\tat org.gradle.api.internal.tasks.testing.junitplatform.JUnitPlatformTestDefinitionProcessor.stop(JUnitPlatformTestDefinitionProcessor.java:116)\n\tat org.gradle.api.internal.tasks.testing.SuiteTestDefinitionProcessor.stop(SuiteTestDefinitionProcessor.java:63)\n\tat java.base/jdk.internal.reflect.DirectMethodHandleAccessor.invoke(DirectMethodHandleAccessor.java:103)\n\tat java.base/java.lang.reflect.Method.invoke(Method.java:580)\n\tat org.gradle.internal.dispatch.MethodInvocation.invokeOn(MethodInvocation.java:77)\n\tat org.gradle.internal.dispatch.ReflectionDispatch.dispatch(ReflectionDispatch.java:28)\n\tat org.gradle.internal.dispatch.ReflectionDispatch.dispatch(ReflectionDispatch.java:19)\n\tat org.gradle.internal.dispatch.ContextClassLoaderDispatch.dispatch(ContextClassLoaderDispatch.java:33)\n\tat org.gradle.internal.dispatch.ProxyDispatchAdapter$DispatchingInvocationHandler.invoke(ProxyDispatchAdapter.java:88)\n\tat jdk.proxy1/jdk.proxy1.$Proxy4.stop(Unknown Source)\n\tat org.gradle.api.internal.tasks.testing.worker.TestWorker$3.run(TestWorker.java:195)\n\tat org.gradle.api.internal.tasks.testing.worker.TestWorker.executeAndMaintainThreadName(TestWorker.java:126)\n\tat org.gradle.api.internal.tasks.testing.worker.TestWorker.execute(TestWorker.java:103)\n\tat org.gradle.api.internal.tasks.testing.worker.TestWorker.execute(TestWorker.java:63)\n\tat org.gradle.process.internal.worker.child.ActionExecutionWorker.execute(ActionExecutionWorker.java:56)\n\tat org.gradle.process.internal.worker.child.SystemApplicationClassLoaderWorker.call(SystemApplicationClassLoaderWorker.java:122)\n\tat org.gradle.process.internal.worker.child.SystemApplicationClassLoaderWorker.call(SystemApplicationClassLoaderWorker.java:72)\n\tat worker.org.gradle.process.internal.worker.GradleWorkerMain.run(GradleWorkerMain.java:69)\n\tat worker.org.gradle.process.internal.worker.GradleWorkerMain.main(GradleWorkerMain.java:74)\n","sagaId":"c26b734e-989d-45ad-bf62-536864f18415","sagaName":"order"}
{"@timestamp":"2026-10-09T11:43:27.898776776-03:00","@version":"1","message":"stale checkpoint; dropping duplicate work","logger_name":"run.trama.saga.SagaExecutionProcessor","thread_name":"Test worker @coroutine#8998","level":"INFO","level_value":20000,"sagaId":"8cb9a167-dacc-4ab5-a214-3c1c3f008f42"}
{"@timestamp":"2026-10-09T11:43:28.148351652-03:00","@version":"1","message":"callback received","logger_name":"run.trama.saga.callback.CallbackReceiver","thread_name":"Test worker @coroutine#9057","level":"INFO","level_value":20000,"executionId":"00000000-0000-0000-0000-000000000001","nodeId":"payment","attempt":0,"isSuccess":false}
{"@timestamp":"2026-10-09T11:43:28.148550972-03:00","@version":"1","message":"async callback failure — compensation scheduled","logger_name":"run.trama.saga.callback.CallbackReceiver","thread_name":"Test worker @coroutine#9057","level":"INFO","level_value":20000,"executionId":"00000000-0000-0000-0000-000000000001","nodeId":"payment"}
{"@timestamp":"2026-10-09T11:43:28.151850807-03:00","@version":"1","message":"callback rejected","logger_name":"run.trama.saga.callback.CallbackReceiver","thread_name":"Test worker @coroutine#9058","level":"WARN","level_value":30000,"executionId":"00000000-0000-0000-0000-000000000001","nodeId":"payment","reason":"invalid callback token signature"}
{"@timestamp":"2026-10-09T11:43:28.156075527-03:00","@version":"1","message":"callback received","logger_name":"run.trama.saga.callback.CallbackReceiver","thread_name":"Test worker @coroutine#9059","level":"INFO","level_value":20000,"executionId":"00000000-0000-0000-0000-000000000001","nodeId":"payment","attempt":0,"isSuccess":true}
{"@timestamp":"2026-10-09T11:43:28.156219222-03:00","@version":"1","message":"execution resumed after async callback","logger_name":"run.trama.saga.callback.CallbackReceiver","thread_name":"Test worker @coroutine#9059","level":"INFO","level_value":20000,"executionId":"00000000-0000-0000-0000-000000000001","nodeId":"payment","nextNodeId":"ship"}
{"@timestamp":"2026-10-09T11:43:28.158543466-03:00","@version":"1","message":"callback rejected","logger_name":"run.trama.saga.callback.CallbackReceiver","thread_name":"Test worker @coroutine#9060","level":"WARN","level_value":30000,"executionId":"00000000-0000-0000-0000-000000000001","nodeId":"payment","reason":"callback token expired"}
{"@timestamp":"2026-10-09T11:43:28.162663075-03:00","@version":"1","message":"callback attempt mismatch","logger_name":"run.trama.saga.callback.CallbackReceiver","thread_name":"Test worker @coroutine#9062","level":"WARN","level_value":30000,"executionId":"00000000-0000-0000-0000-000000000001","nodeId":"payment","expected":0,"received":1}
{"@timestamp":"2026-10-09T11:43:28.164276814-03:00","@version":"1","message":"callback arrived but no waiting entry found","logger_name":"run.trama.saga.callback.CallbackReceiver","thread_name":"Test worker @coroutine#9063","level":"WARN","level_value":30000,"executionId":"00000000-0000-0000-0000-000000000001","nodeId":"payment"}
{"@timestamp":"2026-10-09T11:43:28.165991295-03:00","@version":"1","message":"callback replay detected","logger_name":"run.trama.saga.callback.CallbackReceiver","thread_name":"Test worker @coroutine#9064","level":"WARN","level_value":30000,"executionId":"00000000-0000-0000-0000-000000000001","nodeId":"payment","nonce":"0f1d6c4b-0d3a-4423-8a58-e9534bfbebbb"}
{"@timestamp":"2026-10-09T11:43:28.168446008-03:00","@version":"1","message":"callback received","logger_name":"run.trama.saga.callback.CallbackReceiver","thread_name":"Test worker @coroutine#9065","level":"INFO","level_value":20000,"executionId":"00000000-0000-0000-0000-000000000001","nodeId":"payment","attempt":0,"isSuccess":true}
{"@timestamp":"2026-10-09T11:43:28.16857835-03:00","@version":"1","message":"saga succeeded via async callback","logger_name":"run.trama.saga.callback.CallbackReceiver","thread_name":"Test worker @coroutine#9065","level":"INFO","level_value":20000,"executionId":"00000000-0000-0000-0000-000000000001","nodeId":"payment"}
{"@timestamp":"2026-10-09T11:43:28.168862412-03:00","@version":"1","message":"callback received","logger_name":"run.trama.saga.callback.CallbackReceiver","thread_name":"Test worker @coroutine#9065","level":"INFO","level_value":20000,"executionId":"00000000-0000-0000-0000-000000000001","nodeId":"payment","attempt":0,"isSuccess":true}
{"@timestamp":"2026-10-09T11:43:28.168909101-03:00","@version":"1","message":"saga succeeded via async callback","logger_name":"run.trama.saga.callback.CallbackReceiver","thread_name":"Test worker @coroutine#9065","level":"INFO","level_value":20000,"executionId":"00000000-0000-0000-0000-000000000001","nodeId":"payment"}
{"@timestamp":"2026-10-09T11:43:28.170593475-03:00","@version":"1","message":"callback received","logger_name":"run.trama.saga.callback.CallbackReceiver","thread_name":"Test worker @coroutine#9066","level":"INFO","level_value":20000,"executionId":"00000000-0000-0000-0000-000000000001","nodeId":"payment","attempt":0,"isSuccess":true}
{"@timestamp":"2026-10-09T11:43:28.170736518-03:00","@version":"1","message":"execution resumed after async callback","logger_name":"run.trama.saga.callback.CallbackReceiver","thread_name":"Test worker @coroutine#9066","level":"INFO","level_value":20000,"executionId":"00000000-0000-0000-0000-000000000001","nodeId":"payment","nextNodeId":"ship"}
{"@timestamp":"2026-10-09T11:43:28.172468753-03:00","@version":"1","message":"callback received","logger_name":"run.trama.saga.callback.CallbackReceiver","thread_name":"Test worker @coroutine#9067","level":"INFO","level_value":20000,"executionId":"00000000-0000-0000-0000-000000000001","nodeId":"payment","attempt":0,"isSuccess":true}
{"@timestamp":"2026-10-09T11:43:28.172575005-03:00","@version":"1","message":"saga succeeded via async callback","logger_name":"run.trama.saga.callback.CallbackReceiver","thread_name":"Test worker @coroutine#9067","level":"INFO","level_value":20000,"executionId":"00000000-0000-0000-0000-000000000001","nodeId":"payment"}
{"@timestamp":"2026-10-09T11:43:28.192797286-03:00","@version":"1","message":"moved queued work out of a removed shard","logger_name":"run.trama.saga.redis.OrphanedShardMigrator","thread_name":"Test worker @coroutine#9068","level":"INFO","level_value":20000,"shard":692,"inflight":false,"items":1}
{"@timestamp":"2026-10-09T11:43:28.194328066-03:00","@version":"1","message":"moved queued work out of a removed shard","logger_name":"run.trama.saga.redis.OrphanedShardMigrator","thread_name":"Test worker @coroutine#9068","level":"INFO","level_value":20000,"shard":919,"inflight":false,"items":1}
{"@timestamp":"2026-10-09T11:43:28.195416843-03:00","@version":"1","message":"moved queued work out of a removed shard","logger_name":"run.trama.saga.redis.OrphanedShardMigrator","thread_name":"Test worker @coroutine#9068","level":"INFO","level_value":20000,"shard":228,"inflight":false,"items":1}
{"@timestamp":"2026-10-09T11:43:28.196441468-03:00","@version":"1","message":"moved queued work out of a removed shard","logger_name":"run.trama.saga.redis.OrphanedShardMigrator","thread_name":"Test worker @coroutine#9068","level":"INFO","level_value":20000,"shard":383,"inflight":false,"items":1}
{"@timestamp":"2026-10-09T11:43:28.203447665-03:00","@version":"1","message":"moved queued work out of a removed shard","logger_name":"run.trama.saga.redis.OrphanedShardMigrator","thread_name":"Test worker @coroutine#9069","level":"INFO","level_value":20000,"shard":200,"inflight":true,"items":1}
{"@timestamp":"2026-10-09T11:43:28.204516874-03:00","@version":"1","message":"moved queued work out of a removed shard","logger_name":"run.trama.saga.redis.OrphanedShardMigrator","thread_name":"Test worker @coroutine#9069","level":"INFO","level_value":20000,"shard":682,"inflight":true,"items":1}
{"@timestamp":"2026-10-09T11:43:28.928489599-03:00","@version":"1","message":"claim poll failed; retrying","logger_name":"run.trama.saga.redis.SagaExecutionRedisConsumer","thread_name":"Test worker @coroutine#9075","level":"WARN","level_value":30000,"stack_trace":"io.lettuce.core.RedisConnectionException: connection refused\n\tat run.trama.saga.redis.RedisConsumerResilienceTest$a claimer survives Redis errors and resumes consuming$1$flaky$1.withCommands(RedisConsumerResilienceTest.kt:106)\n\tat run.trama.saga.redis.SagaExecutionRedisConsumer.runClaimer(SagaExecutionRedisConsumer.kt:176)\n\tat run.trama.saga.redis.SagaExecutionRedisConsumer.access$runClaimer(SagaExecutionRedisConsumer.kt:25)\n\tat run.trama.saga.redis.SagaExecutionRedisConsumer$runProducer$2$1$1.invokeSuspend(SagaExecutionRedisConsumer.kt:139)\n\tat kotlin.coroutines.jvm.internal.BaseContinuationImpl.resumeWith(ContinuationImpl.kt:34)\n\tat kotlinx.coroutines.DispatchedTask.run(DispatchedTask.kt:100)\n\tat kotlinx.coroutines.EventLoopImplBase.processNextEvent(EventLoop.common.kt:256)\n\tat kotlinx.coroutines.BlockingCoroutine.joinBlocking(Builders.kt:54)\n\tat kotlinx.coroutines.BuildersKt__BuildersKt.runBlockingImpl(Builders.kt:30)\n\tat kotlinx.coroutines.BuildersKt.runBlockingImpl(Unknown Source)\n\tat kotlinx.coroutines.BuildersKt__Builders_concurrentKt.runBlockingK(Builders.concurrent.kt:172)\n\tat kotlinx.coroutines.BuildersKt.runBlockingK(Unknown Source)\n\tat kotlinx.coroutines.BuildersKt__Builders_concurrentKt.runBlockingK$default(Builders.concurrent.kt:157)\n\tat kotlinx.coroutines.BuildersKt.runBlockingK$default(Unknown Source)\n\tat run.trama.saga.redis.RedisConsumerResilienceTest.a claimer survives Redis errors and resumes consuming(RedisConsumerResilienceTest.kt:102)\n\tat java.base/jdk.internal.reflect.DirectMethodHandleAccessor.invoke(DirectMethodHandleAccessor.java:103)\n\tat java.base/java.lang.reflect.Method.invoke(Method.java:580)\n\tat org.junit.platform.commons.util.ReflectionUtils.invokeMethod(ReflectionUtils.java:700)\n\tat org.junit.platform.commons.support.ReflectionSupport.invokeMethod(ReflectionSupport.java:528)\n\tat org.junit.jupiter.engine.support.MethodReflectionUtils.invoke(MethodReflectionUtils.java:53)\n\tat org.junit.jupiter.engine.execution.MethodInvocation.proceed(MethodInvocation.java:61)\n\tat org.junit.jupiter.engine.execution.InvocationInterceptorChain$ValidatingInvocation.proceed(InvocationInterceptorChain.java:124)\n\tat org.junit.jupiter.engine.extension.TimeoutExtension.intercept(TimeoutExtension.java:163)\n\tat org.junit.jupiter.engine.extension.TimeoutExtension.interceptTestableMethod(TimeoutExtension.java:148)\n\tat org.junit.jupiter.engine.extension.TimeoutExtension.interceptTestMethod(TimeoutExtension.java:86)\n\tat org.junit.jupiter.engine.execution.InterceptingExecutableInvoker$ReflectiveInterceptorCall.lambda$ofVoidMethod$0(InterceptingExecutableInvoker.java:124)\n\tat org.junit.jupiter.engine.execution.InterceptingExecutableInvoker.lambda$invoke$0(InterceptingExecutableInvoker.java:105)\n\tat org.junit.jupiter.engine.execution.InvocationInterceptorChain$InterceptedInvocation.proceed(InvocationInterceptorChain.java:99)\n\tat org.junit.jupiter.engine.execution.InvocationInterceptorChain.proceed(InvocationInterceptorChain.java:66)\n\tat org.junit.jupiter.engine.execution.InvocationInterceptorChain.chainAndInvoke(InvocationInterceptorChain.java:47)\n\tat org.junit.jupiter.engine.execution.InvocationInterceptorChain.invoke(InvocationInterceptorChain.java:39)\n\tat org.junit.jupiter.engine.execution.InterceptingExecutableInvoker.invoke(InterceptingExecutableInvoker.java:104)\n\tat org.junit.jupiter.engine.execution.InterceptingExecutableInvoker.invoke(InterceptingExecutableInvoker.java:98)\n\tat org.junit.jupiter.engine.execution.InterceptingExecutableInvoker.invokeVoid(InterceptingExecutableInvoker.java:71)\n\tat org.junit.jupiter.engine.descriptor.TestMethodTestDescriptor.lambda$invokeTestMethod$0(TestMethodTestDescriptor.java:219)\n\tat org.junit.platform.engine.support.hierarchical.ThrowableCollector.execute(ThrowableCollector.java:74)\n\tat org.junit.jupiter.engine.descriptor.TestMethodTestDescriptor.invokeTestMethod(TestMethodTestDescriptor.java:215)\n\tat org.junit.jupiter.engine.descriptor.TestMethodTestDescriptor.execute(TestMethodTestDescriptor.java:157)\n\tat org.junit.jupiter.engine.descriptor.TestMethodTestDescriptor.execute(TestMethodTestDescriptor.java:70)\n\tat org.junit.platform.engine.support.hierarchical.NodeTestTask.lambda$executeRecursively$2(NodeTestTask.java:176)\n\tat org.junit.platform.engine.support.hierarchical.ThrowableCollector.execute(ThrowableCollector.java:74)\n\tat org.junit.platform.engine.support.hierarchical.NodeTestTask.lambda$executeRecursively$1(NodeTestTask.java:166)\n\tat org.junit.platform.engine.support.hierarchical.Node.around(Node.java:139)\n\tat org.junit.platform.engine.support.hierarchical.NodeTestTask.lambda$executeRecursively$0(NodeTestTask.java:164)\n\tat org.junit.platform.engine.support.hierarchical.ThrowableCollector.execute(ThrowableCollector.java:74)\n\tat org.junit.platform.engine.support.hierarchical.NodeTestTask.executeRecursively(NodeTestTask.java:163)\n\tat org.junit.platform.engine.support.hierarchical.NodeTestTask.execute(NodeTestTask.java:116)\n\tat java.base/java.util.ArrayList.forEach(ArrayList.java:1596)\n\tat org.junit.platform.engine.support.hierarchical.SameThreadHierarchicalTestExecutorService.invokeAll(SameThreadHierarchicalTestExecutorService.java:42)\n\tat org.junit.platform.engine.support.hierarchical.NodeTestTask.lambda$executeRecursively$2(NodeTestTask.java:180)\n\tat org.junit.platform.engine.support.hierarchical.ThrowableCollector.execute(ThrowableCollector.java:74)\n\tat org.junit.platform.engine.support.hierarchical.NodeTestTask.lambda$executeRecursively$1(NodeTestTask.java:166)\n\tat org.junit.platform.engine.support.hierarchical.Node.around(Node.java:139)\n\tat org.junit.platform.engine.support.hierarchical.NodeTestTask.lambda$executeRecursively$0(NodeTestTask.java:164)\n\tat org.junit.platform.engine.support.hierarchical.ThrowableCollector.execute(ThrowableCollector.java:74)\n\tat org.junit.platform.engine.support.hierarchical.NodeTestTask.executeRecursively(NodeTestTask.java:163)\n\tat org.junit.platform.engine.support.hierarchical.NodeTestTask.execute(NodeTestTask.java:116)\n\tat java.base/java.util.ArrayList.forEach(ArrayList.java:1596)\n\tat org.junit.platform.engine.support.hierarchical.SameThreadHierarchicalTestExecutorService.invokeAll(SameThreadHierarchicalTestExecutorService.java:42)\n\tat org.junit.platform.engine.support.hierarchical.NodeTestTask.lambda$executeRecursively$2(NodeTestTask.java:180)\n\tat org.junit.platform.engine.support.hierarchical.ThrowableCollector.execute(ThrowableCollector.java:74)\n\tat org.junit.platform.engine.support.hierarchical.NodeTestTask.lambda$executeRecursively$1(NodeTestTask.java:166)\n\tat org.junit.platform.engine.support.hierarchical.Node.around(Node.java:139)\n\tat org.junit.platform.engine.support.hierarchical.NodeTestTask.lambda$executeRecursively$0(NodeTestTask.java:164)\n\tat org.junit.platform.engine.support.hierarchical.ThrowableCollector.execute(ThrowableCollector.java:74)\n\tat org.junit.platform.engine.support.hierarchical.NodeTestTask.executeRecursively(NodeTestTask.java:163)\n\tat org.junit.platform.engine.support.hierarchical.NodeTestTask.execute(NodeTestTask.java:116)\n\tat org.junit.platform.engine.support.hierarchical.SameThreadHierarchicalTestExecutorService.submit(SameThreadHierarchicalTestExecutorService.java:36)\n\tat org.junit.platform.engine.support.hierarchical.HierarchicalTestExecutor.execute(HierarchicalTestExecutor.java:52)\n\tat org.junit.platform.engine.support.hierarchical.HierarchicalTestEngine.execute(HierarchicalTestEngine.java:58)\n\tat org.junit.platform.launcher.core.EngineExecutionOrchestrator.executeEngine(EngineExecutionOrchestrator.java:256)\n\tat org.junit.platform.launcher.core.EngineExecutionOrchestrator.failOrExecuteEngine(EngineExecutionOrchestrator.java:228)\n\tat org.junit.platform.launcher.core.EngineExecutionOrchestrator.execute(EngineExecutionOrchestrator.java:189)\n\tat org.junit.platform.launcher.core.EngineExecutionOrchestrator.execute(EngineExecutionOrchestrator.java:109)\n\tat org.junit.platform.launcher.core.EngineExecutionOrchestrator.lambda$execute$0(EngineExecutionOrchestrator.java:66)\n\tat org.junit.platform.launcher.core.EngineExecutionOrchestrator.withInterceptedStreams(EngineExecutionOrchestrator.java:168)\n\tat org.junit.platform.launcher.core.EngineExecutionOrchestrator.execute(EngineExecutionOrchestrator.java:65)\n\tat org.junit.platform.launcher.core.DefaultLauncher.execute(DefaultLauncher.java:137)\n\tat org.junit.platform.launcher.core.DefaultLauncher.execute(DefaultLauncher.java:126)\n\tat org.junit.platform.launcher.core.DefaultLauncher.execute(DefaultLauncher.java:100)\n\tat org.junit.platform.launcher.core.DelegatingLauncher.execute(DelegatingLauncher.java:57)\n\tat org.junit.platform.launcher.core.InterceptingLauncher.lambda$execute$0(InterceptingLauncher.java:46)\n\tat org.junit.platform.launcher.core.ClasspathAlignmentCheckingLauncherInterceptor.intercept(ClasspathAlignmentCheckingLauncherInterceptor.java:25)\n\tat org.junit.platform.launcher.core.InterceptingLauncher.execute(InterceptingLauncher.java:45)\n\tat org.junit.platform.launcher.core.DelegatingLauncher.execute(DelegatingLauncher.java:57)\n\tat org.gradle.api.internal.tasks.testing.junitplatform.JUnitPlatformTestDefinitionProcessor$CollectThenExecuteTestDefinitionConsumer.processAllTestDefinitions(JUnitPlatformTestDefinitionProcessor.java:205)\n\tat org.gradle.api.internal.tasks.testing.junitplatform.JUnitPlatformTestDefinitionProcessor$CollectThenExecuteTestDefinitionConsumer.access$000(JUnitPlatformTestDefinitionProcessor.java:122)\n\tat org.gradle.api.internal.tasks.testing.junitplatform.JUnitPlatformTestDefinitionProcessor.stop(JUnitPlatformTestDefinitionProcessor.java:116)\n\tat org.gradle.api.internal.tasks.testing.SuiteTestDefinitionProcessor.stop(SuiteTestDefinitionProcessor.java:63)\n\tat java.base/jdk.internal.reflect.DirectMethodHandleAccessor.invoke(DirectMethodHandleAccessor.java:103)\n\tat java.base/java.lang.reflect.Method.invoke(Method.java:580)\n\tat org.gradle.internal.dispatch.MethodInvocation.invokeOn(MethodInvocation.java:77)\n\tat org.gradle.internal.dispatch.ReflectionDispatch.dispatch(ReflectionDispatch.java:28)\n\tat org.gradle.internal.dispatch.ReflectionDispatch.dispatch(ReflectionDispatch.java:19)\n\tat org.gradle.internal.dispatch.ContextClassLoaderDispatch.dispatch(ContextClassLoaderDispatch.java:33)\n\tat org.gradle.internal.dispatch.ProxyDispatchAdapter$DispatchingInvocationHandler.invoke(ProxyDispatchAdapter.java:88)\n\tat jdk.proxy1/jdk.proxy1.$Proxy4.stop(Unknown Source)\n\tat org.gradle.api.internal.tasks.testing.worker.TestWorker$3.run(TestWorker.java:195)\n\tat org.gradle.api.internal.tasks.testing.worker.TestWorker.executeAndMaintainThreadName(TestWorker.java:126)\n\tat org.gradle.api.internal.tasks.testing.worker.TestWorker.execute(TestWorker.java:103)\n\tat org.gradle.api.internal.tasks.testing.worker.TestWorker.execute(TestWorker.java:63)\n\tat org.gradle.process.internal.worker.child.ActionExecutionWorker.execute(ActionExecutionWorker.java:56)\n\tat org.gradle.process.internal.worker.child.SystemApplicationClassLoaderWorker.call(SystemApplicationClassLoaderWorker.java:122)\n\tat org.gradle.process.internal.worker.child.SystemApplicationClassLoaderWorker.call(SystemApplicationClassLoaderWorker.java:72)\n\tat worker.org.gradle.process.internal.worker.GradleWorkerMain.run(GradleWorkerMain.java:69)\n\tat worker.org.gradle.process.internal.worker.GradleWorkerMain.main(GradleWorkerMain.java:74)\n","claimer":0,"backoffMillis":0}
{"@timestamp":"2026-10-09T11:43:29.902327453-03:00","@version":"1","message":"stale checkpoint; dropping duplicate work","logger_name":"run.trama.saga.SagaExecutionProcessor","thread_name":"DefaultDispatcher-worker-12 @coroutine#5109","level":"INFO","level_value":20000,"sagaId":"e0f2a15c-0486-4872-ab04-dfb523ec05f2"}
{"@timestamp":"2026-10-09T11:43:30.462989457-03:00","@version":"1","message":"retry scheduled","logger_name":"run.trama.saga.workflow.WorkflowExecutor","thread_name":"DefaultDispatcher-worker-5 @coroutine#5108","level":"INFO","level_value":20000,"traceId":"00000000000000000000000000000000","spanId":"0000000000000000","sagaId":"a335c6a9-122c-4b5e-84ea-8df11e131bcc","delayMillis":10,"attempt":1}
{"@timestamp":"2026-10-09T11:43:30.4724544-03:00","@version":"1","message":"callback timeout","logger_name":"run.trama.saga.workflow.WorkflowExecutor","thread_name":"DefaultDispatcher-worker-7 @coroutine#5108","level":"WARN","level_value":30000,"traceId":"00000000000000000000000000000000","spanId":"0000000000000000","sagaId":"a335c6a9-122c-4b5e-84ea-8df11e131bcc","nodeId":"authorize","attempt":0}
{"@timestamp":"2026-10-09T11:43:30.515092406-03:00","@version":"1","message":"node failed","logger_name":"run.trama.saga.workflow.TaskNodeHandler","thread_name":"DefaultDispatcher-worker-5 @coroutine#5109","level":"WARN","level_value":30000,"traceId":"00000000000000000000000000000000","spanId":"0000000000000000","sagaId":"a335c6a9-122c-4b5e-84ea-8df11e131bcc","nodeId":"authorize","phase":"UP","error":"Failed to connect to localhost/[0:0:0:0:0:0:0:1]:37529"}
{"@timestamp":"2026-10-09T11:43:30.517631559-03:00","@version":"1","message":"compensation scheduled","logger_name":"run.trama.saga.workflow.WorkflowExecutor","thread_name":"DefaultDispatcher-worker-7 @coroutine#5109","level":"INFO","level_value":20000,"traceId":"00000000000000000000000000000000","spanId":"0000000000000000","sagaId":"a335c6a9-122c-4b5e-84ea-8df11e131bcc","failedNodeId":"authorize"}
{"@timestamp":"2026-10-09T11:43:30.575531665-03:00","@version":"1","message":"failure callback failed","logger_name":"run.trama.saga.workflow.WorkflowExecutor","thread_name":"DefaultDispatcher-worker-5 @coroutine#5108","level":"WARN","level_value":30000,"traceId":"00000000000000000000000000000000","spanId":"0000000000000000","sagaId":"a335c6a9-122c-4b5e-84ea-8df11e131bcc","warning":"failure callback failed: node=onFailureCallback status=Failed to connect to localhost/[0:0:0:0:0:0:0:1]:37529"}
{"@timestamp":"2026-10-09T11:43:30.57851247-03:00","@version":"1","message":"saga finished","logger_name":"run.trama.saga.workflow.WorkflowExecutor","thread_name":"DefaultDispatcher-worker-8 @coroutine#5108","level":"INFO","level_value":20000,"traceId":"00000000000000000000000000000000","spanId":"0000000000000000","sagaId":"a335c6a9-122c-4b5e-84ea-8df11e131bcc","sagaName":"async-wait-bd780d24","status":"FAILED","durationMs":30226}
{"@timestamp":"2026-10-09T11:43:30.766838795-03:00","@version":"1","message":"retry scheduled","logger_name":"run.trama.saga.workflow.WorkflowExecutor","thread_name":"DefaultDispatcher-worker-5 @coroutine#5109","level":"INFO","level_value":20000,"traceId":"00000000000000000000000000000000","spanId":"0000000000000000","sagaId":"c48f8d00-e9b6-4ec2-8106-20d647f214ef","delayMillis":10,"attempt":1}
{"@timestamp":"2026-10-09T11:43:30.772040267-03:00","@version":"1","message":"callback timeout","logger_name":"run.trama.saga.workflow.WorkflowExecutor","thread_name":"DefaultDispatcher-worker-8 @coroutine#5109","level":"WARN","level_value":30000,"traceId":"00000000000000000000000000000000","spanId":"0000000000000000","sagaId":"c48f8d00-e9b6-4ec2-8106-20d647f214ef","nodeId":"authorize","attempt":0}
{"@timestamp":"2026-10-09T11:43:30.819037086-03:00","@version":"1","message":"node failed","logger_name":"run.trama.saga.workflow.TaskNodeHandler","thread_name":"DefaultDispatcher-worker-8 @coroutine#5108","level":"WARN","level_value":30000,"traceId":"00000000000000000000000000000000","spanId":"0000000000000000","sagaId":"c48f8d00-e9b6-4ec2-8106-20d647f214ef","nodeId":"authorize","phase":"UP","error":"Failed to connect to localhost/[0:0:0:0:0:0:0:1]:46117"}
{"@timestamp":"2026-10-09T11:43:30.820453177-03:00","@version":"1","message":"compensation scheduled","logger_name":"run.trama.saga.workflow.WorkflowExecutor","thread_name":"DefaultDispatcher-worker-5 @coroutine#5108","level":"INFO","level_value":20000,"traceId":"00000000000000000000000000000000","spanId":"0000000000000000","sagaId":"c48f8d00-e9b6-4ec2-8106-20d647f214ef","failedNodeId":"authorize"}
{"@timestamp":"2026-10-09T11:43:30.873644191-03:00","@version":"1","message":"failure callback failed","logger_name":"run.trama.saga.workflow.WorkflowExecutor","thread_name":"DefaultDispatcher-worker-7 @coroutine#5109","level":"WARN","level_value":30000,"traceId":"00000000000000000000000000000000","spanId":"0000000000000000","sagaId":"c48f8d00-e9b6-4ec2-8106-20d647f214ef","warning":"failure callback failed: node=onFailureCallback status=Failed to connect to localhost/[0:0:0:0:0:0:0:1]:46117"}
{"@timestamp":"2026-10-09T11:43:30.874553205-03:00","@version":"1","message":"saga finished","logger_name":"run.trama.saga.workflow.WorkflowExecutor","thread_name":"DefaultDispatcher-worker-7 @coroutine#5109","level":"INFO","level_value":20000,"traceId":"00000000000000000000000000000000","spanId":"0000000000000000","sagaId":"c48f8d00-e9b6-4ec2-8106-20d647f214ef","sagaName":"async-bad-token-3f152d05","status":"FAILED","durationMs":30174}
{"@timestamp":"2026-10-09T11:43:31.115766108-03:00","@version":"1","message":"stale checkpoint; dropping duplicate work","logger_name":"run.trama.saga.SagaExecutionProcessor","thread_name":"DefaultDispatcher-worker-7 @coroutine#5108","level":"INFO","level_value":20000,"sagaId":"84513f6d-2d3d-4ad4-a8e4-085b1cbf13d0"}
{"@timestamp":"2026-10-09T11:43:32.432796013-03:00","@version":"1","message":"stale checkpoint; dropping duplicate work","logger_name":"run.trama.saga.SagaExecutionProcessor","thread_name":"DefaultDispatcher-worker-9 @coroutine#5109","level":"INFO","level_value":20000,"sagaId":"bdd7cac1-0a3a-483f-891f-84cfca0a5dac"}
{"@timestamp":"2026-10-09T11:43:37.594669072-03:00","@version":"1","message":"saga finished","logger_name":"run.trama.saga.workflow.WorkflowExecutor","thread_name":"Test worker @coroutine#9176","level":"INFO","level_value":20000,"traceId":"00000000000000000000000000000000","spanId":"0000000000000000","sagaId":"d8be7f20-fe29-4fc3-a681-b6994244fcf9","sagaName":"fence-20659480-e48c-4562-add5-6237b80c73ed","status":"SUCCEEDED","durationMs":4}
{"@timestamp":"2026-10-09T11:43:37.597210335-03:00","@version":"1","message":"resuming from checkpoint","logger_name":"run.trama.saga.workflow.WorkflowExecutor","thread_name":"Test worker @coroutine#9180","level":"INFO","level_value":20000,"traceId":"00000000000000000000000000000000","spanId":"0000000000000000","sagaId":"f3bd1ba9-a71a-490b-8ff3-0b31dc376636","fromSeq":0,"toSeq":2}
{"@timestamp":"2026-10-09T11:43:37.598605214-03:00","@version":"1","message":"saga finished","logger_name":"run.trama.saga.workflow.WorkflowExecutor","thread_name":"Test worker @coroutine#9180","level":"INFO","level_value":20000,"traceId":"00000000000000000000000000000000","spanId":"0000000000000000","sagaId":"f3bd1ba9-a71a-490b-8ff3-0b31dc376636","sagaName":"fence-39ed0cd1-aa87-49ed-88ca-534acc97952d","status":"SUCCEEDED","durationMs":2}
{"@timestamp":"2026-10-09T11:43:37.60346729-03:00","@version":"1","message":"saga sleeping","logger_name":"run.trama.saga.workflow.WorkflowExecutor","thread_name":"Test worker @coroutine#9182","level":"INFO","level_value":20000,"traceId":"00000000000000000000000000000000","spanId":"0000000000000000","sagaId":"c5e947c5-b204-4f2a-9a9b-cd404fe8bd89","nodeId":"nap","wakeAt":"2026-10-09T14:44:37.603258612Z","delayMillis":60000}
{"@timestamp":"2026-10-09T11:43:37.608106711-03:00","@version":"1","message":"node completed","logger_name":"run.trama.saga.workflow.TaskNodeHandler","thread_name":"Test worker @coroutine#9184","level":"INFO","level_value":20000,"traceId":"00000000000000000000000000000000","spanId":"0000000000000000","sagaId":"522f665a-d49a-4852-a754-f242f50b5141","nodeId":"b","phase":"UP","status":500}
{"@timestamp":"2026-10-09T11:43:37.608286183-03:00","@version":"1","message":"compensation scheduled","logger_name":"run.trama.saga.workflow.WorkflowExecutor","thread_name":"Test worker @coroutine#9184","level":"INFO","level_value":20000,"traceId":"00000000000000000000000000000000","spanId":"0000000000000000","sagaId":"522f665a-d49a-4852-a754-f242f50b5141","failedNodeId":"b"}
{"@timestamp":"2026-10-09T11:43:37.634352149-03:00","@version":"1","message":"saga split","logger_name":"run.trama.saga.workflow.WorkflowExecutor","thread_name":"Test worker @coroutine#9192","level":"INFO","level_value":20000,"traceId":"00000000000000000000000000000000","spanId":"0000000000000000","sagaId":"db69254e-c2d1-4232-b65d-1ecf3b52e81d","nodeId":"fan-out","branchCount":2}
{"@timestamp":"2026-10-09T11:43:37.636921907-03:00","@version":"1","message":"saga split","logger_name":"run.trama.saga.workflow.WorkflowExecutor","thread_name":"Test worker @coroutine#9193","level":"INFO","level_value":20000,"traceId":"00000000000000000000000000000000","spanId":"0000000000000000","sagaId":"e23987a0-1582-4c66-8c04-faaed51f53b2","nodeId":"fan-out","branchCount":2}
{"@timestamp":"2026-10-09T11:43:37.638421314-03:00","@version":"1","message":"saga finished","logger_name":"run.trama.saga.workflow.WorkflowExecutor","thread_name":"Test worker @coroutine#9193","level":"INFO","level_value":20000,"traceId":"00000000000000000000000000000000","spanId":"0000000000000000","sagaId":"b2d07433-6e1a-392c-b5c1-6f87be36913f","sagaName":"structural-bug-test","status":"SUCCEEDED","durationMs":1}
{"@timestamp":"2026-10-09T11:43:37.639576716-03:00","@version":"1","message":"saga finished","logger_name":"run.trama.saga.workflow.WorkflowExecutor","thread_name":"Test worker @coroutine#9193","level":"INFO","level_value":20000,"traceId":"00000000000000000000000000000000","spanId":"0000000000000000","sagaId":"5e6a8496-5c62-361d-818e-2c02725058a3","sagaName":"structural-bug-test","status":"SUCCEEDED","durationMs":3}
{"@timestamp":"2026-10-09T11:43:37.640188873-03:00","@version":"1","message":"workflow bug: join node 'does-not-exist' not found in workflow","logger_name":"run.trama.saga.workflow.WorkflowExecutor","thread_name":"Test worker @coroutine#9193","level":"ERROR","level_value":40000,"sagaId":"e23987a0-1582-4c66-8c04-faaed51f53b2"}
{"@timestamp":"2026-10-09T11:43:37.640281139-03:00","@version":"1","message":"saga finished","logger_name":"run.trama.saga.workflow.WorkflowExecutor","thread_name":"Test worker @coroutine#9193","level":"INFO","level_value":20000,"traceId":"00000000000000000000000000000000","spanId":"0000000000000000","sagaId":"e23987a0-1582-4c66-8c04-faaed51f53b2","sagaName":"structural-bug-test","status":"CORRUPTED","durationMs":3}
{"@timestamp":"2026-10-09T11:43:37.642517471-03:00","@version":"1","message":"saga split","logger_name":"run.trama.saga.workflow.WorkflowExecutor","thread_name":"Test worker @coroutine#9196","level":"INFO","level_value":20000,"traceId":"00000000000000000000000000000000","spanId":"0000000000000000","sagaId":"af4489e9-e723-4cc7-8d97-a277ba9b9f5d","nodeId":"fan-out","branchCount":2}
{"@timestamp":"2026-10-09T11:43:37.64274779-03:00","@version":"1","message":"saga split","logger_name":"run.trama.saga.workflow.WorkflowExecutor","thread_name":"Test worker @coroutine#9196","level":"INFO","level_value":20000,"traceId":"00000000000000000000000000000000","spanId":"0000000000000000","sagaId":"af4489e9-e723-4cc7-8d97-a277ba9b9f5d","nodeId":"fan-out","branchCount":2}
{"@timestamp":"2026-10-09T11:43:37.644697425-03:00","@version":"1","message":"saga split","logger_name":"run.trama.saga.workflow.WorkflowExecutor","thread_name":"Test worker @coroutine#9197","level":"INFO","level_value":20000,"traceId":"00000000000000000000000000000000","spanId":"0000000000000000","sagaId":"c276395e-45a2-4b8e-81e9-a2bf089666e7","nodeId":"fan-out","branchCount":2}
{"@timestamp":"2026-10-09T11:43:37.645883896-03:00","@version":"1","message":"saga finished","logger_name":"run.trama.saga.workflow.WorkflowExecutor","thread_name":"Test worker @coroutine#9197","level":"INFO","level_value":20000,"traceId":"00000000000000000000000000000000","spanId":"0000000000000000","sagaId":"dde9b8aa-839b-3ff0-82b1-3500f3137b6e","sagaName":"partial-failure-test","status":"SUCCEEDED","durationMs":1}
{"@timestamp":"2026-10-09T11:43:37.646539616-03:00","@version":"1","message":"node completed","logger_name":"run.trama.saga.workflow.TaskNodeHandler","thread_name":"Test worker @coroutine#9197","level":"INFO","level_value":20000,"traceId":"00000000000000000000000000000000","spanId":"0000000000000000","sagaId":"41e01806-9d9e-3e5a-9ad9-ca3654d49a17","nodeId":"branch-b","phase":"UP","status":500}
{"@timestamp":"2026-10-09T11:43:37.646666808-03:00","@version":"1","message":"compensation scheduled","logger_name":"run.trama.saga.workflow.WorkflowExecutor","thread_name":"Test worker @coroutine#9197","level":"INFO","level_value":20000,"traceId":"00000000000000000000000000000000","spanId":"0000000000000000","sagaId":"41e01806-9d9e-3e5a-9ad9-ca3654d49a17","failedNodeId":"branch-b"}
{"@timestamp":"2026-10-09T11:43:37.646742102-03:00","@version":"1","message":"saga finished","logger_name":"run.trama.saga.workflow.WorkflowExecutor","thread_name":"Test worker @coroutine#9197","level":"INFO","level_value":20000,"traceId":"00000000000000000000000000000000","spanId":"0000000000000000","sagaId":"41e01806-9d9e-3e5a-9ad9-ca3654d49a17","sagaName":"partial-failure-test","status":"FAILED","durationMs":2}
{"@timestamp":"2026-10-09T11:43:37.647164737-03:00","@version":"1","message":"join barrier satisfied","logger_name":"run.trama.saga.workflow.WorkflowExecutor","thread_name":"Test worker @coroutine#9197","level":"INFO","level_value":20000,"traceId":"00000000000000000000000000000000","spanId":"0000000000000000","sagaId":"c276395e-45a2-4b8e-81e9-a2bf089666e7","splitNodeId":"fan-out","joinNodeId":"fan-in","allSucceeded":false}
{"@timestamp":"2026-10-09T11:43:37.649248699-03:00","@version":"1","message":"saga split","logger_name":"run.trama.saga.workflow.WorkflowExecutor","thread_name":"Test worker @coroutine#9200","level":"INFO","level_value":20000,"traceId":"00000000000000000000000000000000","spanId":"0000000000000000","sagaId":"d11f768b-92bc-4da1-8870-51a19e646936","nodeId":"fan-out","branchCount":2}
{"@timestamp":"2026-10-09T11:43:37.650643477-03:00","@version":"1","message":"saga finished","logger_name":"run.trama.saga.workflow.WorkflowExecutor","thread_name":"Test worker @coroutine#9200","level":"INFO","level_value":20000,"traceId":"00000000000000000000000000000000","spanId":"0000000000000000","sagaId":"617d1602-460a-38cc-9370-0c689d65ff5f","sagaName":"resume-failure-test","status":"SUCCEEDED","durationMs":1}
{"@timestamp":"2026-10-09T11:43:37.652120913-03:00","@version":"1","message":"saga finished","logger_name":"run.trama.saga.workflow.WorkflowExecutor","thread_name":"Test worker @coroutine#9200","level":"INFO","level_value":20000,"traceId":"00000000000000000000000000000000","spanId":"0000000000000000","sagaId":"06d0cbaa-540f-3776-b42f-9b9d60f6d4f6","sagaName":"resume-failure-test","status":"SUCCEEDED","durationMs":3}
{"@timestamp":"2026-10-09T11:43:37.652366881-03:00","@version":"1","message":"resumeAfterJoin failed before committing; restoring join pointer for a later retry","logger_name":"run.trama.saga.workflow.WorkflowExecutor","thread_name":"Test worker @coroutine#9200","level":"ERROR","level_value":40000,"stack_trace":"java.lang.IllegalStateException: simulated failure inside resumeAfterJoin\n\tat run.trama.saga.workflow.FakeSplitJoinStore.getChildStatuses(SplitJoinWorkflowExecutorTest.kt:513)\n\tat run.trama.saga.workflow.WorkflowExecutor.prepareJoinResume(WorkflowExecutor.kt:987)\n\tat run.trama.saga.workflow.WorkflowExecutor.resumeAfterJoinOrRestore(WorkflowExecutor.kt:960)\n\tat run.trama.saga.workflow.WorkflowExecutor.finalizeAndNotifyParent(WorkflowExecutor.kt:938)\n\tat run.trama.saga.workflow.WorkflowExecutor.finalizeAndNotifyParent$default(WorkflowExecutor.kt:912)\n\tat run.trama.saga.workflow.WorkflowExecutor.finishSuccess(WorkflowExecutor.kt:565)\n\tat run.trama.saga.workflow.WorkflowExecutor.executeForward(WorkflowExecutor.kt:277)\n\tat run.trama.saga.workflow.WorkflowExecutor.access$executeForward(WorkflowExecutor.kt:58)\n\tat run.trama.saga.workflow.WorkflowExecutor$executeForward$1.invokeSuspend(WorkflowExecutor.kt)\n\tat kotlin.coroutines.jvm.internal.BaseContinuationImpl.resumeWith(ContinuationImpl.kt:34)\n\tat kotlinx.coroutines.DispatchedTask.run(DispatchedTask.kt:100)\n\tat kotlinx.coroutines.EventLoopImplBase.processNextEvent(EventLoop.common.kt:256)\n\tat kotlinx.coroutines.BlockingCoroutine.joinBlocking(Builders.kt:54)\n\tat kotlinx.coroutines.BuildersKt__BuildersKt.runBlockingImpl(Builders.kt:30)\n\tat kotlinx.coroutines.BuildersKt.runBlockingImpl(Unknown Source)\n\tat kotlinx.coroutines.BuildersKt__Builders_concurrentKt.runBlockingK(Builders.concurrent.kt:172)\n\tat kotlinx.coroutines.BuildersKt.runBlockingK(Unknown Source)\n\tat kotlinx.coroutines.BuildersKt__Builders_concurrentKt.runBlockingK$default(Builders.concurrent.kt:157)\n\tat kotlinx.coroutines.BuildersKt.runBlockingK$default(Unknown Source)\n\tat run.trama.saga.workflow.SplitJoinWorkflowExecutorTest.a failure inside resumeAfterJoin restores the WaitingJoin pointer instead of losing it(SplitJoinWorkflowExecutorTest.kt:306)\n\tat java.base/jdk.internal.reflect.DirectMethodHandleAccessor.invoke(DirectMethodHandleAccessor.java:103)\n\tat java.base/java.lang.reflect.Method.invoke(Method.java:580)\n\tat org.junit.platform.commons.util.ReflectionUtils.invokeMethod(ReflectionUtils.java:700)\n\tat org.junit.platform.commons.support.ReflectionSupport.invokeMethod(ReflectionSupport.java:528)\n\tat org.junit.jupiter.engine.support.MethodReflectionUtils.invoke(MethodReflectionUtils.java:53)\n\tat org.junit.jupiter.engine.execution.MethodInvocation.proceed(MethodInvocation.java:61)\n\tat org.junit.jupiter.engine.execution.InvocationInterceptorChain$ValidatingInvocation.proceed(InvocationInterceptorChain.java:124)\n\tat org.junit.jupiter.engine.extension.TimeoutExtension.intercept(TimeoutExtension.java:163)\n\tat org.junit.jupiter.engine.extension.TimeoutExtension.interceptTestableMethod(TimeoutExtension.java:148)\n\tat org.junit.jupiter.engine.extension.TimeoutExtension.interceptTestMethod(TimeoutExtension.java:86)\n\tat org.junit.jupiter.engine.execution.InterceptingExecutableInvoker$ReflectiveInterceptorCall.lambda$ofVoidMethod$0(InterceptingExecutableInvoker.java:124)\n\tat org.junit.jupiter.engine.execution.InterceptingExecutableInvoker.lambda$invoke$0(InterceptingExecutableInvoker.java:105)\n\tat org.junit.jupiter.engine.execution.InvocationInterceptorChain$InterceptedInvocation.proceed(InvocationInterceptorChain.java:99)\n\tat org.junit.jupiter.engine.execution.InvocationInterceptorChain.proceed(InvocationInterceptorChain.java:66)\n\tat org.junit.jupiter.engine.execution.InvocationInterceptorChain.chainAndInvoke(InvocationInterceptorChain.java:47)\n\tat org.junit.jupiter.engine.execution.InvocationInterceptorChain.invoke(InvocationInterceptorChain.java:39)\n\tat org.junit.jupiter.engine.execution.InterceptingExecutableInvoker.invoke(InterceptingExecutableInvoker.java:104)\n\tat org.junit.jupiter.engine.execution.InterceptingExecutableInvoker.invoke(InterceptingExecutableInvoker.java:98)\n\tat org.junit.jupiter.engine.execution.InterceptingExecutableInvoker.invokeVoid(InterceptingExecutableInvoker.java:71)\n\tat org.junit.jupiter.engine.descriptor.TestMethodTestDescriptor.lambda$invokeTestMethod$0(TestMethodTestDescriptor.java:219)\n\tat org.junit.platform.engine.support.hierarchical.ThrowableCollector.execute(ThrowableCollector.java:74)\n\tat org.junit.jupiter.engine.descriptor.TestMethodTestDescriptor.invokeTestMethod(TestMethodTestDescriptor.java:215)\n\tat org.junit.jupiter.engine.descriptor.TestMethodTestDescriptor.execute(TestMethodTestDescriptor.java:157)\n\tat org.junit.jupiter.engine.descriptor.TestMethodTestDescriptor.execute(TestMethodTestDescriptor.java:70)\n\tat org.junit.platform.engine.support.hierarchical.NodeTestTask.lambda$executeRecursively$2(NodeTestTask.java:176)\n\tat org.junit.platform.engine.support.hierarchical.ThrowableCollector.execute(ThrowableCollector.java:74)\n\tat org.junit.platform.engine.support.hierarchical.NodeTestTask.lambda$executeRecursively$1(NodeTestTask.java:166)\n\tat org.junit.platform.engine.support.hierarchical.Node.around(Node.java:139)\n\tat org.junit.platform.engine.support.hierarchical.NodeTestTask.lambda$executeRecursively$0(NodeTestTask.java:164)\n\tat org.junit.platform.engine.support.hierarchical.ThrowableCollector.execute(ThrowableCollector.java:74)\n\tat org.junit.platform.engine.support.hierarchical.NodeTestTask.executeRecursively(NodeTestTask.java:163)\n\tat org.junit.platform.engine.support.hierarchical.NodeTestTask.execute(NodeTestTask.java:116)\n\tat java.base/java.util.ArrayList.forEach(ArrayList.java:1596)\n\tat org.junit.platform.engine.support.hierarchical.SameThreadHierarchicalTestExecutorService.invokeAll(SameThreadHierarchicalTestExecutorService.java:42)\n\tat org.junit.platform.engine.support.hierarchical.NodeTestTask.lambda$executeRecursively$2(NodeTestTask.java:180)\n\tat org.junit.platform.engine.support.hierarchical.ThrowableCollector.execute(ThrowableCollector.java:74)\n\tat org.junit.platform.engine.support.hierarchical.NodeTestTask.lambda$executeRecursively$1(NodeTestTask.java:166)\n\tat org.junit.platform.engine.support.hierarchical.Node.around(Node.java:139)\n\tat org.junit.platform.engine.support.hierarchical.NodeTestTask.lambda$executeRecursively$0(NodeTestTask.java:164)\n\tat org.junit.platform.engine.support.hierarchical.ThrowableCollector.execute(ThrowableCollector.java:74)\n\tat org.junit.platform.engine.support.hierarchical.NodeTestTask.executeRecursively(NodeTestTask.java:163)\n\tat org.junit.platform.engine.support.hierarchical.NodeTestTask.execute(NodeTestTask.java:116)\n\tat java.base/java.util.ArrayList.forEach(ArrayList.java:1596)\n\tat org.junit.platform.engine.support.hierarchical.SameThreadHierarchicalTestExecutorService.invokeAll(SameThreadHierarchicalTestExecutorService.java:42)\n\tat org.junit.platform.engine.support.hierarchical.NodeTestTask.lambda$executeRecursively$2(NodeTestTask.java:180)\n\tat org.junit.platform.engine.support.hierarchical.ThrowableCollector.execute(ThrowableCollector.java:74)\n\tat org.junit.platform.engine.support.hierarchical.NodeTestTask.lambda$executeRecursively$1(NodeTestTask.java:166)\n\tat org.junit.platform.engine.support.hierarchical.Node.around(Node.java:139)\n\tat org.junit.platform.engine.support.hierarchical.NodeTestTask.lambda$executeRecursively$0(NodeTestTask.java:164)\n\tat org.junit.platform.engine.support.hierarchical.ThrowableCollector.execute(ThrowableCollector.java:74)\n\tat org.junit.platform.engine.support.hierarchical.NodeTestTask.executeRecursively(NodeTestTask.java:163)\n\tat org.junit.platform.engine.support.hierarchical.NodeTestTask.execute(NodeTestTask.java:116)\n\tat org.junit.platform.engine.support.hierarchical.SameThreadHierarchicalTestExecutorService.submit(SameThreadHierarchicalTestExecutorService.java:36)\n\tat org.junit.platform.engine.support.hierarchical.HierarchicalTestExecutor.execute(HierarchicalTestExecutor.java:52)\n\tat org.junit.platform.engine.support.hierarchical.HierarchicalTestEngine.execute(HierarchicalTestEngine.java:58)\n\tat org.junit.platform.launcher.core.EngineExecutionOrchestrator.executeEngine(EngineExecutionOrchestrator.java:256)\n\tat org.junit.platform.launcher.core.EngineExecutionOrchestrator.failOrExecuteEngine(EngineExecutionOrchestrator.java:228)\n\tat org.junit.platform.launcher.core.EngineExecutionOrchestrator.execute(EngineExecutionOrchestrator.java:189)\n\tat org.junit.platform.launcher.core.EngineExecutionOrchestrator.execute(EngineExecutionOrchestrator.java:109)\n\tat org.junit.platform.launcher.core.EngineExecutionOrchestrator.lambda$execute$0(EngineExecutionOrchestrator.java:66)\n\tat org.junit.platform.launcher.core.EngineExecutionOrchestrator.withInterceptedStreams(EngineExecutionOrchestrator.java:168)\n\tat org.junit.platform.launcher.core.EngineExecutionOrchestrator.execute(EngineExecutionOrchestrator.java:65)\n\tat org.junit.platform.launcher.core.DefaultLauncher.execute(DefaultLauncher.java:137)\n\tat org.junit.platform.launcher.core.DefaultLauncher.execute(DefaultLauncher.java:126)\n\tat org.junit.platform.launcher.core.DefaultLauncher.execute(DefaultLauncher.java:100)\n\tat org.junit.platform.launcher.core.DelegatingLauncher.execute(DelegatingLauncher.java:57)\n\tat org.junit.platform.launcher.core.InterceptingLauncher.lambda$execute$0(InterceptingLauncher.java:46)\n\tat org.junit.platform.launcher.core.ClasspathAlignmentCheckingLauncherInterceptor.intercept(ClasspathAlignmentCheckingLauncherInterceptor.java:25)\n\tat org.junit.platform.launcher.core.InterceptingLauncher.execute(InterceptingLauncher.java:45)\n\tat org.junit.platform.launcher.core.DelegatingLauncher.execute(DelegatingLauncher.java:57)\n\tat org.gradle.api.internal.tasks.testing.junitplatform.JUnitPlatformTestDefinitionProcessor$CollectThenExecuteTestDefinitionConsumer.processAllTestDefinitions(JUnitPlatformTestDefinitionProcessor.java:205)\n\tat org.gradle.api.internal.tasks.testing.junitplatform.JUnitPlatformTestDefinitionProcessor$CollectThenExecuteTestDefinitionConsumer.access$000(JUnitPlatformTestDefinitionProcessor.java:122)\n\tat org.gradle.api.internal.tasks.testing.junitplatform.JUnitPlatformTestDefinitionProcessor.stop(JUnitPlatformTestDefinitionProcessor.java:116)\n\tat org.gradle.api.internal.tasks.testing.SuiteTestDefinitionProcessor.stop(SuiteTestDefinitionProcessor.java:63)\n\tat java.base/jdk.internal.reflect.DirectMethodHandleAccessor.invoke(DirectMethodHandleAccessor.java:103)\n\tat java.base/java.lang.reflect.Method.invoke(Method.java:580)\n\tat org.gradle.internal.dispatch.MethodInvocation.invokeOn(MethodInvocation.java:77)\n\tat org.gradle.internal.dispatch.ReflectionDispatch.dispatch(ReflectionDispatch.java:28)\n\tat org.gradle.internal.dispatch.ReflectionDispatch.dispatch(ReflectionDispatch.java:19)\n\tat org.gradle.internal.dispatch.ContextClassLoaderDispatch.dispatch(ContextClassLoaderDispatch.java:33)\n\tat org.gradle.internal.dispatch.ProxyDispatchAdapter$DispatchingInvocationHandler.invoke(ProxyDispatchAdapter.java:88)\n\tat jdk.proxy1/jdk.proxy1.$Proxy4.stop(Unknown Source)\n\tat org.gradle.api.internal.tasks.testing.worker.TestWorker$3.run(TestWorker.java:195)\n\tat org.gradle.api.internal.tasks.testing.worker.TestWorker.executeAndMaintainThreadName(TestWorker.java:126)\n\tat org.gradle.api.internal.tasks.testing.worker.TestWorker.execute(TestWorker.java:103)\n\tat org.gradle.api.internal.tasks.testing.worker.TestWorker.execute(TestWorker.java:63)\n\tat org.gradle.process.internal.worker.child.ActionExecutionWorker.execute(ActionExecutionWorker.java:56)\n\tat org.gradle.process.internal.worker.child.SystemApplicationClassLoaderWorker.call(SystemApplicationClassLoaderWorker.java:122)\n\tat org.gradle.process.internal.worker.child.SystemApplicationClassLoaderWorker.call(SystemApplicationClassLoaderWorker.java:72)\n\tat worker.org.gradle.process.internal.worker.GradleWorkerMain.run(GradleWorkerMain.java:69)\n\tat worker.org.gradle.process.internal.worker.GradleWorkerMain.main(GradleWorkerMain.java:74)\n","sagaId":"d11f768b-92bc-4da1-8870-51a19e646936"}
{"@timestamp":"2026-10-09T11:43:37.653808399-03:00","@version":"1","message":"join barrier satisfied","logger_name":"run.trama.saga.workflow.WorkflowExecutor","thread_name":"Test worker @coroutine#9200","level":"INFO","level_value":20000,"traceId":"00000000000000000000000000000000","spanId":"0000000000000000","sagaId":"d11f768b-92bc-4da1-8870-51a19e646936","splitNodeId":"fan-out","joinNodeId":"fan-in","allSucceeded":true}
{"@timestamp":"2026-10-09T11:43:37.656452057-03:00","@version":"1","message":"saga split","logger_name":"run.trama.saga.workflow.WorkflowExecutor","thread_name":"Test worker @coroutine#9203","level":"INFO","level_value":20000,"traceId":"00000000000000000000000000000000","spanId":"0000000000000000","sagaId":"d5de46d6-0965-4201-be2b-d41fbfb7f6f3","nodeId":"fan-out","branchCount":2}
{"@timestamp":"2026-10-09T11:43:37.656814568-03:00","@version":"1","message":"saga split","logger_name":"run.trama.saga.workflow.WorkflowExecutor","thread_name":"Test worker @coroutine#9203","level":"INFO","level_value":20000,"traceId":"00000000000000000000000000000000","spanId":"0000000000000000","sagaId":"d5de46d6-0965-4201-be2b-d41fbfb7f6f3","nodeId":"fan-out","branchCount":2}
{"@timestamp":"2026-10-09T11:43:37.65941841-03:00","@version":"1","message":"saga split","logger_name":"run.trama.saga.workflow.WorkflowExecutor","thread_name":"Test worker @coroutine#9204","level":"INFO","level_value":20000,"traceId":"00000000000000000000000000000000","spanId":"0000000000000000","sagaId":"23a36561-9fb3-408d-837b-31a34f63318b","nodeId":"fan-out","branchCount":2}
{"@timestamp":"2026-10-09T11:43:37.660846001-03:00","@version":"1","message":"saga finished","logger_name":"run.trama.saga.workflow.WorkflowExecutor","thread_name":"Test worker @coroutine#9204","level":"INFO","level_value":20000,"traceId":"00000000000000000000000000000000","spanId":"0000000000000000","sagaId":"1dcc413c-f900-31b1-a206-bf6f0f034d4c","sagaName":"redelivery-before-sibling-test","status":"SUCCEEDED","durationMs":1}
{"@timestamp":"2026-10-09T11:43:37.661745274-03:00","@version":"1","message":"saga finished","logger_name":"run.trama.saga.workflow.WorkflowExecutor","thread_name":"Test worker @coroutine#9204","level":"INFO","level_value":20000,"traceId":"00000000000000000000000000000000","spanId":"0000000000000000","sagaId":"1dcc413c-f900-31b1-a206-bf6f0f034d4c","sagaName":"redelivery-before-sibling-test","status":"SUCCEEDED","durationMs":2}
{"@timestamp":"2026-10-09T11:43:37.662590275-03:00","@version":"1","message":"saga finished","logger_name":"run.trama.saga.workflow.WorkflowExecutor","thread_name":"Test worker @coroutine#9204","level":"INFO","level_value":20000,"traceId":"00000000000000000000000000000000","spanId":"0000000000000000","sagaId":"605d23a1-f2a5-3976-b3aa-01c622cfa964","sagaName":"redelivery-before-sibling-test","status":"SUCCEEDED","durationMs":3}
{"@timestamp":"2026-10-09T11:43:37.662827397-03:00","@version":"1","message":"join barrier satisfied","logger_name":"run.trama.saga.workflow.WorkflowExecutor","thread_name":"Test worker @coroutine#9204","level":"INFO","level_value":20000,"traceId":"00000000000000000000000000000000","spanId":"0000000000000000","sagaId":"23a36561-9fb3-408d-837b-31a34f63318b","splitNodeId":"fan-out","joinNodeId":"fan-in","allSucceeded":true}
{"@timestamp":"2026-10-09T11:43:37.665175873-03:00","@version":"1","message":"saga split","logger_name":"run.trama.saga.workflow.WorkflowExecutor","thread_name":"Test worker @coroutine#9208","level":"INFO","level_value":20000,"traceId":"00000000000000000000000000000000","spanId":"0000000000000000","sagaId":"ec03cccb-63ff-4eaf-801b-01c85acf08b3","nodeId":"fan-out","branchCount":2}
{"@timestamp":"2026-10-09T11:43:37.66681145-03:00","@version":"1","message":"saga finished","logger_name":"run.trama.saga.workflow.WorkflowExecutor","thread_name":"Test worker @coroutine#9208","level":"INFO","level_value":20000,"traceId":"00000000000000000000000000000000","spanId":"0000000000000000","sagaId":"83684704-2b69-324d-8f78-a80c57b42180","sagaName":"resume-test","status":"SUCCEEDED","durationMs":1}
{"@timestamp":"2026-10-09T11:43:37.668558259-03:00","@version":"1","message":"saga finished","logger_name":"run.trama.saga.workflow.WorkflowExecutor","thread_name":"Test worker @coroutine#9208","level":"INFO","level_value":20000,"traceId":"00000000000000000000000000000000","spanId":"0000000000000000","sagaId":"45b33139-0531-3797-96b1-62eaae906e7d","sagaName":"resume-test","status":"SUCCEEDED","durationMs":3}
{"@timestamp":"2026-10-09T11:43:37.668928484-03:00","@version":"1","message":"join barrier satisfied","logger_name":"run.trama.saga.workflow.WorkflowExecutor","thread_name":"Test worker @coroutine#9208","level":"INFO","level_value":20000,"traceId":"00000000000000000000000000000000","spanId":"0000000000000000","sagaId":"ec03cccb-63ff-4eaf-801b-01c85acf08b3","splitNodeId":"fan-out","joinNodeId":"fan-in","allSucceeded":true}
{"@timestamp":"2026-10-09T11:43:37.671486309-03:00","@version":"1","message":"saga split","logger_name":"run.trama.saga.workflow.WorkflowExecutor","thread_name":"Test worker @coroutine#9211","level":"INFO","level_value":20000,"traceId":"00000000000000000000000000000000","spanId":"0000000000000000","sagaId":"99257b0d-2ed1-42e3-9478-76ec0dd472b3","nodeId":"fan-out","branchCount":2}
{"@timestamp":"2026-10-09T11:43:37.67283542-03:00","@version":"1","message":"saga finished","logger_name":"run.trama.saga.workflow.WorkflowExecutor","thread_name":"Test worker @coroutine#9211","level":"INFO","level_value":20000,"traceId":"00000000000000000000000000000000","spanId":"0000000000000000","sagaId":"bef684ee-9873-3a22-98d4-970756020c22","sagaName":"commit-failure-test","status":"SUCCEEDED","durationMs":1}
{"@timestamp":"2026-10-09T11:43:37.67370123-03:00","@version":"1","message":"saga finished","logger_name":"run.trama.saga.workflow.WorkflowExecutor","thread_name":"Test worker @coroutine#9211","level":"INFO","level_value":20000,"traceId":"00000000000000000000000000000000","spanId":"0000000000000000","sagaId":"e5096597-be7b-3a84-b3ac-897ec68db777","sagaName":"commit-failure-test","status":"SUCCEEDED","durationMs":2}
{"@timestamp":"2026-10-09T11:43:37.673939013-03:00","@version":"1","message":"join barrier satisfied","logger_name":"run.trama.saga.workflow.WorkflowExecutor","thread_name":"Test worker @coroutine#9211","level":"INFO","level_value":20000,"traceId":"00000000000000000000000000000000","spanId":"0000000000000000","sagaId":"99257b0d-2ed1-42e3-9478-76ec0dd472b3","splitNodeId":"fan-out","joinNodeId":"fan-in","allSucceeded":true}
{"@timestamp":"2026-10-09T11:43:37.692275649-03:00","@version":"1","message":"node completed","logger_name":"run.trama.saga.workflow.TaskNodeHandler","thread_name":"Test worker @coroutine#9218","level":"INFO","level_value":20000,"traceId":"00000000000000000000000000000000","spanId":"0000000000000000","sagaId":"2a123dc4-0bba-4699-87d0-a2c3d8f55439","nodeId":"a","phase":"UP","status":200}
{"@timestamp":"2026-10-09T11:43:37.695121963-03:00","@version":"1","message":"node completed","logger_name":"run.trama.saga.workflow.TaskNodeHandler","thread_name":"Test worker @coroutine#9220","level":"INFO","level_value":20000,"traceId":"00000000000000000000000000000000","spanId":"0000000000000000","sagaId":"53eedb02-f515-4dac-aec3-811736cc0721","nodeId":"a","phase":"UP","status":409}
{"@timestamp":"2026-10-09T11:43:37.71334907-03:00","@version":"1","message":"node failed","logger_name":"run.trama.saga.workflow.TaskNodeHandler","thread_name":"Test worker @coroutine#9230","level":"WARN","level_value":30000,"traceId":"00000000000000000000000000000000","spanId":"0000000000000000","sagaId":"2df43e24-ad2a-4694-9123-97e1e0e69b67","nodeId":"a","phase":"UP","error":"connection refused"}
{"@timestamp":"2026-10-09T11:43:37.722858974-03:00","@version":"1","message":"node completed","logger_name":"run.trama.saga.workflow.TaskNodeHandler","thread_name":"Test worker @coroutine#9235","level":"INFO","level_value":20000,"traceId":"00000000000000000000000000000000","spanId":"0000000000000000","sagaId":"3ec9bae8-21ab-4953-9c1f-bd66b0f1c457","nodeId":"a","phase":"UP","status":201}
{"@timestamp":"2026-10-09T11:43:37.739481403-03:00","@version":"1","message":"saga sleeping","logger_name":"run.trama.saga.workflow.WorkflowExecutor","thread_name":"Test worker @coroutine#9240","level":"INFO","level_value":20000,"traceId":"00000000000000000000000000000000","spanId":"0000000000000000","sagaId":"31879a7e-634f-4195-bf0f-abe5d61bcdd8","nodeId":"nap","wakeAt":"2026-10-09T14:43:42.739390018Z","delayMillis":1000}
{"@timestamp":"2026-10-09T11:43:37.741354242-03:00","@version":"1","message":"stale sleeping queue item discarded (already woken)","logger_name":"run.trama.saga.workflow.WorkflowExecutor","thread_name":"Test worker @coroutine#9242","level":"INFO","level_value":20000,"traceId":"00000000000000000000000000000000","spanId":"0000000000000000","sagaId":"adfe8ba7-0b31-47d9-a3df-46b4f6581da6","sagaId":"adfe8ba7-0b31-47d9-a3df-46b4f6581da6"}
{"@timestamp":"2026-10-09T11:43:37.742751033-03:00","@version":"1","message":"saga waking up","logger_name":"run.trama.saga.workflow.WorkflowExecutor","thread_name":"Test worker @coroutine#9243","level":"INFO","level_value":20000,"traceId":"00000000000000000000000000000000","spanId":"0000000000000000","sagaId":"04b35ae0-00b8-4d29-ae34-1cec2e965f01","nextNodeId":null}
{"@timestamp":"2026-10-09T11:43:37.742897663-03:00","@version":"1","message":"saga finished","logger_name":"run.trama.saga.workflow.WorkflowExecutor","thread_name":"Test worker @coroutine#9243","level":"INFO","level_value":20000,"traceId":"00000000000000000000000000000000","spanId":"0000000000000000","sagaId":"04b35ae0-00b8-4d29-ae34-1cec2e965f01","sagaName":"behav-5d697a1d-a641-4508-93bd-95e959de0a3e","status":"SUCCEEDED","durationMs":0}
{"@timestamp":"2026-10-09T11:43:37.744306989-03:00","@version":"1","message":"saga waking up","logger_name":"run.trama.saga.workflow.WorkflowExecutor","thread_name":"Test worker @coroutine#9244","level":"INFO","level_value":20000,"traceId":"00000000000000000000000000000000","spanId":"0000000000000000","sagaId":"2a26f947-51b5-4701-af97-0a39ed4efb94","nextNodeId":"b"}
{"@timestamp":"2026-10-09T11:43:37.745602187-03:00","@version":"1","message":"saga finished","logger_name":"run.trama.saga.workflow.WorkflowExecutor","thread_name":"Test worker @coroutine#9244","level":"INFO","level_value":20000,"traceId":"00000000000000000000000000000000","spanId":"0000000000000000","sagaId":"2a26f947-51b5-4701-af97-0a39ed4efb94","sagaName":"behav-52944a5d-02a7-483d-a255-4438b0057cca","status":"SUCCEEDED","durationMs":1}
{"@timestamp":"2026-10-09T11:43:37.749508261-03:00","@version":"1","message":"saga finished","logger_name":"run.trama.saga.workflow.WorkflowExecutor","thread_name":"Test worker @coroutine#9246","level":"INFO","level_value":20000,"traceId":"00000000000000000000000000000000","spanId":"0000000000000000","sagaId":"b6948130-1fb9-4b56-a698-479970d04418","sagaName":"behav-924b79f1-a395-4f9b-83ae-aa1dc70301c4","status":"SUCCEEDED","durationMs":2}
{"@timestamp":"2026-10-09T11:43:37.753546047-03:00","@version":"1","message":"node completed","logger_name":"run.trama.saga.workflow.TaskNodeHandler","thread_name":"Test worker @coroutine#9249","level":"INFO","level_value":20000,"traceId":"00000000000000000000000000000000","spanId":"0000000000000000","sagaId":"c7cc3126-093c-4d33-b987-fc6a0ec3e352","nodeId":"b","phase":"UP","status":500}
{"@timestamp":"2026-10-09T11:43:37.753727773-03:00","@version":"1","message":"compensation scheduled","logger_name":"run.trama.saga.workflow.WorkflowExecutor","thread_name":"Test worker @coroutine#9249","level":"INFO","level_value":20000,"traceId":"00000000000000000000000000000000","spanId":"0000000000000000","sagaId":"c7cc3126-093c-4d33-b987-fc6a0ec3e352","failedNodeId":"b"}
{"@timestamp":"2026-10-09T11:43:37.754701048-03:00","@version":"1","message":"saga finished","logger_name":"run.trama.saga.workflow.WorkflowExecutor","thread_name":"Test worker @coroutine#9249","level":"INFO","level_value":20000,"traceId":"00000000000000000000000000000000","spanId":"0000000000000000","sagaId":"c7cc3126-093c-4d33-b987-fc6a0ec3e352","sagaName":"behav-024c8ad2-5106-43c9-b942-2a93739b4808","status":"FAILED","durationMs":2}
{"@timestamp":"2026-10-09T11:43:37.75671707-03:00","@version":"1","message":"saga waking up","logger_name":"run.trama.saga.workflow.WorkflowExecutor","thread_name":"Test worker @coroutine#9254","level":"INFO","level_value":20000,"traceId":"00000000000000000000000000000000","spanId":"0000000000000000","sagaId":"1c4ef960-48b7-4238-834c-09916148dbe4","nextNodeId":null}
{"@timestamp":"2026-10-09T11:43:37.756887855-03:00","@version":"1","message":"saga finished","logger_name":"run.trama.saga.workflow.WorkflowExecutor","thread_name":"Test worker @coroutine#9254","level":"INFO","level_value":20000,"traceId":"00000000000000000000000000000000","spanId":"0000000000000000","sagaId":"1c4ef960-48b7-4238-834c-09916148dbe4","sagaName":"behav-19641a90-6484-4852-96c4-a2f865e1ac9a","status":"SUCCEEDED","durationMs":0}
{"@timestamp":"2026-10-09T11:43:37.760462838-03:00","@version":"1","message":"node completed","logger_name":"run.trama.saga.workflow.TaskNodeHandler","thread_name":"Test worker @coroutine#9255","level":"INFO","level_value":20000,"traceId":"00000000000000000000000000000000","spanId":"0000000000000000","sagaId":"3712b54a-0a5d-4c1d-8b9f-996369822238","nodeId":"b","phase":"UP","status":500}
{"@timestamp":"2026-10-09T11:43:37.760654474-03:00","@version":"1","message":"compensation scheduled","logger_name":"run.trama.saga.workflow.WorkflowExecutor","thread_name":"Test worker @coroutine#9255","level":"INFO","level_value":20000,"traceId":"00000000000000000000000000000000","spanId":"0000000000000000","sagaId":"3712b54a-0a5d-4c1d-8b9f-996369822238","failedNodeId":"b"}
{"@timestamp":"2026-10-09T11:43:37.761202167-03:00","@version":"1","message":"node completed","logger_name":"run.trama.saga.workflow.TaskNodeHandler","thread_name":"Test worker @coroutine#9255","level":"INFO","level_value":20000,"traceId":"00000000000000000000000000000000","spanId":"0000000000000000","sagaId":"3712b54a-0a5d-4c1d-8b9f-996369822238","nodeId":"a","phase":"DOWN","status":500}
{"@timestamp":"2026-10-09T11:43:37.761299793-03:00","@version":"1","message":"saga finished","logger_name":"run.trama.saga.workflow.WorkflowExecutor","thread_name":"Test worker @coroutine#9255","level":"INFO","level_value":20000,"traceId":"00000000000000000000000000000000","spanId":"0000000000000000","sagaId":"3712b54a-0a5d-4c1d-8b9f-996369822238","sagaName":"behav-bd2e9fe0-47d7-4082-aa45-494634bb8db8","status":"CORRUPTED","durationMs":2}
{"@timestamp":"2026-10-09T11:43:37.765459982-03:00","@version":"1","message":"node completed","logger_name":"run.trama.saga.workflow.TaskNodeHandler","thread_name":"Test worker @coroutine#9259","level":"INFO","level_value":20000,"traceId":"00000000000000000000000000000000","spanId":"0000000000000000","sagaId":"ff46cee5-6a02-4289-9972-833131edf7e2","nodeId":"d","phase":"UP","status":500}
{"@timestamp":"2026-10-09T11:43:37.765620137-03:00","@version":"1","message":"compensation scheduled","logger_name":"run.trama.saga.workflow.WorkflowExecutor","thread_name":"Test worker @coroutine#9259","level":"INFO","level_value":20000,"traceId":"00000000000000000000000000000000","spanId":"0000000000000000","sagaId":"ff46cee5-6a02-4289-9972-833131edf7e2","failedNodeId":"d"}
{"@timestamp":"2026-10-09T11:43:37.766481639-03:00","@version":"1","message":"saga finished","logger_name":"run.trama.saga.workflow.WorkflowExecutor","thread_name":"Test worker @coroutine#9259","level":"INFO","level_value":20000,"traceId":"00000000000000000000000000000000","spanId":"0000000000000000","sagaId":"ff46cee5-6a02-4289-9972-833131edf7e2","sagaName":"behav-95ad388f-7b18-44d6-8932-26fbe44fa43d","status":"FAILED","durationMs":3}
{"@timestamp":"2026-10-09T11:43:37.769926404-03:00","@version":"1","message":"success callback failed","logger_name":"run.trama.saga.workflow.WorkflowExecutor","thread_name":"Test worker @coroutine#9266","level":"WARN","level_value":30000,"traceId":"00000000000000000000000000000000","spanId":"0000000000000000","sagaId":"a4af08d3-e0ff-483d-83ff-bce4ddaf7f5d","warning":"success callback failed: node=onSuccessCallback status=500"}
{"@timestamp":"2026-10-09T11:43:37.770054358-03:00","@version":"1","message":"saga finished","logger_name":"run.trama.saga.workflow.WorkflowExecutor","thread_name":"Test worker @coroutine#9266","level":"INFO","level_value":20000,"traceId":"00000000000000000000000000000000","spanId":"0000000000000000","sagaId":"a4af08d3-e0ff-483d-83ff-bce4ddaf7f5d","sagaName":"behav-0a77f285-83a3-4605-ad64-a022e56778ac","status":"SUCCEEDED","durationMs":1}
{"@timestamp":"2026-10-09T11:43:37.772145894-03:00","@version":"1","message":"stale sleeping queue item discarded (already woken)","logger_name":"run.trama.saga.workflow.WorkflowExecutor","thread_name":"Test worker @coroutine#9269","level":"INFO","level_value":20000,"traceId":"00000000000000000000000000000000","spanId":"0000000000000000","sagaId":"1bf22c6d-2d64-4711-90eb-c303714c99be","sagaId":"1bf22c6d-2d64-4711-90eb-c303714c99be"}
{"@timestamp":"2026-10-09T11:43:37.775804496-03:00","@version":"1","message":"node completed","logger_name":"run.trama.saga.workflow.TaskNodeHandler","thread_name":"Test worker @coroutine#9270","level":"INFO","level_value":20000,"traceId":"00000000000000000000000000000000","spanId":"0000000000000000","sagaId":"6a8464aa-4a67-4810-a677-c4495faba090","nodeId":"c","phase":"UP","status":500}
{"@timestamp":"2026-10-09T11:43:37.775966665-03:00","@version":"1","message":"compensation scheduled","logger_name":"run.trama.saga.workflow.WorkflowExecutor","thread_name":"Test worker @coroutine#9270","level":"INFO","level_value":20000,"traceId":"00000000000000000000000000000000","spanId":"0000000000000000","sagaId":"6a8464aa-4a67-4810-a677-c4495faba090","failedNodeId":"c"}
{"@timestamp":"2026-10-09T11:43:37.776796557-03:00","@version":"1","message":"saga finished","logger_name":"run.trama.saga.workflow.WorkflowExecutor","thread_name":"Test worker @coroutine#9270","level":"INFO","level_value":20000,"traceId":"00000000000000000000000000000000","spanId":"0000000000000000","sagaId":"6a8464aa-4a67-4810-a677-c4495faba090","sagaName":"behav-cbaf758f-4ccb-4e4b-92b8-821f6ba0fb06","status":"FAILED","durationMs":2}
{"@timestamp":"2026-10-09T11:43:37.780673636-03:00","@version":"1","message":"success callback failed","logger_name":"run.trama.saga.workflow.WorkflowExecutor","thread_name":"Test worker @coroutine#9276","level":"WARN","level_value":30000,"traceId":"00000000000000000000000000000000","spanId":"0000000000000000","sagaId":"2a016e04-d577-4e1e-a151-3a3a7244220f","warning":"success callback failed: node=onSuccessCallback status=refused"}
{"@timestamp":"2026-10-09T11:43:37.780816378-03:00","@version":"1","message":"saga finished","logger_name":"run.trama.saga.workflow.WorkflowExecutor","thread_name":"Test worker @coroutine#9276","level":"INFO","level_value":20000,"traceId":"00000000000000000000000000000000","spanId":"0000000000000000","sagaId":"2a016e04-d577-4e1e-a151-3a3a7244220f","sagaName":"behav-683d9a14-f707-4dbb-8d92-bbad12a5d63a","status":"SUCCEEDED","durationMs":1}
{"@timestamp":"2026-10-09T11:43:37.784707874-03:00","@version":"1","message":"saga finished","logger_name":"run.trama.saga.workflow.WorkflowExecutor","thread_name":"Test worker @coroutine#9279","level":"INFO","level_value":20000,"traceId":"00000000000000000000000000000000","spanId":"0000000000000000","sagaId":"6ae10839-cd2c-43bb-8037-8e9c4cdb6ef8","sagaName":"behav-0c68ae3d-1861-4291-8b11-251ff3425ab6","status":"SUCCEEDED","durationMs":2}
{"@timestamp":"2026-10-09T11:43:37.786847842-03:00","@version":"1","message":"saga sleeping","logger_name":"run.trama.saga.workflow.WorkflowExecutor","thread_name":"Test worker @coroutine#9282","level":"INFO","level_value":20000,"traceId":"00000000000000000000000000000000","spanId":"0000000000000000","sagaId":"2e49e80a-4926-4125-b614-15b5a935b7a3","nodeId":"nap","wakeAt":"2026-10-09T14:43:38.086711512Z","delayMillis":300}
{"@timestamp":"2026-10-09T11:43:37.789432999-03:00","@version":"1","message":"node completed","logger_name":"run.trama.saga.workflow.TaskNodeHandler","thread_name":"Test worker @coroutine#9283","level":"INFO","level_value":20000,"traceId":"00000000000000000000000000000000","spanId":"0000000000000000","sagaId":"efc5ed64-c27b-4b1d-87cc-aefc7c369bab","nodeId":"b","phase":"UP","status":500}
{"@timestamp":"2026-10-09T11:43:37.78958538-03:00","@version":"1","message":"retry scheduled","logger_name":"run.trama.saga.workflow.WorkflowExecutor","thread_name":"Test worker @coroutine#9283","level":"INFO","level_value":20000,"traceId":"00000000000000000000000000000000","spanId":"0000000000000000","sagaId":"efc5ed64-c27b-4b1d-87cc-aefc7c369bab","delayMillis":5,"attempt":1}
{"@timestamp":"2026-10-09T11:43:37.789955926-03:00","@version":"1","message":"node completed","logger_name":"run.trama.saga.workflow.TaskNodeHandler","thread_name":"Test worker @coroutine#9283","level":"INFO","level_value":20000,"traceId":"00000000000000000000000000000000","spanId":"0000000000000000","sagaId":"efc5ed64-c27b-4b1d-87cc-aefc7c369bab","nodeId":"b","phase":"UP","status":500}
{"@timestamp":"2026-10-09T11:43:37.79002118-03:00","@version":"1","message":"compensation scheduled","logger_name":"run.trama.saga.workflow.WorkflowExecutor","thread_name":"Test worker @coroutine#9283","level":"INFO","level_value":20000,"traceId":"00000000000000000000000000000000","spanId":"0000000000000000","sagaId":"efc5ed64-c27b-4b1d-87cc-aefc7c369bab","failedNodeId":"b"}
{"@timestamp":"2026-10-09T11:43:37.79030428-03:00","@version":"1","message":"node completed","logger_name":"run.trama.saga.workflow.TaskNodeHandler","thread_name":"Test worker @coroutine#9283","level":"INFO","level_value":20000,"traceId":"00000000000000000000000000000000","spanId":"0000000000000000","sagaId":"efc5ed64-c27b-4b1d-87cc-aefc7c369bab","nodeId":"a","phase":"DOWN","status":500}
{"@timestamp":"2026-10-09T11:43:37.790362531-03:00","@version":"1","message":"compensation retry scheduled","logger_name":"run.trama.saga.workflow.WorkflowExecutor","thread_name":"Test worker @coroutine#9283","level":"INFO","level_value":20000,"traceId":"00000000000000000000000000000000","spanId":"0000000000000000","sagaId":"efc5ed64-c27b-4b1d-87cc-aefc7c369bab","nodeId":"a"}
{"@timestamp":"2026-10-09T11:43:37.790617106-03:00","@version":"1","message":"node completed","logger_name":"run.trama.saga.workflow.TaskNodeHandler","thread_name":"Test worker @coroutine#9283","level":"INFO","level_value":20000,"traceId":"00000000000000000000000000000000","spanId":"0000000000000000","sagaId":"efc5ed64-c27b-4b1d-87cc-aefc7c369bab","nodeId":"a","phase":"DOWN","status":500}
{"@timestamp":"2026-10-09T11:43:37.790709682-03:00","@version":"1","message":"saga finished","logger_name":"run.trama.saga.workflow.WorkflowExecutor","thread_name":"Test worker @coroutine#9283","level":"INFO","level_value":20000,"traceId":"00000000000000000000000000000000","spanId":"0000000000000000","sagaId":"efc5ed64-c27b-4b1d-87cc-aefc7c369bab","sagaName":"behav-8ca9f463-8034-42eb-a959-758f90323b38","status":"CORRUPTED","durationMs":2}
{"@timestamp":"2026-10-09T11:43:37.793410119-03:00","@version":"1","message":"switch evaluated","logger_name":"run.trama.saga.workflow.WorkflowExecutor","thread_name":"Test worker @coroutine#9289","level":"INFO","level_value":20000,"traceId":"00000000000000000000000000000000","spanId":"0000000000000000","sagaId":"a1d7dd48-a5ad-488d-8740-26cf6ba4b1fe","nodeId":"route","target":"nap","matchedCase":"c","usedDefault":false}
{"@timestamp":"2026-10-09T11:43:37.79364689-03:00","@version":"1","message":"saga sleeping","logger_name":"run.trama.saga.workflow.WorkflowExecutor","thread_name":"Test worker @coroutine#9289","level":"INFO","level_value":20000,"traceId":"00000000000000000000000000000000","spanId":"0000000000000000","sagaId":"a1d7dd48-a5ad-488d-8740-26cf6ba4b1fe","nodeId":"nap","wakeAt":"2026-10-09T14:44:37.793567498Z","delayMillis":60000}
{"@timestamp":"2026-10-09T11:43:37.797519861-03:00","@version":"1","message":"saga finished","logger_name":"run.trama.saga.workflow.WorkflowExecutor","thread_name":"Test worker @coroutine#9291","level":"INFO","level_value":20000,"traceId":"00000000000000000000000000000000","spanId":"0000000000000000","sagaId":"60437be4-ecc2-4e3c-8d44-2d4f9fd14fcd","sagaName":"behav-cc91a061-4e0f-4519-9ce5-2f83745771e3","status":"SUCCEEDED","durationMs":0}
{"@timestamp":"2026-10-09T11:43:37.800193586-03:00","@version":"1","message":"node completed","logger_name":"run.trama.saga.workflow.TaskNodeHandler","thread_name":"Test worker @coroutine#9293","level":"INFO","level_value":20000,"traceId":"00000000000000000000000000000000","spanId":"0000000000000000","sagaId":"3037768b-3769-42a5-8cd1-97f3163e17a7","nodeId":"a","phase":"UP","status":500}
{"@timestamp":"2026-10-09T11:43:37.800498047-03:00","@version":"1","message":"retry scheduled","logger_name":"run.trama.saga.workflow.WorkflowExecutor","thread_name":"Test worker @coroutine#9293","level":"INFO","level_value":20000,"traceId":"00000000000000000000000000000000","spanId":"0000000000000000","sagaId":"3037768b-3769-42a5-8cd1-97f3163e17a7","delayMillis":60000,"attempt":1}
{"@timestamp":"2026-10-09T11:43:37.803515447-03:00","@version":"1","message":"saga still sleeping, re-enqueued","logger_name":"run.trama.saga.workflow.WorkflowExecutor","thread_name":"Test worker @coroutine#9295","level":"INFO","level_value":20000,"traceId":"00000000000000000000000000000000","spanId":"0000000000000000","sagaId":"1ab2aefa-5bec-4978-86e7-6bdf8eae0940","wakeAt":"2026-10-09T14:44:37.802067718Z","delayMillis":10000}
{"@timestamp":"2026-10-09T11:43:37.806157763-03:00","@version":"1","message":"success callback failed","logger_name":"run.trama.saga.workflow.WorkflowExecutor","thread_name":"Test worker @coroutine#9296","level":"WARN","level_value":30000,"traceId":"00000000000000000000000000000000","spanId":"0000000000000000","sagaId":"d349e5fd-38d4-4a1a-894a-073bea2c807a","warning":"success callback failed: node=onSuccessCallback status=JSON body $.value: reference 'payload.missing' is missing key 'missing'"}
{"@timestamp":"2026-10-09T11:43:37.806282631-03:00","@version":"1","message":"saga finished","logger_name":"run.trama.saga.workflow.WorkflowExecutor","thread_name":"Test worker @coroutine#9296","level":"INFO","level_value":20000,"traceId":"00000000000000000000000000000000","spanId":"0000000000000000","sagaId":"d349e5fd-38d4-4a1a-894a-073bea2c807a","sagaName":"behav-2b1243c7-7c1b-4a24-b16a-8e408cfb247a","status":"SUCCEEDED","durationMs":1}
{"@timestamp":"2026-10-09T11:43:37.833254894-03:00","@version":"1","message":"Recoverable I/O exception (java.io.IOException) caught when processing request to {}->unix://localhost:2375","logger_name":"com.github.dockerjava.zerodep.shaded.org.apache.hc.client5.http.impl.classic.HttpRequestRetryExec","thread_name":"Thread-3","level":"INFO","level_value":20000}
{"@timestamp":"2026-10-09T11:43:37.836587415-03:00","@version":"1","message":"saga-db-pool - Shutdown initiated...","logger_name":"com.zaxxer.hikari.HikariDataSource","thread_name":"KtorShutdownHook","level":"INFO","level_value":20000}
{"@timestamp":"2026-10-09T11:43:37.837406666-03:00","@version":"1","message":"saga-db-pool - Shutdown completed.","logger_name":"com.zaxxer.hikari.HikariDataSource","thread_name":"KtorShutdownHook","level":"INFO","level_value":20000}

> Task :test

338 tests completed, 1 failed

> Task :test FAILED

[Incubating] Problems report is available at: file:///home/thiago/Documents/projects/trama-typed-json/build/reports/problems/problems-report.html

FAILURE: Build failed with an exception.

* What went wrong:
Execution failed for task ':test'.
> There were failing tests. See the report at: file:///home/thiago/Documents/projects/trama-typed-json/build/reports/tests/test/index.html

* Try:
> Run with --scan to get full insights from a Build Scan (powered by Develocity).

Deprecated Gradle features were used in this build, making it incompatible with Gradle 10.

You can use '--warning-mode all' to show the individual deprecation warnings and determine if they come from your own scripts or plugins.

For more on this, please refer to https://docs.gradle.org/9.6.1/userguide/command_line_interface.html#sec:command_line_warnings in the Gradle documentation.

BUILD FAILED in 1m 10s
7 actionable tasks: 7 executed
